#ee7f5f,#ee7f5f,#ee7f5f,#ee7f5f,#ee7f5f,#ee7f5f,#ee7f5f,#ee7f5f,#ee7f5f,#ee7f5f,#ee7f5f,#ee7f5f,#ee7f5f,#ee7f5f,#ee7f5f,#ee7f5f,#ee7f5f,#ee7f5f,#ee7f5f,#ee7f5f,#ee7f5f,#ee7f5f,#ee7f5f,#ee7f5f,#ee7f5f,#ee7f5f,#ee7f5f,#ee7f5f,#ee7f5f,#ee7f5f,#ee7f5f,#ee7f5f,#ee7f5f,#ee7f5f,#ee7f5f,#ee7f5f,#ee7f5f,#ee7f5f,#ee7f5f,#ee7f5f,#ee7f5f,#ee7f5f,#ee7f5f,#ee7f5f,#ee7f5f,#ee7f5f,#ee7f5f,#ee7f5f,#ee7f5f,#ee7f5f,#ee7f5f,#ee7f5f,#ee7f5f,#ee7f5f,#ee7f5f,#ee7f5f,#ee7f5f,#ee7f5f,#ee7f5f,#ee7f5f,#ee7f5f,#ee7f5f,#ee7f5f,#ee7f5f
#ee7f5f,#120709,#120709,#120709,#120709,#120709,#120709,#120709,#120709,#120709,#120709,#120709,#120709,#120709,#120709,#120709,#120709,#120709,#120709,#120709,#120709,#1c0a0e,#1c0a0e,#1c0a0e,#1c0a0e,#1c0a0e,#1c0a0e,#1c0a0e,#1c0a0e,#1c0a0e,#1c0a0e,#1c0a0e,#1c0a0e,#1c0a0e,#1c0a0e,#1c0a0e,#1c0a0e,#1c0a0e,#1c0a0e,#120709,#120709,#120709,#120709,#120709,#120709,#1c0a0e,#120709,#120709,#120709,#120709,#120709,#120709,#120709,#120709,#120709,#120709,#120709,#120709,#120709,#1c0a0e,#1c0a0e,#1c0a0e,#1c0a0e,#802e17
#ee7f5f,#120709,#120709,#120709,#120709,#120709,#120709,#120709,#120709,#120709,#120709,#120709,#120709,#120709,#120709,#120709,#120709,#120709,#120709,#120709,#1c0a0e,#1c0a0e,#280d10,#1c0a0e,#1c0a0e,#1c0a0e,#280d10,#1c0a0e,#1c0a0e,#1c0a0e,#280d10,#1c0a0e,#1c0a0e,#1c0a0e,#280d10,#1c0a0e,#1c0a0e,#1c0a0e,#280d10,#120709,#120709,#120709,#120709,#120709,#120709,#1c0a0e,#280d10,#120709,#120709,#120709,#120709,#120709,#120709,#120709,#120709,#120709,#120709,#120709,#280d10,#1c0a0e,#1c0a0e,#1c0a0e,#280d10,#802e17
#ee7f5f,#120709,#120709,#120709,#120709,#120709,#120709,#120709,#120709,#120709,#120709,#120709,#120709,#120709,#120709,#120709,#120709,#120709,#120709,#120709,#1c0a0e,#1c0a0e,#1c0a0e,#1c0a0e,#1c0a0e,#1c0a0e,#1c0a0e,#1c0a0e,#1c0a0e,#1c0a0e,#1c0a0e,#1c0a0e,#1c0a0e,#1c0a0e,#1c0a0e,#1c0a0e,#1c0a0e,#1c0a0e,#1c0a0e,#120709,#120709,#120709,#120709,#120709,#120709,#1c0a0e,#1c0a0e,#1c0a0e,#120709,#120709,#120709,#120709,#120709,#120709,#120709,#120709,#120709,#1c0a0e,#1c0a0e,#1c0a0e,#1c0a0e,#1c0a0e,#1c0a0e,#802e17
#ee7f5f,#120709,#120709,#120709,#120709,#120709,#120709,#120709,#120709,#120709,#120709,#120709,#120709,#120709,#120709,#120709,#120709,#120709,#120709,#1c0a0e,#280d10,#1c0a0e,#280d10,#1c0a0e,#280d10,#1c0a0e,#280d10,#1c0a0e,#280d10,#1c0a0e,#280d10,#1c0a0e,#280d10,#1c0a0e,#280d10,#1c0a0e,#280d10,#1c0a0e,#280d10,#1c0a0e,#120709,#120709,#120709,#120709,#280d10,#1c0a0e,#280d10,#1c0a0e,#120709,#120709,#120709,#120709,#120709,#120709,#120709,#120709,#120709,#1c0a0e,#280d10,#1c0a0e,#280d10,#1c0a0e,#280d10,#802e17
#ee7f5f,#120709,#120709,#120709,#120709,#120709,#120709,#120709,#120709,#120709,#120709,#120709,#120709,#120709,#120709,#120709,#120709,#120709,#120709,#280d10,#1c0a0e,#280d10,#1c0a0e,#280d10,#1c0a0e,#280d10,#1c0a0e,#280d10,#1c0a0e,#280d10,#1c0a0e,#280d10,#1c0a0e,#280d10,#1c0a0e,#280d10,#1c0a0e,#280d10,#1c0a0e,#280d10,#ffb030,#120709,#120709,#120709,#1c0a0e,#280d10,#1c0a0e,#280d10,#1c0a0e,#120709,#120709,#120709,#120709,#120709,#120709,#120709,#1c0a0e,#280d10,#1c0a0e,#280d10,#1c0a0e,#280d10,#1c0a0e,#802e17
#ee7f5f,#120709,#120709,#120709,#120709,#120709,#120709,#120709,#120709,#120709,#120709,#120709,#120709,#1c0a0e,#280d10,#120709,#120709,#120709,#280d10,#1c0a0e,#280d10,#1c0a0e,#280d10,#1c0a0e,#ff6a1a,#1c0a0e,#280d10,#1c0a0e,#280d10,#1c0a0e,#280d10,#1c0a0e,#280d10,#1c0a0e,#280d10,#1c0a0e,#280d10,#1c0a0e,#280d10,#1c0a0e,#996a1d,#120709,#120709,#120709,#280d10,#1c0a0e,#280d10,#1c0a0e,#280d10,#1c0a0e,#120709,#120709,#120709,#120709,#120709,#120709,#280d10,#1c0a0e,#280d10,#1c0a0e,#280d10,#1c0a0e,#280d10,#802e17
#ee7f5f,#280d10,#120709,#120709,#120709,#120709,#120709,#120709,#120709,#120709,#120709,#120709,#120709,#280d10,#1c0a0e,#120709,#120709,#280d10,#1c0a0e,#280d10,#1c0a0e,#280d10,#1c0a0e,#280d10,#994010,#280d10,#1c0a0e,#280d10,#1c0a0e,#280d10,#1c0a0e,#280d10,#1c0a0e,#280d10,#1c0a0e,#280d10,#1c0a0e,#280d10,#1c0a0e,#280d10,#120709,#120709,#120709,#120709,#1c0a0e,#280d10,#1c0a0e,#140605,#1c0a0e,#280d10,#120709,#120709,#120709,#120709,#120709,#280d10,#1c0a0e,#280d10,#1c0a0e,#280d10,#1c0a0e,#280d10,#1c0a0e,#802e17
#ee7f5f,#280d10,#120709,#120709,#120709,#120709,#120709,#120709,#120709,#120709,#120709,#120709,#280d10,#280d10,#280d10,#280d10,#120709,#280d10,#280d10,#280d10,#280d10,#280d10,#280d10,#280d10,#140605,#140605,#280d10,#280d10,#280d10,#280d10,#280d10,#280d10,#280d10,#280d10,#280d10,#140605,#140605,#280d10,#280d10,#280d10,#280d10,#120709,#120709,#280d10,#280d10,#280d10,#140605,#f57137,#140605,#280d10,#120709,#120709,#120709,#120709,#120709,#280d10,#280d10,#280d10,#280d10,#280d10,#280d10,#280d10,#280d10,#802e17
#ee7f5f,#280d10,#1c0a0e,#120709,#120709,#120709,#120709,#120709,#1c0a0e,#120709,#120709,#120709,#1c0a0e,#280d10,#1c0a0e,#280d10,#1c0a0e,#280d10,#1c0a0e,#280d10,#1c0a0e,#280d10,#1c0a0e,#140605,#f7c6b8,#f57137,#140605,#280d10,#1c0a0e,#280d10,#1c0a0e,#280d10,#1c0a0e,#280d10,#140605,#f7c6b8,#f57137,#140605,#1c0a0e,#280d10,#1c0a0e,#120709,#120709,#280d10,#1c0a0e,#280d10,#140605,#f57137,#140605,#280d10,#1c0a0e,#120709,#120709,#120709,#1c0a0e,#280d10,#1c0a0e,#280d10,#1c0a0e,#280d10,#1c0a0e,#280d10,#1c0a0e,#802e17
#ee7f5f,#280d10,#280d10,#120709,#120709,#120709,#120709,#120709,#280d10,#120709,#120709,#280d10,#280d10,#280d10,#280d10,#280d10,#280d10,#280d10,#280d10,#280d10,#280d10,#280d10,#280d10,#140605,#f7c6b8,#f57137,#140605,#280d10,#280d10,#280d10,#280d10,#280d10,#280d10,#280d10,#140605,#f7c6b8,#f57137,#140605,#280d10,#280d10,#280d10,#120709,#120709,#280d10,#280d10,#280d10,#140605,#f57137,#140605,#280d10,#280d10,#120709,#280d10,#120709,#280d10,#280d10,#280d10,#280d10,#280d10,#280d10,#280d10,#280d10,#280d10,#802e17
#ee7f5f,#280d10,#280d10,#120709,#120709,#120709,#120709,#280d10,#1c0a0e,#280d10,#120709,#280d10,#1c0a0e,#280d10,#280d10,#280d10,#1c0a0e,#280d10,#280d10,#280d10,#1c0a0e,#280d10,#280d10,#140605,#f7c6b8,#f57137,#140605,#280d10,#1c0a0e,#280d10,#280d10,#280d10,#1c0a0e,#280d10,#140605,#f7c6b8,#f57137,#140605,#280d10,#280d10,#1c0a0e,#120709,#120709,#280d10,#1c0a0e,#280d10,#140605,#f57137,#140605,#280d10,#280d10,#280d10,#1c0a0e,#280d10,#280d10,#280d10,#1c0a0e,#280d10,#280d10,#280d10,#1c0a0e,#280d10,#280d10,#802e17
#ee7f5f,#280d10,#280d10,#280d10,#120709,#120709,#120709,#280d10,#280d10,#280d10,#280d10,#280d10,#280d10,#280d10,#280d10,#280d10,#280d10,#280d10,#280d10,#280d10,#280d10,#280d10,#280d10,#140605,#f7c6b8,#f57137,#140605,#280d10,#280d10,#280d10,#280d10,#280d10,#280d10,#280d10,#140605,#f7c6b8,#f57137,#140605,#280d10,#280d10,#280d10,#140605,#140605,#280d10,#280d10,#280d10,#140605,#f7c6b8,#f57137,#140605,#280d10,#280d10,#280d10,#280d10,#280d10,#280d10,#280d10,#280d10,#280d10,#280d10,#280d10,#280d10,#280d10,#802e17
#ee7f5f,#280d10,#280d10,#280d10,#120709,#120709,#280d10,#280d10,#280d10,#280d10,#280d10,#280d10,#280d10,#280d10,#280d10,#280d10,#280d10,#280d10,#280d10,#280d10,#280d10,#280d10,#280d10,#140605,#f7c6b8,#f57137,#140605,#280d10,#280d10,#280d10,#140605,#140605,#280d10,#280d10,#140605,#f7c6b8,#602b25,#f57137,#140605,#280d10,#140605,#ffe8b1,#ff9e2f,#140605,#280d10,#140605,#f7c6b8,#f1987f,#f57137,#140605,#280d10,#280d10,#280d10,#280d10,#280d10,#280d10,#280d10,#280d10,#280d10,#280d10,#280d10,#280d10,#280d10,#802e17
#ee7f5f,#280d10,#331012,#280d10,#280d10,#120709,#331012,#280d10,#280d10,#280d10,#331012,#280d10,#280d10,#280d10,#331012,#280d10,#280d10,#280d10,#331012,#280d10,#280d10,#280d10,#140605,#f7c6b8,#f1987f,#a34933,#f57137,#140605,#280d10,#140605,#ffe8b1,#ff9e2f,#140605,#280d10,#140605,#f7c6b8,#a34933,#f57137,#140605,#280d10,#140605,#ffe8b1,#ff9e2f,#140605,#280d10,#140605,#f7c6b8,#f1987f,#a34933,#f57137,#140605,#280d10,#280d10,#280d10,#331012,#280d10,#280d10,#280d10,#331012,#280d10,#280d10,#280d10,#331012,#802e17
#ee7f5f,#280d10,#280d10,#280d10,#280d10,#120709,#280d10,#280d10,#280d10,#280d10,#280d10,#280d10,#280d10,#280d10,#280d10,#280d10,#280d10,#280d10,#280d10,#280d10,#280d10,#280d10,#140605,#f57137,#f1987f,#a34933,#f57137,#140605,#280d10,#140605,#ffe8b1,#ff9e2f,#140605,#280d10,#140605,#f7c6b8,#a34933,#f57137,#140605,#280d10,#140605,#ffe8b1,#ff9e2f,#140605,#280d10,#140605,#f7c6b8,#f1987f,#602b25,#f57137,#140605,#280d10,#280d10,#280d10,#280d10,#280d10,#280d10,#280d10,#280d10,#280d10,#280d10,#280d10,#280d10,#802e17
#ee7f5f,#280d10,#331012,#280d10,#331012,#280d10,#331012,#280d10,#331012,#280d10,#331012,#280d10,#331012,#280d10,#331012,#280d10,#331012,#280d10,#331012,#280d10,#331012,#280d10,#331012,#140605,#ffb030,#a34933,#f57137,#140605,#140605,#ffe8b1,#ffd674,#b18628,#ff9e2f,#140605,#140605,#f7c6b8,#a34933,#f57137,#140605,#140605,#ffe8b1,#ffd674,#b18628,#ff9e2f,#140605,#140605,#f7c6b8,#f1987f,#a34933,#f57137,#140605,#280d10,#331012,#280d10,#331012,#280d10,#331012,#280d10,#331012,#280d10,#331012,#280d10,#331012,#802e17
#ee7f5f,#331012,#280d10,#331012,#280d10,#331012,#280d10,#331012,#280d10,#331012,#280d10,#331012,#280d10,#331012,#280d10,#331012,#280d10,#331012,#280d10,#331012,#280d10,#331012,#280d10,#140605,#996a1d,#a34933,#f57137,#140605,#140605,#ffe8b1,#ffd674,#b18628,#ff9e2f,#140605,#140605,#ffb030,#a34933,#f57137,#140605,#140605,#ffe8b1,#ffd674,#b18628,#ff9e2f,#140605,#140605,#f7c6b8,#a34933,#a34933,#f57137,#140605,#331012,#280d10,#331012,#280d10,#331012,#280d10,#331012,#280d10,#331012,#280d10,#331012,#280d10,#802e17
#ee7f5f,#280d10,#331012,#280d10,#331012,#280d10,#331012,#280d10,#331012,#280d10,#331012,#280d10,#331012,#280d10,#331012,#280d10,#331012,#280d10,#331012,#280d10,#331012,#280d10,#140605,#f7c6b8,#f1987f,#a34933,#a34933,#f57137,#140605,#ffe8b1,#b18628,#b18628,#ff9e2f,#140605,#f7c6b8,#f1987f,#a34933,#a34933,#f57137,#140605,#ffe8b1,#b18628,#b18628,#ff9e2f,#140605,#f7c6b8,#f1987f,#602b25,#602b25,#f57137,#f57137,#140605,#331012,#280d10,#331012,#280d10,#331012,#280d10,#331012,#280d10,#331012,#280d10,#331012,#802e17
#ee7f5f,#331012,#280d10,#331012,#280d10,#331012,#280d10,#331012,#280d10,#331012,#280d10,#331012,#280d10,#331012,#280d10,#331012,#280d10,#331012,#280d10,#140605,#140605,#140605,#140605,#f7c6b8,#602b25,#602b25,#602b25,#602b25,#ffe8b1,#ffd674,#674d1f,#674d1f,#674d1f,#ffe8b1,#f1987f,#602b25,#602b25,#602b25,#602b25,#ffe8b1,#ffd674,#674d1f,#674d1f,#674d1f,#ffe8b1,#f1987f,#602b25,#d7ced3,#ca7c5b,#140605,#140605,#331012,#280d10,#331012,#280d10,#331012,#280d10,#331012,#280d10,#331012,#280d10,#331012,#280d10,#802e17
#ee7f5f,#331012,#331012,#331012,#331012,#331012,#331012,#331012,#331012,#331012,#331012,#331012,#331012,#331012,#331012,#331012,#331012,#331012,#140605,#ca7c5b,#d7ced3,#d7ced3,#d7ced3,#b7a7b0,#b7a7b0,#b7a7b0,#b7a7b0,#b7a7b0,#b7a7b0,#b7a7b0,#b7a7b0,#b7a7b0,#d7ced3,#d7ced3,#b7a7b0,#b7a7b0,#b7a7b0,#b7a7b0,#b7a7b0,#b7a7b0,#b7a7b0,#b7a7b0,#b7a7b0,#b7a7b0,#b7a7b0,#d7ced3,#d7ced3,#ca7c5b,#140605,#331012,#331012,#331012,#331012,#331012,#331012,#331012,#331012,#331012,#331012,#331012,#331012,#331012,#331012,#802e17
#ee7f5f,#331012,#280d10,#331012,#280d10,#331012,#280d10,#331012,#280d10,#331012,#280d10,#331012,#280d10,#331012,#280d10,#331012,#280d10,#331012,#280d10,#140605,#ca7c5b,#b7a7b0,#b7a7b0,#b7a7b0,#b7a7b0,#b7a7b0,#b7a7b0,#b7a7b0,#b7a7b0,#b7a7b0,#b7a7b0,#d7ced3,#d7ced3,#b7a7b0,#b7a7b0,#b7a7b0,#b7a7b0,#b7a7b0,#b7a7b0,#b7a7b0,#b7a7b0,#b7a7b0,#b7a7b0,#b7a7b0,#695764,#695764,#ca7c5b,#140605,#280d10,#331012,#280d10,#331012,#280d10,#331012,#280d10,#331012,#280d10,#331012,#280d10,#331012,#280d10,#331012,#280d10,#802e17
#ee7f5f,#331012,#331012,#331012,#331012,#331012,#331012,#331012,#331012,#331012,#331012,#331012,#331012,#331012,#331012,#331012,#331012,#331012,#331012,#331012,#140605,#d7ced3,#b7a7b0,#957d8b,#b7a7b0,#957d8b,#b7a7b0,#957d8b,#b7a7b0,#957d8b,#d7ced3,#b7a7b0,#b7a7b0,#957d8b,#b7a7b0,#957d8b,#b7a7b0,#957d8b,#b7a7b0,#957d8b,#695764,#957d8b,#695764,#695764,#695764,#3f3340,#ca7c5b,#140605,#331012,#331012,#331012,#ff6a1a,#331012,#331012,#331012,#331012,#331012,#331012,#331012,#331012,#331012,#331012,#331012,#802e17
#ee7f5f,#331012,#331012,#331012,#280d10,#331012,#331012,#331012,#280d10,#331012,#331012,#331012,#280d10,#331012,#331012,#331012,#280d10,#331012,#331012,#331012,#140605,#ca7c5b,#695764,#695764,#957d8b,#957d8b,#957d8b,#b7a7b0,#957d8b,#b7a7b0,#b7a7b0,#b7a7b0,#957d8b,#957d8b,#957d8b,#b7a7b0,#957d8b,#957d8b,#957d8b,#695764,#957d8b,#695764,#b7a7b0,#695764,#3f3340,#ca7c5b,#140605,#331012,#280d10,#331012,#331012,#994010,#280d10,#331012,#331012,#331012,#280d10,#331012,#331012,#331012,#280d10,#331012,#331012,#802e17
#ee7f5f,#331012,#331012,#331012,#331012,#331012,#331012,#331012,#331012,#331012,#331012,#331012,#331012,#331012,#331012,#331012,#331012,#331012,#331012,#331012,#74321a,#140605,#ca7c5b,#b7a7b0,#695764,#957d8b,#957d8b,#957d8b,#b7a7b0,#b7a7b0,#957d8b,#957d8b,#957d8b,#957d8b,#957d8b,#957d8b,#957d8b,#957d8b,#957d8b,#957d8b,#695764,#b7a7b0,#695764,#695764,#ca7c5b,#140605,#74321a,#331012,#74321a,#331012,#331012,#331012,#331012,#331012,#331012,#331012,#331012,#331012,#331012,#331012,#331012,#331012,#331012,#802e17
#ee7f5f,#331012,#331012,#331012,#331012,#331012,#331012,#331012,#331012,#331012,#331012,#331012,#331012,#331012,#331012,#331012,#331012,#331012,#331012,#331012,#331012,#331012,#140605,#d7ced3,#b7a7b0,#b7a7b0,#957d8b,#b7a7b0,#b7a7b0,#957d8b,#957d8b,#957d8b,#957d8b,#957d8b,#957d8b,#957d8b,#957d8b,#957d8b,#957d8b,#695764,#b7a7b0,#695764,#695764,#3f3340,#ca7c5b,#140605,#331012,#331012,#331012,#331012,#331012,#331012,#331012,#331012,#331012,#331012,#331012,#331012,#331012,#331012,#331012,#331012,#331012,#802e17
#ee7f5f,#331012,#3f1314,#331012,#331012,#331012,#3f1314,#331012,#331012,#331012,#3f1314,#331012,#331012,#331012,#3f1314,#331012,#331012,#331012,#3f1314,#331012,#331012,#331012,#140605,#ca7c5b,#695764,#957d8b,#695764,#b7a7b0,#957d8b,#957d8b,#957d8b,#957d8b,#957d8b,#957d8b,#957d8b,#957d8b,#957d8b,#957d8b,#695764,#b7a7b0,#695764,#ff6a1a,#3f3340,#ca7c5b,#140605,#331012,#7c341b,#331012,#331012,#331012,#3f1314,#331012,#331012,#331012,#3f1314,#331012,#331012,#331012,#3f1314,#331012,#331012,#331012,#3f1314,#802e17
#ee7f5f,#331012,#331012,#331012,#331012,#331012,#331012,#331012,#331012,#331012,#331012,#331012,#331012,#331012,#331012,#331012,#331012,#331012,#331012,#331012,#331012,#331012,#331012,#140605,#ca7c5b,#d7ced3,#b7a7b0,#695764,#957d8b,#695764,#957d8b,#695764,#957d8b,#695764,#957d8b,#695764,#957d8b,#695764,#b7a7b0,#695764,#957d8b,#695764,#ca7c5b,#140605,#331012,#331012,#331012,#331012,#331012,#331012,#331012,#331012,#331012,#331012,#331012,#331012,#331012,#331012,#331012,#331012,#331012,#331012,#331012,#802e17
#ee7f5f,#331012,#3f1314,#331012,#3f1314,#331012,#3f1314,#331012,#3f1314,#331012,#3f1314,#331012,#3f1314,#331012,#3f1314,#331012,#3f1314,#331012,#3f1314,#331012,#7c341b,#331012,#7c341b,#331012,#140605,#d7ced3,#695764,#957d8b,#695764,#957d8b,#695764,#957d8b,#695764,#957d8b,#695764,#957d8b,#695764,#b7a7b0,#695764,#957d8b,#695764,#695764,#3f3340,#ca7c5b,#140605,#331012,#7c341b,#331012,#7c341b,#331012,#3f1314,#331012,#3f1314,#331012,#3f1314,#331012,#3f1314,#331012,#3f1314,#331012,#3f1314,#331012,#3f1314,#802e17
#ee7f5f,#3f1314,#331012,#3f1314,#331012,#3f1314,#331012,#3f1314,#331012,#3f1314,#331012,#3f1314,#331012,#3f1314,#331012,#3f1314,#331012,#3f1314,#331012,#3f1314,#331012,#3f1314,#331012,#3f1314,#140605,#ca7c5b,#ca7c5b,#695764,#695764,#695764,#695764,#695764,#695764,#695764,#695764,#695764,#695764,#695764,#695764,#ff6a1a,#695764,#3f3340,#ca7c5b,#140605,#331012,#7c341b,#331012,#3f1314,#331012,#3f1314,#331012,#3f1314,#331012,#3f1314,#331012,#3f1314,#331012,#3f1314,#331012,#3f1314,#331012,#3f1314,#331012,#802e17
#ee7f5f,#331012,#3f1314,#331012,#3f1314,#331012,#3f1314,#331012,#3f1314,#331012,#3f1314,#331012,#3f1314,#331012,#3f1314,#331012,#3f1314,#331012,#7c341b,#331012,#7c341b,#331012,#7c341b,#331012,#7c341b,#140605,#140605,#ca7c5b,#ca7c5b,#ca7c5b,#ca7c5b,#3f3340,#3f3340,#3f3340,#3f3340,#3f3340,#3f3340,#3f3340,#ca7c5b,#994010,#ca7c5b,#ca7c5b,#140605,#331012,#7c341b,#331012,#7c341b,#331012,#7c341b,#331012,#7c341b,#331012,#3f1314,#331012,#3f1314,#331012,#3f1314,#331012,#3f1314,#331012,#3f1314,#331012,#3f1314,#802e17
#ee7f5f,#3f1314,#331012,#3f1314,#331012,#3f1314,#331012,#3f1314,#331012,#3f1314,#331012,#3f1314,#331012,#3f1314,#331012,#3f1314,#331012,#3f1314,#331012,#3f1314,#331012,#3f1314,#331012,#7c341b,#331012,#7c341b,#331012,#140605,#140605,#140605,#140605,#d7c0af,#b78e70,#b78e70,#b78e70,#b78e70,#b78e70,#ca6a2b,#140605,#140605,#140605,#140605,#331012,#7c341b,#331012,#7c341b,#331012,#7c341b,#331012,#3f1314,#331012,#3f1314,#331012,#3f1314,#331012,#3f1314,#331012,#3f1314,#331012,#3f1314,#331012,#3f1314,#331012,#802e17
#ee7f5f,#3f1314,#3f1314,#3f1314,#3f1314,#3f1314,#3f1314,#3f1314,#3f1314,#3f1314,#3f1314,#3f1314,#3f1314,#3f1314,#3f1314,#3f1314,#3f1314,#3f1314,#3f1314,#3f1314,#7c341b,#3f1314,#7c341b,#3f1314,#7c341b,#7c341b,#7c341b,#7c341b,#7c341b,#7c341b,#140605,#b78e70,#95592c,#95592c,#b78e70,#b78e70,#693e24,#ca6a2b,#140605,#7c341b,#7c341b,#7c341b,#7c341b,#3f1314,#7c341b,#3f1314,#7c341b,#3f1314,#7c341b,#3f1314,#7c341b,#3f1314,#7c341b,#3f1314,#3f1314,#3f1314,#3f1314,#3f1314,#3f1314,#3f1314,#3f1314,#3f1314,#3f1314,#802e17
#ee7f5f,#3f1314,#331012,#3f1314,#331012,#3f1314,#331012,#3f1314,#331012,#3f1314,#331012,#3f1314,#331012,#3f1314,#331012,#3f1314,#331012,#3f1314,#331012,#3f1314,#331012,#7c341b,#331012,#7c341b,#331012,#7c341b,#331012,#7c341b,#331012,#7c341b,#140605,#d7c0af,#b78e70,#b78e70,#95592c,#693e24,#3f261c,#ca6a2b,#140605,#7c341b,#74321a,#7c341b,#331012,#7c341b,#331012,#7c341b,#331012,#3f1314,#331012,#3f1314,#331012,#3f1314,#331012,#3f1314,#331012,#3f1314,#331012,#3f1314,#331012,#3f1314,#331012,#3f1314,#331012,#802e17
#ee7f5f,#3f1314,#3f1314,#3f1314,#3f1314,#3f1314,#3f1314,#3f1314,#3f1314,#3f1314,#3f1314,#3f1314,#3f1314,#3f1314,#3f1314,#3f1314,#3f1314,#3f1314,#7c341b,#3f1314,#7c341b,#3f1314,#7c341b,#3f1314,#7c341b,#3f1314,#7c341b,#7c341b,#7c341b,#7c341b,#140605,#d7c0af,#b78e70,#95592c,#693e24,#95592c,#693e24,#ca6a2b,#140605,#7c341b,#7c341b,#7c341b,#7c341b,#7c341b,#7c341b,#3f1314,#7c341b,#3f1314,#7c341b,#3f1314,#7c341b,#3f1314,#3f1314,#3f1314,#3f1314,#3f1314,#3f1314,#3f1314,#3f1314,#3f1314,#3f1314,#3f1314,#3f1314,#802e17
#ee7f5f,#3f1314,#3f1314,#3f1314,#331012,#3f1314,#3f1314,#3f1314,#331012,#3f1314,#3f1314,#3f1314,#331012,#3f1314,#3f1314,#3f1314,#331012,#3f1314,#3f1314,#3f1314,#331012,#3f1314,#3f1314,#7c341b,#331012,#7c341b,#3f1314,#7c341b,#331012,#7c341b,#140605,#d7c0af,#b78e70,#95592c,#95592c,#3f261c,#693e24,#ca6a2b,#140605,#7c341b,#331012,#7c341b,#3f1314,#7c341b,#331012,#7c341b,#3f1314,#7c341b,#331012,#3f1314,#3f1314,#3f1314,#331012,#3f1314,#3f1314,#3f1314,#331012,#3f1314,#3f1314,#3f1314,#331012,#3f1314,#3f1314,#802e17
#ee7f5f,#3f1314,#3f1314,#3f1314,#3f1314,#3f1314,#3f1314,#3f1314,#3f1314,#3f1314,#3f1314,#3f1314,#3f1314,#3f1314,#3f1314,#3f1314,#3f1314,#3f1314,#3f1314,#3f1314,#9c401f,#6d241a,#9c401f,#6d241a,#9c401f,#3f1314,#7c341b,#3f1314,#7c341b,#7c341b,#140605,#d7c0af,#b78e70,#95592c,#693e24,#95592c,#693e24,#ca6a2b,#140605,#7c341b,#7c341b,#7c341b,#7c341b,#3f1314,#7c341b,#3f1314,#7c341b,#3f1314,#7c341b,#3f1314,#7c341b,#3f1314,#7c341b,#3f1314,#3f1314,#3f1314,#3f1314,#3f1314,#3f1314,#3f1314,#3f1314,#3f1314,#3f1314,#802e17
#ee7f5f,#3f1314,#3f1314,#3f1314,#3f1314,#3f1314,#3f1314,#3f1314,#3f1314,#3f1314,#3f1314,#3f1314,#3f1314,#3f1314,#3f1314,#3f1314,#3f1314,#3f1314,#3f1314,#6d241a,#6d241a,#6d241a,#6d241a,#6d241a,#6d241a,#9c401f,#3f1314,#7c341b,#3f1314,#7c341b,#140605,#d7c0af,#b78e70,#b78e70,#693e24,#693e24,#693e24,#ca6a2b,#140605,#7c341b,#3f1314,#7c341b,#3f1314,#7c341b,#3f1314,#7c341b,#3f1314,#3f1314,#3f1314,#3f1314,#3f1314,#3f1314,#3f1314,#3f1314,#3f1314,#3f1314,#3f1314,#3f1314,#3f1314,#3f1314,#3f1314,#3f1314,#3f1314,#802e17
#ee7f5f,#3f1314,#4a1616,#3f1314,#3f1314,#3f1314,#4a1616,#3f1314,#3f1314,#3f1314,#4a1616,#3f1314,#3f1314,#3f1314,#4a1616,#3f1314,#3f1314,#3f1314,#6d241a,#6d241a,#6d241a,#6d241a,#9c401f,#6d241a,#9c401f,#6d241a,#9c401f,#6d241a,#7c341b,#3f1314,#140605,#d7c0af,#b78e70,#95592c,#693e24,#95592c,#693e24,#ca6a2b,#140605,#7c341b,#7c341b,#3f1314,#84361c,#3f1314,#7c341b,#3f1314,#84361c,#3f1314,#7c341b,#3f1314,#84361c,#3f1314,#3f1314,#3f1314,#4a1616,#3f1314,#3f1314,#6d241a,#6d241a,#6d241a,#6d241a,#6d241a,#6d241a,#802e17
#ee7f5f,#3f1314,#3f1314,#3f1314,#3f1314,#3f1314,#3f1314,#3f1314,#3f1314,#3f1314,#3f1314,#3f1314,#3f1314,#3f1314,#3f1314,#3f1314,#3f1314,#3f1314,#6d241a,#6d241a,#6d241a,#6d241a,#6d241a,#6d241a,#6d241a,#6d241a,#6d241a,#9c401f,#6d241a,#7c341b,#140605,#b78e70,#95592c,#693e24,#95592c,#693e24,#693e24,#ca6a2b,#140605,#9c401f,#3f1314,#7c341b,#3f1314,#7c341b,#3f1314,#3f1314,#3f1314,#3f1314,#3f1314,#3f1314,#3f1314,#3f1314,#3f1314,#3f1314,#3f1314,#3f1314,#6d241a,#6d241a,#6d241a,#6d241a,#6d241a,#6d241a,#6d241a,#802e17
#ee7f5f,#3f1314,#4a1616,#3f1314,#4a1616,#3f1314,#4a1616,#3f1314,#4a1616,#3f1314,#4a1616,#3f1314,#4a1616,#3f1314,#4a1616,#3f1314,#4a1616,#6d241a,#6d241a,#6d241a,#9c401f,#6d241a,#9c401f,#6d241a,#9c401f,#6d241a,#9c401f,#6d241a,#9c401f,#9c401f,#140605,#d7c0af,#b78e70,#95592c,#693e24,#95592c,#3f261c,#ca6a2b,#140605,#6d241a,#9c401f,#9c401f,#84361c,#3f1314,#84361c,#3f1314,#84361c,#3f1314,#84361c,#3f1314,#4a1616,#3f1314,#4a1616,#3f1314,#4a1616,#6d241a,#6d241a,#6d241a,#6d241a,#6d241a,#6d241a,#6d241a,#6d241a,#802e17
#ee7f5f,#6d241a,#6d241a,#6d241a,#6d241a,#4a1616,#3f1314,#4a1616,#3f1314,#4a1616,#3f1314,#4a1616,#3f1314,#4a1616,#3f1314,#4a1616,#6d241a,#6d241a,#6d241a,#6d241a,#6d241a,#6d241a,#6d241a,#6d241a,#6d241a,#9c401f,#6d241a,#9c401f,#6d241a,#9c401f,#140605,#d7c0af,#b78e70,#b78e70,#95592c,#693e24,#693e24,#ca6a2b,#140605,#9c401f,#6d241a,#9c401f,#6d241a,#84361c,#3f1314,#84361c,#3f1314,#4a1616,#3f1314,#4a1616,#3f1314,#4a1616,#3f1314,#4a1616,#6d241a,#6d241a,#6d241a,#6d241a,#6d241a,#6d241a,#6d241a,#6d241a,#6d241a,#802e17
#ee7f5f,#6d241a,#6d241a,#6d241a,#6d241a,#6d241a,#6d241a,#3f1314,#4a1616,#3f1314,#4a1616,#3f1314,#4a1616,#3f1314,#4a1616,#6d241a,#6d241a,#6d241a,#6d241a,#6d241a,#6d241a,#6d241a,#9c401f,#6d241a,#9c401f,#6d241a,#9c401f,#6d241a,#9c401f,#6d241a,#140605,#d7c0af,#b78e70,#95592c,#693e24,#693e24,#693e24,#ca6a2b,#140605,#6d241a,#9c401f,#6d241a,#9c401f,#6d241a,#84361c,#3f1314,#84361c,#3f1314,#4a1616,#3f1314,#4a1616,#3f1314,#4a1616,#3f1314,#6d241a,#6d241a,#6d241a,#6d241a,#6d241a,#6d241a,#6d241a,#6d241a,#6d241a,#802e17
#ee7f5f,#6d241a,#6d241a,#6d241a,#6d241a,#6d241a,#6d241a,#6d241a,#6d241a,#4a1616,#3f1314,#4a1616,#3f1314,#4a1616,#6d241a,#6d241a,#6d241a,#6d241a,#6d241a,#6d241a,#6d241a,#6d241a,#6d241a,#6d241a,#6d241a,#6d241a,#6d241a,#9c401f,#6d241a,#6d241a,#140605,#d7c0af,#b78e70,#95592c,#95592c,#693e24,#693e24,#ca6a2b,#140605,#9c401f,#6d241a,#6d241a,#6d241a,#6d241a,#6d241a,#4a1616,#3f1314,#4a1616,#3f1314,#4a1616,#3f1314,#4a1616,#3f1314,#6d241a,#6d241a,#6d241a,#6d241a,#6d241a,#6d241a,#6d241a,#6d241a,#6d241a,#6d241a,#802e17
#ee7f5f,#6d241a,#6d241a,#6d241a,#6d241a,#6d241a,#6d241a,#6d241a,#6d241a,#6d241a,#6d241a,#4a1616,#6d241a,#6d241a,#6d241a,#6d241a,#6d241a,#6d241a,#6d241a,#6d241a,#6d241a,#6d241a,#6d241a,#6d241a,#9c401f,#6d241a,#9c401f,#6d241a,#9c401f,#6d241a,#140605,#d7c0af,#b78e70,#95592c,#3f261c,#95592c,#693e24,#ca6a2b,#140605,#6d241a,#9c401f,#6d241a,#9c401f,#6d241a,#9c401f,#6d241a,#84361c,#4a1616,#84361c,#4a1616,#4a1616,#4a1616,#6d241a,#6d241a,#6d241a,#6d241a,#6d241a,#6d241a,#6d241a,#6d241a,#6d241a,#6d241a,#6d241a,#802e17
#ee7f5f,#6d241a,#6d241a,#6d241a,#6d241a,#6d241a,#6d241a,#6d241a,#6d241a,#6d241a,#6d241a,#6d241a,#6d241a,#6d241a,#6d241a,#6d241a,#6d241a,#6d241a,#6d241a,#6d241a,#6d241a,#6d241a,#6d241a,#6d241a,#6d241a,#6d241a,#6d241a,#6d241a,#6d241a,#9c401f,#140605,#d7c0af,#b78e70,#b78e70,#95592c,#693e24,#95592c,#3f261c,#ca6a2b,#140605,#6d241a,#9c401f,#6d241a,#6d241a,#6d241a,#6d241a,#6d241a,#6d241a,#3f1314,#4a1616,#6d241a,#6d241a,#6d241a,#6d241a,#6d241a,#6d241a,#6d241a,#6d241a,#6d241a,#6d241a,#6d241a,#6d241a,#6d241a,#802e17
#ee7f5f,#6d241a,#6d241a,#6d241a,#6d241a,#6d241a,#6d241a,#6d241a,#6d241a,#6d241a,#6d241a,#6d241a,#6d241a,#6d241a,#6d241a,#6d241a,#6d241a,#6d241a,#6d241a,#6d241a,#6d241a,#6d241a,#6d241a,#6d241a,#6d241a,#6d241a,#9c401f,#6d241a,#9c401f,#6d241a,#140605,#b78e70,#95592c,#693e24,#b78e70,#95592c,#693e24,#693e24,#ca6a2b,#140605,#9c401f,#6d241a,#9c401f,#6d241a,#6d241a,#6d241a,#6d241a,#6d241a,#6d241a,#6d241a,#6d241a,#6d241a,#6d241a,#6d241a,#6d241a,#6d241a,#6d241a,#6d241a,#6d241a,#6d241a,#6d241a,#6d241a,#6d241a,#802e17
#ee7f5f,#6d241a,#6d241a,#6d241a,#6d241a,#6d241a,#6d241a,#6d241a,#6d241a,#6d241a,#6d241a,#6d241a,#6d241a,#6d241a,#6d241a,#6d241a,#6d241a,#6d241a,#6d241a,#6d241a,#6d241a,#6d241a,#6d241a,#6d241a,#6d241a,#6d241a,#6d241a,#6d241a,#6d241a,#6d241a,#140605,#d7c0af,#b78e70,#95592c,#95592c,#693e24,#693e24,#693e24,#ca6a2b,#140605,#6d241a,#6d241a,#6d241a,#6d241a,#6d241a,#6d241a,#6d241a,#6d241a,#6d241a,#6d241a,#6d241a,#6d241a,#6d241a,#6d241a,#6d241a,#6d241a,#6d241a,#6d241a,#6d241a,#6d241a,#6d241a,#6d241a,#6d241a,#802e17
#ee7f5f,#802915,#ef782d,#ff7a2a,#ff7a2a,#ff7a2a,#ff7a2a,#ff7a2a,#ff7a2a,#ef782d,#802915,#802915,#802915,#802915,#802915,#802915,#802915,#802915,#802915,#802915,#802915,#802915,#802915,#802915,#802915,#802915,#802915,#802915,#a9431c,#802915,#140605,#d7c0af,#b78e70,#95592c,#b78e70,#95592c,#693e24,#693e24,#ca6a2b,#140605,#a9431c,#802915,#802915,#802915,#a9431c,#802915,#802915,#802915,#802915,#ef782d,#ff7a2a,#ff7a2a,#ff7a2a,#ff7a2a,#ff7a2a,#ff7a2a,#ff7a2a,#ef782d,#802915,#802915,#802915,#802915,#802915,#802e17
#ee7f5f,#ff7a2a,#ff7a2a,#ff7a2a,#ff7a2a,#ff7a2a,#ff7a2a,#ff7a2a,#ef782d,#7e2815,#7e2815,#7e2815,#7e2815,#7e2815,#7e2815,#7e2815,#ef782d,#ef782d,#ef782d,#ef782d,#ef782d,#7e2815,#7e2815,#7e2815,#7e2815,#7e2815,#7e2815,#7e2815,#7e2815,#7e2815,#140605,#d7c0af,#b78e70,#b78e70,#95592c,#3f261c,#95592c,#693e24,#ca6a2b,#140605,#7e2815,#7e2815,#7e2815,#7e2815,#7e2815,#7e2815,#7e2815,#7e2815,#ef782d,#ff7a2a,#ff7a2a,#ff7a2a,#ff7a2a,#ff7a2a,#ff7a2a,#ef782d,#7e2815,#7e2815,#7e2815,#7e2815,#7e2815,#7e2815,#7e2815,#802e17
#ee7f5f,#ff7a2a,#ff7a2a,#ff7a2a,#ff7a2a,#ef782d,#7c2814,#7c2814,#7c2814,#7c2814,#7c2814,#7c2814,#7c2814,#ef782d,#ff7a2a,#ff7a2a,#ff7a2a,#ff7a2a,#ff7a2a,#ff7a2a,#ef782d,#7c2814,#7c2814,#7c2814,#7c2814,#7c2814,#7c2814,#7c2814,#7c2814,#7c2814,#140605,#d7c0af,#b78e70,#95592c,#b78e70,#95592c,#693e24,#693e24,#ca6a2b,#140605,#7c2814,#7c2814,#7c2814,#7c2814,#7c2814,#7c2814,#7c2814,#ef782d,#ef782d,#ff7a2a,#ff7a2a,#ef782d,#ef782d,#7c2814,#7c2814,#7c2814,#0a0612,#7c2814,#7c2814,#7c2814,#ef782d,#ff7a2a,#ff7a2a,#802e17
#ee7f5f,#7a2714,#7a2714,#7a2714,#7a2714,#7a2714,#7a2714,#7a2714,#7a2714,#7a2714,#7a2714,#ef782d,#ff7a2a,#ff7a2a,#ff7a2a,#ff7a2a,#ff7a2a,#ff7a2a,#ff7a2a,#ef782d,#7a2714,#7a2714,#7a2714,#7a2714,#7a2714,#7a2714,#7a2714,#7a2714,#7a2714,#7a2714,#140605,#d7c0af,#b78e70,#95592c,#693e24,#693e24,#95592c,#693e24,#ca6a2b,#140605,#7a2714,#7a2714,#7a2714,#7a2714,#7a2714,#7a2714,#7a2714,#7a2714,#7a2714,#7a2714,#7a2714,#7a2714,#7a2714,#0a0612,#0a0612,#0a0612,#542919,#0a0612,#0a0612,#0a0612,#ff7a2a,#ff7a2a,#ff7a2a,#802e17
#ee7f5f,#782614,#782614,#782614,#782614,#782614,#782614,#782614,#782614,#782614,#ef782d,#ff7a2a,#ff7a2a,#ff7a2a,#ff7a2a,#ff7a2a,#ff7a2a,#ef782d,#782614,#782614,#782614,#782614,#782614,#782614,#ef782d,#ef782d,#ff7a2a,#ff7a2a,#ff7a2a,#ff7a2a,#140605,#d7c0af,#b78e70,#95592c,#b78e70,#95592c,#693e24,#3f261c,#ca6a2b,#140605,#782614,#782614,#782614,#782614,#782614,#782614,#782614,#782614,#782614,#782614,#782614,#782614,#0a0612,#542919,#542919,#542919,#ff7a2a,#ff7a2a,#542919,#542919,#0a0612,#ff7a2a,#ff7a2a,#802e17
#ee7f5f,#772513,#772513,#772513,#772513,#772513,#772513,#772513,#772513,#ef782d,#ef782d,#ef782d,#ef782d,#ef782d,#772513,#772513,#772513,#772513,#772513,#772513,#772513,#772513,#ef782d,#ff7a2a,#ff7a2a,#ff7a2a,#ff7a2a,#ff7a2a,#ff7a2a,#ef782d,#140605,#b78e70,#95592c,#95592c,#95592c,#693e24,#95592c,#693e24,#ca6a2b,#140605,#772513,#772513,#772513,#772513,#772513,#772513,#772513,#772513,#772513,#772513,#772513,#0a0612,#542919,#542919,#542919,#542919,#ff7a2a,#ff7a2a,#542919,#542919,#542919,#0a0612,#772513,#802e17
#ee7f5f,#752513,#752513,#752513,#752513,#752513,#752513,#752513,#752513,#752513,#752513,#752513,#752513,#752513,#752513,#752513,#752513,#752513,#752513,#752513,#ef782d,#ff7a2a,#ff7a2a,#ff7a2a,#ff7a2a,#ff7a2a,#ff7a2a,#ff7a2a,#ef782d,#752513,#140605,#d7c0af,#b78e70,#95592c,#b78e70,#95592c,#3f261c,#693e24,#ca6a2b,#140605,#ef782d,#752513,#752513,#752513,#752513,#752513,#752513,#752513,#752513,#752513,#752513,#0a0612,#542919,#542919,#ff7a2a,#ff7a2a,#ff7a2a,#ff7a2a,#542919,#542919,#542919,#0a0612,#752513,#802e17
#ee7f5f,#732413,#732413,#732413,#732413,#732413,#732413,#732413,#732413,#732413,#732413,#732413,#732413,#732413,#732413,#732413,#732413,#732413,#732413,#ef782d,#ef782d,#ff7a2a,#ff7a2a,#ff7a2a,#ff7a2a,#ef782d,#ef782d,#732413,#732413,#732413,#140605,#d7c0af,#b78e70,#693e24,#95592c,#693e24,#95592c,#693e24,#ca6a2b,#140605,#ef782d,#732413,#732413,#732413,#732413,#732413,#732413,#732413,#732413,#732413,#732413,#0a0612,#542919,#542919,#ff7a2a,#ff7a2a,#ff7a2a,#ff7a2a,#542919,#542919,#542919,#0a0612,#732413,#802e17
#ee7f5f,#712312,#712312,#712312,#712312,#712312,#712312,#712312,#712312,#712312,#712312,#712312,#712312,#712312,#712312,#712312,#712312,#712312,#712312,#ef782d,#ef782d,#ef782d,#712312,#3e130a,#3e130a,#3e130a,#3e130a,#3e130a,#3e130a,#3e130a,#140605,#d7c0af,#b78e70,#95592c,#693e24,#693e24,#693e24,#693e24,#ca6a2b,#140605,#3e130a,#3e130a,#3e130a,#3e130a,#3e130a,#3e130a,#3e130a,#712312,#712312,#712312,#0a0612,#542919,#542919,#542919,#ff7a2a,#ff7a2a,#ff7a2a,#ff7a2a,#ff7a2a,#ff7a2a,#542919,#542919,#0a0612,#802e17
#ee7f5f,#ef782d,#ef782d,#ef782d,#6f2312,#6f2312,#6f2312,#6f2312,#6f2312,#6f2312,#6f2312,#6f2312,#6f2312,#6f2312,#6f2312,#6f2312,#6f2312,#6f2312,#6f2312,#6f2312,#6f2312,#3d130a,#6f2312,#3d130a,#6f2312,#3d130a,#6f2312,#3d130a,#6f2312,#3d130a,#140605,#ca6a2b,#693e24,#693e24,#693e24,#693e24,#693e24,#693e24,#ca6a2b,#140605,#6f2312,#3d130a,#6f2312,#3d130a,#6f2312,#834219,#ef782d,#8c4317,#ff7a2a,#8c4317,#ef782d,#0a0612,#542919,#542919,#ff7a2a,#ff7a2a,#ff7a2a,#ff7a2a,#ff7a2a,#ff7a2a,#542919,#0a0612,#6f2312,#802e17
#ee7f5f,#ff7a2a,#ef782d,#6e2212,#6e2212,#6e2212,#6e2212,#6e2212,#6e2212,#6e2212,#6e2212,#6e2212,#6e2212,#6e2212,#6e2212,#6e2212,#6e2212,#6e2212,#6e2212,#6e2212,#3d130a,#3d130a,#3d130a,#3d130a,#3d130a,#3d130a,#3d130a,#3d130a,#3d130a,#834219,#834219,#140605,#ca6a2b,#ca6a2b,#ca6a2b,#ca6a2b,#ca6a2b,#ca6a2b,#ca6a2b,#140605,#3d130a,#3d130a,#834219,#8c4317,#8c4317,#8c4317,#8c4317,#8c4317,#8c4317,#834219,#6e2212,#0a0612,#ff7a2a,#ff7a2a,#ff7a2a,#ff7a2a,#ff7a2a,#ff7a2a,#ff7a2a,#ff7a2a,#ff7a2a,#ff7a2a,#6e2212,#802e17
#ee7f5f,#ef782d,#6c2111,#6c2111,#6c2111,#6c2111,#6c2111,#6c2111,#6c2111,#6c2111,#6c2111,#ef782d,#ef782d,#6c2111,#6c2111,#6c2111,#6c2111,#6c2111,#6c2111,#6c2111,#6c2111,#3b1209,#6c2111,#3b1209,#6c2111,#3b1209,#6c2111,#3b1209,#6c2111,#3b1209,#6c2111,#3b1209,#140605,#140605,#140605,#140605,#140605,#140605,#140605,#3b1209,#ef782d,#8c4317,#ff7a2a,#8c4317,#ff7a2a,#8c4317,#ff7a2a,#8c4317,#ef782d,#3b1209,#6c2111,#0a0612,#ff7a2a,#ff7a2a,#ff7a2a,#ff7a2a,#ff7a2a,#ff7a2a,#ff7a2a,#ff7a2a,#ff7a2a,#ff7a2a,#6c2111,#802e17
#ee7f5f,#6a2011,#6a2011,#6a2011,#6a2011,#6a2011,#ef782d,#ef782d,#ff7a2a,#ff7a2a,#ff7a2a,#ff7a2a,#ef782d,#6a2011,#6a2011,#6a2011,#6a2011,#6a2011,#6a2011,#6a2011,#6a2011,#6a2011,#6a2011,#3a1209,#3a1209,#3a1209,#3a1209,#3a1209,#3a1209,#3a1209,#3a1209,#3a1209,#3a1209,#3a1209,#3a1209,#3a1209,#3a1209,#3a1209,#3a1209,#834219,#8c4317,#8c4317,#8c4317,#8c4317,#8c4317,#834219,#834219,#6a2011,#6a2011,#6a2011,#6a2011,#6a2011,#0a0612,#542919,#ff7a2a,#ff7a2a,#ff7a2a,#ff7a2a,#ff7a2a,#ff7a2a,#0a0612,#6a2011,#6a2011,#802e17
#ee7f5f,#682010,#682010,#682010,#ef782d,#ff7a2a,#ff7a2a,#ff7a2a,#ff7a2a,#ff7a2a,#ff7a2a,#ef782d,#ef782d,#682010,#682010,#682010,#682010,#682010,#682010,#682010,#682010,#682010,#682010,#682010,#682010,#682010,#682010,#682010,#682010,#682010,#682010,#682010,#682010,#682010,#682010,#682010,#682010,#682010,#682010,#ef782d,#ef782d,#ef782d,#ef782d,#682010,#682010,#682010,#682010,#682010,#682010,#682010,#682010,#ef782d,#ff7a2a,#0a0612,#ff7a2a,#ff7a2a,#ff7a2a,#ff7a2a,#ff7a2a,#ff7a2a,#682010,#682010,#682010,#802e17
#ee7f5f,#671f10,#ef782d,#ff7a2a,#ff7a2a,#ff7a2a,#ff7a2a,#ff7a2a,#ff7a2a,#ff7a2a,#ef782d,#671f10,#671f10,#671f10,#671f10,#671f10,#671f10,#671f10,#671f10,#ef782d,#ef782d,#ef782d,#ef782d,#671f10,#671f10,#671f10,#671f10,#671f10,#671f10,#671f10,#671f10,#671f10,#671f10,#671f10,#671f10,#671f10,#671f10,#671f10,#671f10,#671f10,#671f10,#671f10,#671f10,#671f10,#671f10,#671f10,#671f10,#671f10,#671f10,#671f10,#ef782d,#ff7a2a,#ff7a2a,#ff7a2a,#ff7a2a,#ff7a2a,#0a0612,#ef782d,#671f10,#671f10,#671f10,#671f10,#671f10,#802e17
#ee7f5f,#802e17,#802e17,#802e17,#802e17,#802e17,#802e17,#802e17,#802e17,#802e17,#802e17,#802e17,#802e17,#802e17,#802e17,#802e17,#802e17,#802e17,#802e17,#802e17,#802e17,#802e17,#802e17,#802e17,#802e17,#802e17,#802e17,#802e17,#802e17,#802e17,#802e17,#802e17,#802e17,#802e17,#802e17,#802e17,#802e17,#802e17,#802e17,#802e17,#802e17,#802e17,#802e17,#802e17,#802e17,#802e17,#802e17,#802e17,#802e17,#802e17,#802e17,#802e17,#802e17,#802e17,#802e17,#802e17,#802e17,#802e17,#802e17,#802e17,#802e17,#802e17,#802e17,#802e17
