#ffd84d,#b08a2a,#ffd84d,#b08a2a,#ffd84d,#b08a2a,#ffd84d,#b08a2a,#ffd84d,#b08a2a,#ffd84d,#b08a2a,#ffd84d,#b08a2a,#ffd84d,#b08a2a
#b08a2a,#1c140e,#1c140e,#1c140e,#1c140e,#1c140e,#1c140e,#1c140e,#1c140e,#1c140e,#1c140e,#1c140e,#1c140e,#1c140e,#1c140e,#ffd84d
#ffd84d,#1c140e,#2e2016,#1c140e,#1c140e,#1c140e,#2e2016,#0c0806,#1c140e,#1c140e,#2e2016,#1c140e,#1c140e,#1c140e,#2e2016,#b08a2a
#b08a2a,#1c140e,#1c140e,#1c140e,#1c140e,#1c140e,#0c0806,#e8e8f0,#0c0806,#1c140e,#1c140e,#1c140e,#1c140e,#1c140e,#1c140e,#ffd84d
#ffd84d,#1c140e,#2e2016,#1c140e,#2e2016,#1c140e,#0c0806,#6a6a78,#0c0806,#1c140e,#2e2016,#1c140e,#0c0806,#1c140e,#2e2016,#b08a2a
#b08a2a,#2e2016,#0c0806,#1c140e,#1c140e,#0c0806,#e8e8f0,#a8a8b8,#e8e8f0,#0c0806,#1c140e,#0c0806,#e8e8f0,#0c0806,#1c140e,#ffd84d
#ffd84d,#0c0806,#e8e8f0,#0c0806,#2e2016,#0c0806,#a8a8b8,#a8a8b8,#6a6a78,#0c0806,#0c0806,#e8e8f0,#6a6a78,#0c0806,#2e2016,#b08a2a
#b08a2a,#0c0806,#a8a8b8,#e8e8f0,#0c0806,#e8e8f0,#a8a8b8,#a8a8b8,#a8a8b8,#e8e8f0,#e8e8f0,#a8a8b8,#6a6a78,#0c0806,#1c140e,#ffd84d
#ffd84d,#0c0806,#a8a8b8,#a8a8b8,#e8e8f0,#a8a8b8,#a8a8b8,#a8a8b8,#a8a8b8,#a8a8b8,#a8a8b8,#a8a8b8,#6a6a78,#0c0806,#2e2016,#b08a2a
#b08a2a,#0c0806,#a8a8b8,#a8a8b8,#a8a8b8,#a8a8b8,#a8a8b8,#6a6a78,#6a6a78,#a8a8b8,#a8a8b8,#a8a8b8,#6a6a78,#0c0806,#1c140e,#ffd84d
#ffd84d,#0c0806,#a8a8b8,#a8a8b8,#a8a8b8,#6a6a78,#6a6a78,#dca070,#dca070,#a8a8b8,#6a6a78,#a8a8b8,#6a6a78,#0c0806,#2e2016,#b08a2a
#b08a2a,#0c0806,#a8a8b8,#a8a8b8,#6a6a78,#dca070,#a8a8b8,#e8e8f0,#e8e8f0,#6a6a78,#dca070,#a8a8b8,#6a6a78,#0c0806,#1c140e,#ffd84d
#ffd84d,#0c0806,#a8a8b8,#a8a8b8,#a8a8b8,#e8e8f0,#a8a8b8,#a8a8b8,#a8a8b8,#a8a8b8,#e8e8f0,#a8a8b8,#a8a8b8,#e8e8f0,#0c0806,#b08a2a
#b08a2a,#0c0806,#6a6a78,#6a6a78,#6a6a78,#6a6a78,#6a6a78,#6a6a78,#6a6a78,#6a6a78,#6a6a78,#6a6a78,#6a6a78,#6a6a78,#0c0806,#ffd84d
#ffd84d,#2e2016,#0c0806,#0c0806,#0c0806,#0c0806,#0c0806,#0c0806,#0c0806,#0c0806,#0c0806,#0c0806,#0c0806,#0c0806,#2e2016,#b08a2a
#b08a2a,#ffd84d,#b08a2a,#ffd84d,#b08a2a,#ffd84d,#b08a2a,#ffd84d,#b08a2a,#ffd84d,#b08a2a,#ffd84d,#b08a2a,#ffd84d,#b08a2a,#ffd84d
