#c49770,#c49770,#c49770,#c49770,#c49770,#c49770,#c49770,#c49770,#c49770,#c49770,#c49770,#c49770,#c49770,#c49770,#c49770,#c49770,#c49770,#c49770,#c49770,#c49770,#c49770,#c49770,#c49770,#c49770,#c49770,#c49770,#c49770,#c49770,#c49770,#c49770,#c49770,#c49770,#c49770,#c49770,#c49770,#c49770,#c49770,#c49770,#c49770,#c49770,#c49770,#c49770,#c49770,#c49770,#c49770,#c49770,#c49770,#c49770,#c49770,#c49770,#c49770,#c49770,#c49770,#c49770,#c49770,#c49770,#c49770,#c49770,#c49770,#c49770,#c49770,#c49770,#c49770,#c49770
#c49770,#140e0a,#140e0a,#140e0a,#140e0a,#140e0a,#140e0a,#140e0a,#140e0a,#140e0a,#140e0a,#140e0a,#0d0907,#140e0a,#140e0a,#140e0a,#140e0a,#140e0a,#140e0a,#140e0a,#140e0a,#140e0a,#140e0a,#140e0a,#0d0907,#140e0a,#140e0a,#140e0a,#140e0a,#140e0a,#140e0a,#140e0a,#140e0a,#140e0a,#140e0a,#140e0a,#0d0907,#140e0a,#140e0a,#140e0a,#140e0a,#140e0a,#140e0a,#140e0a,#140e0a,#140e0a,#140e0a,#140e0a,#0d0907,#140e0a,#140e0a,#140e0a,#140e0a,#140e0a,#140e0a,#140e0a,#140e0a,#140e0a,#140e0a,#140e0a,#0d0907,#140e0a,#140e0a,#614023
#c49770,#140e0a,#1c140e,#140e0a,#140e0a,#140e0a,#1c140e,#140e0a,#140e0a,#140e0a,#1c140e,#140e0a,#0d0907,#140e0a,#1c140e,#140e0a,#140e0a,#140e0a,#1c140e,#140e0a,#140e0a,#140e0a,#1c140e,#140e0a,#0d0907,#140e0a,#1c140e,#140e0a,#140e0a,#140e0a,#1c140e,#140e0a,#140e0a,#140e0a,#1c140e,#140e0a,#0d0907,#140e0a,#1c140e,#140e0a,#140e0a,#140e0a,#1c140e,#140e0a,#140e0a,#140e0a,#1c140e,#140e0a,#0d0907,#140e0a,#1c140e,#140e0a,#140e0a,#140e0a,#1c140e,#140e0a,#140e0a,#140e0a,#1c140e,#140e0a,#0d0907,#140e0a,#1c140e,#614023
#c49770,#140e0a,#140e0a,#140e0a,#140e0a,#140e0a,#140e0a,#140e0a,#140e0a,#140e0a,#140e0a,#140e0a,#0d0907,#140e0a,#140e0a,#140e0a,#140e0a,#140e0a,#140e0a,#140e0a,#140e0a,#140e0a,#140e0a,#140e0a,#0d0907,#140e0a,#140e0a,#140e0a,#140e0a,#140e0a,#140e0a,#140e0a,#140e0a,#140e0a,#140e0a,#140e0a,#0d0907,#140e0a,#140e0a,#140e0a,#140e0a,#140e0a,#140e0a,#140e0a,#140e0a,#140e0a,#140e0a,#140e0a,#0d0907,#140e0a,#140e0a,#140e0a,#140e0a,#140e0a,#140e0a,#140e0a,#140e0a,#140e0a,#140e0a,#140e0a,#0d0907,#140e0a,#140e0a,#614023
#c49770,#140e0a,#1c140e,#140e0a,#1c140e,#140e0a,#1c140e,#140e0a,#1c140e,#140e0a,#1c140e,#140e0a,#0d0907,#140e0a,#1c140e,#140e0a,#1c140e,#140e0a,#1c140e,#140e0a,#1c140e,#140e0a,#1c140e,#140e0a,#0d0907,#140e0a,#1c140e,#140e0a,#1c140e,#140e0a,#1c140e,#140e0a,#1c140e,#140e0a,#1c140e,#140e0a,#0d0907,#140e0a,#1c140e,#140e0a,#1c140e,#140e0a,#1c140e,#140e0a,#1c140e,#140e0a,#1c140e,#140e0a,#0d0907,#140e0a,#1c140e,#140e0a,#1c140e,#140e0a,#1c140e,#140e0a,#1c140e,#140e0a,#1c140e,#140e0a,#0d0907,#140e0a,#1c140e,#614023
#c49770,#1c140e,#140e0a,#1c140e,#140e0a,#1c140e,#140e0a,#1c140e,#140e0a,#1c140e,#140e0a,#1c140e,#0d0907,#1c140e,#140e0a,#1c140e,#140e0a,#1c140e,#140e0a,#1c140e,#140e0a,#1c140e,#140e0a,#1c140e,#0d0907,#1c140e,#140e0a,#1c140e,#140e0a,#1c140e,#140e0a,#1c140e,#140e0a,#1c140e,#140e0a,#1c140e,#0d0907,#1c140e,#140e0a,#1c140e,#140e0a,#1c140e,#140e0a,#1c140e,#140e0a,#1c140e,#140e0a,#1c140e,#0d0907,#1c140e,#140e0a,#1c140e,#140e0a,#1c140e,#140e0a,#1c140e,#140e0a,#1c140e,#140e0a,#1c140e,#0d0907,#1c140e,#140e0a,#614023
#c49770,#140e0a,#1c140e,#140e0a,#1c140e,#140e0a,#1c140e,#140e0a,#1c140e,#140e0a,#1c140e,#140e0a,#0d0907,#140e0a,#1c140e,#140e0a,#1c140e,#140e0a,#1c140e,#140e0a,#1c140e,#140e0a,#1c140e,#140e0a,#0d0907,#140e0a,#1c140e,#140e0a,#1c140e,#140e0a,#1c140e,#140e0a,#1c140e,#140e0a,#1c140e,#140e0a,#0d0907,#140e0a,#1c140e,#140e0a,#1c140e,#140e0a,#1c140e,#140e0a,#1c140e,#140e0a,#1c140e,#140e0a,#0d0907,#140e0a,#1c140e,#140e0a,#1c140e,#140e0a,#1c140e,#140e0a,#1c140e,#140e0a,#1c140e,#140e0a,#0d0907,#140e0a,#1c140e,#614023
#c49770,#1c140e,#140e0a,#1c140e,#140e0a,#1c140e,#140e0a,#1c140e,#140e0a,#1c140e,#140e0a,#1c140e,#0d0907,#1c140e,#140e0a,#1c140e,#140e0a,#1c140e,#140e0a,#1c140e,#140e0a,#1c140e,#140e0a,#1c140e,#0d0907,#1c140e,#140e0a,#1c140e,#140e0a,#1c140e,#140e0a,#1c140e,#140e0a,#1c140e,#140e0a,#1c140e,#0d0907,#1c140e,#140e0a,#1c140e,#140e0a,#1c140e,#140e0a,#1c140e,#140e0a,#1c140e,#140e0a,#1c140e,#0d0907,#1c140e,#140e0a,#1c140e,#140e0a,#1c140e,#140e0a,#1c140e,#140e0a,#1c140e,#140e0a,#1c140e,#0d0907,#1c140e,#140e0a,#614023
#c49770,#1c140e,#1c140e,#1c140e,#1c140e,#1c140e,#1c140e,#1c140e,#1c140e,#1c140e,#1c140e,#1c140e,#0d0907,#1c140e,#1c140e,#1c140e,#1c140e,#1c140e,#1c140e,#1c140e,#1c140e,#1c140e,#1c140e,#1c140e,#0d0907,#1c140e,#1c140e,#1c140e,#655032,#1c140e,#1c140e,#1c140e,#655032,#1c140e,#1c140e,#1c140e,#5a482e,#1c140e,#1c140e,#1c140e,#1c140e,#1c140e,#1c140e,#1c140e,#1c140e,#1c140e,#1c140e,#1c140e,#0d0907,#1c140e,#1c140e,#1c140e,#1c140e,#1c140e,#1c140e,#1c140e,#1c140e,#1c140e,#1c140e,#1c140e,#0d0907,#1c140e,#1c140e,#614023
#c49770,#1c140e,#140e0a,#1c140e,#140e0a,#1c140e,#140e0a,#1c140e,#140e0a,#1c140e,#140e0a,#1c140e,#0d0907,#1c140e,#140e0a,#1c140e,#140e0a,#1c140e,#140e0a,#1c140e,#140e0a,#1c140e,#140e0a,#1c140e,#0d0907,#1c140e,#140e0a,#1c140e,#140e0a,#1c140e,#140e0a,#1c140e,#140e0a,#1c140e,#140e0a,#1c140e,#0d0907,#1c140e,#140e0a,#1c140e,#140e0a,#1c140e,#140e0a,#1c140e,#140e0a,#1c140e,#140e0a,#1c140e,#0d0907,#1c140e,#140e0a,#1c140e,#140e0a,#1c140e,#140e0a,#1c140e,#140e0a,#1c140e,#140e0a,#1c140e,#0d0907,#1c140e,#140e0a,#614023
#c49770,#1c140e,#1c140e,#1c140e,#1c140e,#1c140e,#1c140e,#1c140e,#1c140e,#1c140e,#1c140e,#1c140e,#0d0907,#1c140e,#1c140e,#1c140e,#1c140e,#1c140e,#1c140e,#1c140e,#1c140e,#1c140e,#1c140e,#1c140e,#0d0907,#1c140e,#655032,#1c140e,#1c140e,#1c140e,#655032,#1c140e,#1c140e,#1c140e,#655032,#1c140e,#0d0907,#1c140e,#655032,#1c140e,#1c140e,#1c140e,#1c140e,#1c140e,#1c140e,#1c140e,#1c140e,#1c140e,#0d0907,#1c140e,#1c140e,#1c140e,#1c140e,#1c140e,#1c140e,#1c140e,#1c140e,#1c140e,#1c140e,#1c140e,#0d0907,#1c140e,#1c140e,#614023
#c49770,#1c140e,#1c140e,#1c140e,#140e0a,#1c140e,#1c140e,#1c140e,#140e0a,#1c140e,#1c140e,#1c140e,#0d0907,#1c140e,#1c140e,#1c140e,#4f3722,#4f3722,#1c140e,#1c140e,#140e0a,#4f3722,#4f3722,#1c140e,#0d0907,#1c140e,#1c140e,#1c140e,#140e0a,#1c140e,#1c140e,#1c140e,#140e0a,#1c140e,#1c140e,#1c140e,#0d0907,#1c140e,#1c140e,#1c140e,#140e0a,#1c140e,#1c140e,#1c140e,#140e0a,#1c140e,#1c140e,#1c140e,#0d0907,#1c140e,#1c140e,#1c140e,#140e0a,#1c140e,#1c140e,#1c140e,#140e0a,#1c140e,#1c140e,#1c140e,#0d0907,#1c140e,#1c140e,#614023
#c49770,#1c140e,#1c140e,#1c140e,#1c140e,#1c140e,#1c140e,#1c140e,#1c140e,#1c140e,#1c140e,#1c140e,#0d0907,#1c140e,#1c140e,#1c140e,#4f3722,#4f3722,#1c140e,#1c140e,#1c140e,#4f3722,#4f3722,#4f3722,#5a482e,#1c140e,#655032,#1c140e,#655032,#1c140e,#655032,#1c140e,#655032,#1c140e,#655032,#1c140e,#5a482e,#1c140e,#655032,#1c140e,#655032,#1c140e,#1c140e,#1c140e,#655032,#1c140e,#1c140e,#1c140e,#0d0907,#1c140e,#1c140e,#1c140e,#1c140e,#1c140e,#1c140e,#1c140e,#1c140e,#1c140e,#1c140e,#1c140e,#0d0907,#1c140e,#1c140e,#614023
#c49770,#1c140e,#1c140e,#1c140e,#1c140e,#1c140e,#1c140e,#1c140e,#1c140e,#1c140e,#1c140e,#1c140e,#4f3722,#4f3722,#1c140e,#4f3722,#4f3722,#4f3722,#4f3722,#4f3722,#4f3722,#4f3722,#4f3722,#1c140e,#0d0907,#1c140e,#1c140e,#1c140e,#1c140e,#655032,#1c140e,#1c140e,#1c140e,#655032,#1c140e,#1c140e,#0d0907,#655032,#1c140e,#1c140e,#1c140e,#1c140e,#1c140e,#1c140e,#1c140e,#1c140e,#1c140e,#1c140e,#0d0907,#1c140e,#1c140e,#1c140e,#1c140e,#1c140e,#1c140e,#1c140e,#1c140e,#1c140e,#1c140e,#1c140e,#0d0907,#1c140e,#1c140e,#614023
#c49770,#1c140e,#241a12,#1c140e,#1c140e,#1c140e,#241a12,#1c140e,#1c140e,#1c140e,#241a12,#1c140e,#4f3722,#4f3722,#4f3722,#4f3722,#4f3722,#4f3722,#4f3722,#4f3722,#4f3722,#4f3722,#876840,#1c140e,#5a482e,#4f3722,#6a5435,#1c140e,#655032,#1c140e,#6a5435,#1c140e,#655032,#1c140e,#6a5435,#1c140e,#5a482e,#1c140e,#6a5435,#1c140e,#655032,#1c140e,#6a5435,#1c140e,#1c140e,#1c140e,#241a12,#1c140e,#0d0907,#1c140e,#241a12,#1c140e,#1c140e,#1c140e,#241a12,#1c140e,#1c140e,#1c140e,#241a12,#1c140e,#0d0907,#1c140e,#241a12,#614023
#c49770,#1c140e,#1c140e,#1c140e,#0a0604,#0a0604,#0a0604,#0a0604,#0a0604,#0a0604,#0a0604,#0a0604,#0a0604,#0a0604,#0a0604,#0a0604,#0a0604,#0a0604,#0a0604,#4f3722,#4f3722,#4f3722,#4f3722,#4f3722,#4f3722,#4f3722,#4f3722,#655032,#1c140e,#655032,#1c140e,#655032,#1c140e,#655032,#1c140e,#655032,#0d0907,#1c140e,#1c140e,#655032,#1c140e,#1c140e,#1c140e,#1c140e,#1c140e,#1c140e,#0a0604,#0a0604,#0a0604,#0a0604,#0a0604,#0a0604,#0a0604,#0a0604,#0a0604,#0a0604,#0a0604,#0a0604,#0a0604,#0a0604,#0a0604,#0a0604,#1c140e,#614023
#c49770,#0d0907,#0a0604,#0a0604,#deecf1,#deecf1,#deecf1,#deecf1,#deecf1,#deecf1,#deecf1,#deecf1,#deecf1,#deecf1,#deecf1,#deecf1,#deecf1,#deecf1,#d4ceae,#0a0604,#0a0604,#4f3722,#876840,#4f3722,#876840,#4f3722,#876840,#0d0907,#5a482e,#5a482e,#5a482e,#0d0907,#5a482e,#5a482e,#5a482e,#0d0907,#5a482e,#0d0907,#5a482e,#0d0907,#5a482e,#0d0907,#5a482e,#0d0907,#0a0604,#0a0604,#deecf1,#deecf1,#deecf1,#deecf1,#deecf1,#deecf1,#deecf1,#deecf1,#deecf1,#deecf1,#deecf1,#deecf1,#deecf1,#deecf1,#deecf1,#d4ceae,#0a0604,#614023
#c49770,#0a0604,#deecf1,#deecf1,#c5dce7,#768d9b,#768d9b,#768d9b,#768d9b,#768d9b,#768d9b,#768d9b,#768d9b,#768d9b,#768d9b,#768d9b,#768d9b,#768d9b,#768d9b,#deecf1,#d4ceae,#0a0604,#4f3722,#4f3722,#4f3722,#6a5435,#1c140e,#6a5435,#1c140e,#6a5435,#1c140e,#6a5435,#1c140e,#6a5435,#1c140e,#6a5435,#0d0907,#6a5435,#1c140e,#6a5435,#1c140e,#6a5435,#1c140e,#0a0604,#deecf1,#deecf1,#c5dce7,#768d9b,#768d9b,#768d9b,#46515e,#d8a07a,#c5dce7,#d8a07a,#ffffff,#deecf1,#768d9b,#768d9b,#768d9b,#768d9b,#768d9b,#768d9b,#deecf1,#614023
#c49770,#0a0604,#d4ceae,#d4ceae,#d4ceae,#d4ceae,#d4ceae,#d4ceae,#d4ceae,#d4ceae,#d4ceae,#d4ceae,#46515e,#46515e,#46515e,#d4ceae,#d4ceae,#d4ceae,#d4ceae,#d4ceae,#d4ceae,#0a0604,#876840,#4f3722,#876840,#1c140e,#6a5435,#1c140e,#0a0604,#0a0604,#0a0604,#0a0604,#0a0604,#0a0604,#0a0604,#0a0604,#0a0604,#0a0604,#6a5435,#1c140e,#6a5435,#1c140e,#6a5435,#0a0604,#d4ceae,#d4ceae,#d4ceae,#d4ceae,#d4ceae,#d4ceae,#d4ceae,#c5dce7,#d8a07a,#c5dce7,#d8a07a,#140a1a,#d4ceae,#d4ceae,#d4ceae,#d4ceae,#d4ceae,#d4ceae,#d4ceae,#614023
#c49770,#241a12,#0a0604,#0a0604,#0a0604,#0a0604,#0a0604,#0a0604,#0a0604,#0a0604,#0a0604,#0a0604,#b9b5b9,#483c47,#a48664,#0a0604,#0a0604,#0a0604,#0a0604,#0a0604,#0a0604,#241a12,#4f3722,#876840,#4f3722,#0a0604,#0a0604,#0a0604,#d4cfd4,#d4cfd4,#d4cfd4,#d4cfd4,#d4cfd4,#d4cfd4,#d4cfd4,#d4cfd4,#d4cfd4,#c7a887,#0a0604,#0a0604,#1c140e,#6a5435,#1c140e,#6a5435,#0a0604,#0a0604,#0a0604,#0a0604,#0a0604,#0a0604,#0a0604,#e9cab5,#d8a07a,#d8a07a,#d8a07a,#e2a25e,#0a0604,#0a0604,#0a0604,#0a0604,#0a0604,#0a0604,#0a0604,#614023
#c49770,#241a12,#241a12,#241a12,#241a12,#241a12,#241a12,#241a12,#241a12,#241a12,#241a12,#0a0604,#a48664,#a48664,#342b36,#b9b5b9,#b9b5b9,#a48664,#0a0604,#0a0604,#6a5435,#4f3722,#876840,#0a0604,#0a0604,#d4cfd4,#d4cfd4,#d4cfd4,#b3a9b1,#ffffff,#b3a9b1,#b3a9b1,#645a66,#3d3541,#ffffff,#b3a9b1,#645a66,#645a66,#d4cfd4,#c7a887,#0a0604,#0a0604,#6a5435,#241a12,#6a5435,#241a12,#0a0604,#0a0604,#b9b5b9,#b9b5b9,#b9b5b9,#837a82,#a48664,#a48664,#a48664,#0a0604,#241a12,#241a12,#241a12,#241a12,#0d0907,#241a12,#241a12,#614023
#c49770,#241a12,#1c140e,#241a12,#1c140e,#241a12,#1c140e,#241a12,#1c140e,#241a12,#1c140e,#241a12,#0a0604,#0a0604,#a48664,#a48664,#342b36,#342b36,#b9b5b9,#a48664,#0a0604,#0a0604,#0a0604,#d4cfd4,#ffffff,#b3a9b1,#b3a9b1,#b3a9b1,#645a66,#b3a9b1,#140a1a,#d4cfd4,#d4cfd4,#645a66,#b3a9b1,#140a1a,#b3a9b1,#3d3541,#3d3541,#3d3541,#d4cfd4,#c7a887,#0a0604,#0a0604,#0a0604,#0a0604,#b9b5b9,#b9b5b9,#837a82,#a48664,#a48664,#a48664,#0a0604,#0a0604,#0a0604,#241a12,#1c140e,#241a12,#1c140e,#241a12,#0d0907,#241a12,#1c140e,#614023
#c49770,#241a12,#241a12,#241a12,#241a12,#241a12,#241a12,#241a12,#241a12,#241a12,#4f3722,#4f3722,#4f3722,#4f3722,#0a0604,#0a0604,#a48664,#a48664,#a48664,#221b26,#b9b5b9,#e9cab5,#e9cab5,#d8a07a,#d8a07a,#140a1a,#b3a9b1,#645a66,#645a66,#b3a9b1,#d4cfd4,#d4cfd4,#645a66,#645a66,#3d3541,#d8a07a,#d8a07a,#d8a07a,#d8a07a,#ffffff,#b3a9b1,#3d3541,#d4cfd4,#b9b5b9,#b9b5b9,#b9b5b9,#a48664,#a48664,#a48664,#0a0604,#0a0604,#0a0604,#241a12,#241a12,#241a12,#241a12,#241a12,#241a12,#241a12,#241a12,#0d0907,#241a12,#241a12,#614023
#c49770,#241a12,#241a12,#241a12,#1c140e,#241a12,#241a12,#241a12,#1c140e,#241a12,#4f3722,#4f3722,#4f3722,#4f3722,#4f3722,#4f3722,#0a0604,#0a0604,#0a0604,#ffffff,#837a82,#d8a07a,#89512e,#513022,#837a82,#d8a07a,#b3a9b1,#3d3541,#3d3541,#645a66,#645a66,#645a66,#b3a9b1,#645a66,#3d3541,#d8a07a,#513022,#513022,#89512e,#d8a07a,#140a1a,#837a82,#837a82,#837a82,#221b26,#a48664,#0a0604,#0a0604,#0a0604,#241a12,#241a12,#241a12,#1c140e,#241a12,#241a12,#241a12,#1c140e,#241a12,#241a12,#241a12,#0d0907,#241a12,#241a12,#614023
#c49770,#241a12,#241a12,#241a12,#241a12,#241a12,#241a12,#241a12,#241a12,#241a12,#241a12,#4f3722,#0d0907,#241a12,#4f3722,#4f3722,#876840,#4f3722,#876840,#0a0604,#140a1a,#d8a07a,#513022,#513022,#837a82,#d8a07a,#837a82,#837a82,#837a82,#d4cfd4,#3d3541,#645a66,#645a66,#645a66,#3d3541,#d8a07a,#b3a9b1,#b3a9b1,#d8a07a,#513022,#837a82,#837a82,#221b26,#221b26,#c7a887,#0a0604,#6a5435,#241a12,#5a482e,#241a12,#241a12,#241a12,#241a12,#241a12,#241a12,#241a12,#241a12,#241a12,#241a12,#241a12,#0d0907,#241a12,#241a12,#614023
#c49770,#241a12,#241a12,#241a12,#241a12,#241a12,#241a12,#241a12,#241a12,#241a12,#241a12,#241a12,#0d0907,#241a12,#4f3722,#4f3722,#4f3722,#4f3722,#0a0604,#d4cfd4,#b3a9b1,#b3a9b1,#b3a9b1,#b3a9b1,#d8a07a,#d8a07a,#d8a07a,#e9cab5,#e9cab5,#837a82,#837a82,#b3a9b1,#3d3541,#3d3541,#3d3541,#d8a07a,#d8a07a,#d8a07a,#d8a07a,#513022,#837a82,#d4cfd4,#b3a9b1,#b3a9b1,#b3a9b1,#c7a887,#0a0604,#241a12,#0d0907,#241a12,#241a12,#241a12,#241a12,#241a12,#241a12,#241a12,#241a12,#241a12,#241a12,#241a12,#0d0907,#241a12,#241a12,#614023
#c49770,#241a12,#2c2016,#241a12,#241a12,#241a12,#2c2016,#241a12,#241a12,#241a12,#2c2016,#241a12,#0d0907,#4f3722,#4f3722,#4f3722,#241a12,#241a12,#0a0604,#d4cfd4,#b3a9b1,#b3a9b1,#645a66,#3d3541,#d8a07a,#89512e,#513022,#513022,#513022,#837a82,#221b26,#837a82,#837a82,#837a82,#837a82,#d8a07a,#513022,#513022,#837a82,#d4cfd4,#d4cfd4,#b3a9b1,#645a66,#3d3541,#ffffff,#c7a887,#0a0604,#241a12,#0d0907,#241a12,#2c2016,#241a12,#241a12,#241a12,#2c2016,#241a12,#241a12,#241a12,#2c2016,#241a12,#0d0907,#241a12,#2c2016,#614023
#c49770,#241a12,#241a12,#241a12,#241a12,#241a12,#241a12,#241a12,#241a12,#241a12,#241a12,#241a12,#0d0907,#241a12,#4f3722,#4f3722,#241a12,#241a12,#0a0604,#d4cfd4,#b3a9b1,#645a66,#8f818d,#645a66,#b3a9b1,#e9cab5,#513022,#b3a9b1,#d8a07a,#b3a9b1,#837a82,#ffcf80,#ffcf80,#ffcf80,#ffcf80,#837a82,#b3a9b1,#b3a9b1,#d4cfd4,#d4cfd4,#b3a9b1,#b3a9b1,#b3a9b1,#645a66,#b3a9b1,#140a1a,#0a0604,#241a12,#0d0907,#241a12,#241a12,#241a12,#241a12,#241a12,#241a12,#241a12,#241a12,#241a12,#241a12,#241a12,#0d0907,#241a12,#241a12,#614023
#c49770,#241a12,#2c2016,#241a12,#2c2016,#241a12,#2c2016,#241a12,#2c2016,#241a12,#2c2016,#241a12,#0d0907,#241a12,#2c2016,#241a12,#705838,#241a12,#0a0604,#c7a887,#b3a9b1,#8f818d,#645a66,#8f818d,#d4cfd4,#d4cfd4,#b3a9b1,#b3a9b1,#b3a9b1,#b3a9b1,#ffcf80,#ffcf80,#ffcf80,#ffcf80,#ffcf80,#ffcf80,#b3a9b1,#d4cfd4,#d4cfd4,#b3a9b1,#b3a9b1,#8f818d,#645a66,#645a66,#3d3541,#c7a887,#0a0604,#241a12,#5a482e,#241a12,#2c2016,#241a12,#2c2016,#241a12,#2c2016,#241a12,#2c2016,#241a12,#2c2016,#241a12,#0d0907,#241a12,#2c2016,#614023
#c49770,#2c2016,#241a12,#2c2016,#241a12,#2c2016,#241a12,#2c2016,#241a12,#2c2016,#241a12,#2c2016,#0d0907,#2c2016,#241a12,#2c2016,#241a12,#2c2016,#241a12,#0a0604,#d4cfd4,#b3a9b1,#8f818d,#645a66,#b3a9b1,#b3a9b1,#b3a9b1,#645a66,#3d3541,#ffcf80,#ffcf80,#ffcf80,#ffcf80,#ffcf80,#ffcf80,#ffcf80,#ffcf80,#d4cfd4,#b3a9b1,#645a66,#8f818d,#645a66,#645a66,#645a66,#c7a887,#0a0604,#241a12,#2c2016,#0d0907,#2c2016,#241a12,#2c2016,#241a12,#2c2016,#241a12,#2c2016,#241a12,#2c2016,#241a12,#2c2016,#0d0907,#2c2016,#241a12,#614023
#c49770,#241a12,#2c2016,#241a12,#2c2016,#241a12,#2c2016,#241a12,#2c2016,#241a12,#2c2016,#241a12,#0d0907,#241a12,#2c2016,#241a12,#2c2016,#241a12,#705838,#0a0604,#c7a887,#645a66,#645a66,#b3a9b1,#645a66,#8f818d,#645a66,#645a66,#3d3541,#ffcf80,#ffcf80,#ffcf80,#ffcf80,#ffcf80,#ffcf80,#ffcf80,#ffcf80,#b3a9b1,#b3a9b1,#8f818d,#645a66,#645a66,#645a66,#3d3541,#c7a887,#0a0604,#705838,#241a12,#0d0907,#241a12,#2c2016,#241a12,#2c2016,#241a12,#2c2016,#241a12,#2c2016,#241a12,#2c2016,#241a12,#0d0907,#241a12,#2c2016,#614023
#c49770,#2c2016,#241a12,#2c2016,#241a12,#2c2016,#241a12,#2c2016,#241a12,#2c2016,#241a12,#2c2016,#0d0907,#2c2016,#241a12,#2c2016,#241a12,#2c2016,#241a12,#2c2016,#0a0604,#c7a887,#c7a887,#645a66,#645a66,#645a66,#645a66,#645a66,#3d3541,#ffcf80,#ffcf80,#ffcf80,#ffcf80,#ffcf80,#ffcf80,#ffcf80,#ffcf80,#b3a9b1,#645a66,#645a66,#645a66,#3d3541,#c7a887,#c7a887,#0a0604,#2c2016,#241a12,#2c2016,#0d0907,#2c2016,#241a12,#2c2016,#241a12,#2c2016,#241a12,#2c2016,#241a12,#2c2016,#241a12,#2c2016,#0d0907,#2c2016,#241a12,#614023
#c49770,#0d0907,#0d0907,#0d0907,#0d0907,#0d0907,#0d0907,#0d0907,#0d0907,#0d0907,#0d0907,#0d0907,#0d0907,#0d0907,#0d0907,#0d0907,#5a482e,#0d0907,#0d0907,#0d0907,#5a482e,#0a0604,#0a0604,#c7a887,#c7a887,#645a66,#3d3541,#3d3541,#3d3541,#ffcf80,#ffcf80,#ffcf80,#ffcf80,#ffcf80,#ffcf80,#ffcf80,#ffcf80,#b3a9b1,#645a66,#3d3541,#c7a887,#c7a887,#0a0604,#0a0604,#5a482e,#0d0907,#5a482e,#0d0907,#5a482e,#0d0907,#0d0907,#0d0907,#0d0907,#0d0907,#0d0907,#0d0907,#0d0907,#0d0907,#0d0907,#0d0907,#0d0907,#0d0907,#0d0907,#614023
#c49770,#2c2016,#241a12,#2c2016,#241a12,#2c2016,#241a12,#2c2016,#241a12,#2c2016,#241a12,#2c2016,#0d0907,#2c2016,#241a12,#2c2016,#241a12,#2c2016,#241a12,#2c2016,#241a12,#2c2016,#241a12,#0a0604,#0a0604,#c7a887,#c7a887,#e2a25e,#d8a07a,#b3a9b1,#ffcf80,#ffcf80,#ffcf80,#ffcf80,#ffcf80,#ffcf80,#b3a9b1,#b3a9b1,#c7a887,#c7a887,#0a0604,#0a0604,#241a12,#2c2016,#241a12,#2c2016,#241a12,#2c2016,#0d0907,#2c2016,#241a12,#2c2016,#241a12,#2c2016,#241a12,#2c2016,#241a12,#2c2016,#241a12,#2c2016,#0d0907,#2c2016,#241a12,#614023
#c49770,#2c2016,#2c2016,#2c2016,#2c2016,#2c2016,#2c2016,#2c2016,#2c2016,#2c2016,#2c2016,#2c2016,#0d0907,#2c2016,#2c2016,#2c2016,#2c2016,#2c2016,#2c2016,#2c2016,#2c2016,#2c2016,#705838,#2c2016,#5a482e,#0a0604,#0a0604,#0a0604,#c7a887,#e2a25e,#e2a25e,#ffcf80,#ffcf80,#ffcf80,#ffcf80,#c7a887,#c7a887,#c7a887,#0a0604,#0a0604,#705838,#2c2016,#705838,#2c2016,#705838,#2c2016,#705838,#2c2016,#0d0907,#2c2016,#2c2016,#2c2016,#2c2016,#2c2016,#2c2016,#2c2016,#2c2016,#2c2016,#2c2016,#2c2016,#0d0907,#2c2016,#2c2016,#614023
#c49770,#2c2016,#2c2016,#2c2016,#241a12,#2c2016,#2c2016,#2c2016,#241a12,#2c2016,#2c2016,#2c2016,#0d0907,#2c2016,#2c2016,#2c2016,#241a12,#2c2016,#2c2016,#2c2016,#241a12,#2c2016,#2c2016,#2c2016,#0d0907,#2c2016,#2c2016,#705838,#0a0604,#0a0604,#0a0604,#0a0604,#0a0604,#0a0604,#0a0604,#0a0604,#0a0604,#0a0604,#2c2016,#705838,#241a12,#2c2016,#2c2016,#2c2016,#241a12,#2c2016,#2c2016,#2c2016,#0d0907,#2c2016,#2c2016,#2c2016,#241a12,#2c2016,#2c2016,#2c2016,#241a12,#2c2016,#2c2016,#2c2016,#0d0907,#2c2016,#2c2016,#614023
#c49770,#2c2016,#2c2016,#2c2016,#2c2016,#2c2016,#2c2016,#2c2016,#2c2016,#2c2016,#2c2016,#2c2016,#0d0907,#2c2016,#2c2016,#2c2016,#2c2016,#2c2016,#2c2016,#2c2016,#705838,#2c2016,#705838,#2c2016,#5a482e,#2c2016,#705838,#2c2016,#705838,#2c2016,#705838,#2c2016,#705838,#2c2016,#705838,#2c2016,#5a482e,#2c2016,#705838,#2c2016,#705838,#2c2016,#705838,#2c2016,#705838,#2c2016,#2c2016,#2c2016,#0d0907,#2c2016,#2c2016,#2c2016,#2c2016,#2c2016,#2c2016,#2c2016,#2c2016,#2c2016,#2c2016,#2c2016,#0d0907,#2c2016,#2c2016,#614023
#c49770,#2c2016,#2c2016,#2c2016,#2c2016,#2c2016,#2c2016,#2c2016,#2c2016,#2c2016,#2c2016,#2c2016,#0d0907,#2c2016,#2c2016,#2c2016,#2c2016,#2c2016,#2c2016,#2c2016,#2c2016,#2c2016,#2c2016,#2c2016,#0d0907,#2c2016,#2c2016,#2c2016,#2c2016,#705838,#2c2016,#2c2016,#2c2016,#705838,#2c2016,#2c2016,#0d0907,#705838,#2c2016,#2c2016,#2c2016,#2c2016,#2c2016,#2c2016,#2c2016,#2c2016,#2c2016,#2c2016,#0d0907,#2c2016,#2c2016,#2c2016,#2c2016,#2c2016,#2c2016,#2c2016,#2c2016,#2c2016,#2c2016,#2c2016,#0d0907,#2c2016,#2c2016,#614023
#c49770,#2c2016,#34261a,#2c2016,#2c2016,#2c2016,#34261a,#2c2016,#2c2016,#2c2016,#34261a,#2c2016,#0d0907,#2c2016,#34261a,#2c2016,#2c2016,#2c2016,#34261a,#2c2016,#2c2016,#2c2016,#755c3b,#2c2016,#0d0907,#2c2016,#755c3b,#2c2016,#705838,#2c2016,#755c3b,#2c2016,#705838,#2c2016,#755c3b,#2c2016,#5a482e,#2c2016,#755c3b,#2c2016,#2c2016,#2c2016,#755c3b,#2c2016,#2c2016,#2c2016,#34261a,#2c2016,#0d0907,#2c2016,#34261a,#2c2016,#2c2016,#2c2016,#34261a,#2c2016,#2c2016,#2c2016,#34261a,#2c2016,#0d0907,#2c2016,#34261a,#614023
#c49770,#2c2016,#2c2016,#2c2016,#2c2016,#2c2016,#2c2016,#2c2016,#2c2016,#2c2016,#2c2016,#2c2016,#0d0907,#2c2016,#2c2016,#2c2016,#2c2016,#2c2016,#2c2016,#2c2016,#2c2016,#2c2016,#2c2016,#2c2016,#0d0907,#2c2016,#2c2016,#2c2016,#2c2016,#2c2016,#2c2016,#2c2016,#2c2016,#2c2016,#2c2016,#2c2016,#0d0907,#2c2016,#2c2016,#2c2016,#2c2016,#2c2016,#2c2016,#2c2016,#2c2016,#2c2016,#2c2016,#2c2016,#0d0907,#2c2016,#2c2016,#2c2016,#2c2016,#2c2016,#2c2016,#2c2016,#2c2016,#2c2016,#2c2016,#2c2016,#0d0907,#2c2016,#2c2016,#614023
#c49770,#2c2016,#34261a,#2c2016,#34261a,#2c2016,#34261a,#2c2016,#34261a,#2c2016,#34261a,#2c2016,#0d0907,#2c2016,#34261a,#2c2016,#34261a,#2c2016,#34261a,#2c2016,#34261a,#2c2016,#34261a,#2c2016,#5a482e,#2c2016,#34261a,#2c2016,#755c3b,#2c2016,#755c3b,#2c2016,#755c3b,#2c2016,#755c3b,#2c2016,#5a482e,#2c2016,#34261a,#2c2016,#755c3b,#2c2016,#34261a,#2c2016,#34261a,#2c2016,#34261a,#2c2016,#0d0907,#2c2016,#34261a,#2c2016,#34261a,#2c2016,#34261a,#2c2016,#34261a,#2c2016,#34261a,#2c2016,#0d0907,#2c2016,#34261a,#614023
#c49770,#34261a,#2c2016,#34261a,#2c2016,#34261a,#2c2016,#34261a,#2c2016,#34261a,#2c2016,#34261a,#0d0907,#34261a,#2c2016,#34261a,#2c2016,#34261a,#2c2016,#34261a,#2c2016,#34261a,#2c2016,#34261a,#0d0907,#34261a,#2c2016,#34261a,#2c2016,#34261a,#2c2016,#34261a,#2c2016,#34261a,#2c2016,#34261a,#0d0907,#34261a,#2c2016,#34261a,#2c2016,#34261a,#2c2016,#34261a,#2c2016,#34261a,#2c2016,#34261a,#0d0907,#34261a,#2c2016,#34261a,#2c2016,#34261a,#2c2016,#34261a,#2c2016,#34261a,#2c2016,#34261a,#0d0907,#34261a,#2c2016,#614023
#c49770,#2c2016,#34261a,#2c2016,#34261a,#2c2016,#34261a,#2c2016,#34261a,#2c2016,#34261a,#2c2016,#0d0907,#2c2016,#34261a,#2c2016,#34261a,#2c2016,#34261a,#2c2016,#34261a,#2c2016,#34261a,#2c2016,#0d0907,#2c2016,#34261a,#2c2016,#34261a,#2c2016,#34261a,#2c2016,#34261a,#2c2016,#34261a,#2c2016,#0d0907,#2c2016,#34261a,#2c2016,#34261a,#2c2016,#34261a,#2c2016,#34261a,#2c2016,#34261a,#2c2016,#0d0907,#2c2016,#34261a,#2c2016,#34261a,#2c2016,#34261a,#2c2016,#34261a,#2c2016,#34261a,#2c2016,#0d0907,#2c2016,#34261a,#614023
#c49770,#34261a,#2c2016,#34261a,#2c2016,#34261a,#2c2016,#34261a,#2c2016,#34261a,#2c2016,#34261a,#0d0907,#34261a,#2c2016,#34261a,#2c2016,#34261a,#2c2016,#34261a,#2c2016,#34261a,#2c2016,#34261a,#0d0907,#34261a,#2c2016,#34261a,#2c2016,#34261a,#2c2016,#34261a,#2c2016,#34261a,#2c2016,#34261a,#0d0907,#34261a,#2c2016,#34261a,#2c2016,#34261a,#2c2016,#34261a,#2c2016,#34261a,#2c2016,#34261a,#0d0907,#34261a,#2c2016,#34261a,#2c2016,#34261a,#2c2016,#34261a,#2c2016,#34261a,#2c2016,#34261a,#0d0907,#34261a,#2c2016,#614023
#c49770,#34261a,#34261a,#34261a,#34261a,#34261a,#34261a,#34261a,#34261a,#34261a,#34261a,#34261a,#0d0907,#34261a,#34261a,#34261a,#34261a,#34261a,#34261a,#34261a,#34261a,#34261a,#34261a,#34261a,#0d0907,#34261a,#34261a,#34261a,#34261a,#34261a,#34261a,#34261a,#34261a,#34261a,#34261a,#34261a,#0d0907,#34261a,#34261a,#34261a,#34261a,#34261a,#34261a,#34261a,#34261a,#34261a,#34261a,#34261a,#0d0907,#34261a,#34261a,#34261a,#34261a,#34261a,#34261a,#34261a,#34261a,#34261a,#34261a,#34261a,#0d0907,#34261a,#34261a,#614023
#c49770,#34261a,#2c2016,#34261a,#2c2016,#34261a,#2c2016,#34261a,#2c2016,#34261a,#2c2016,#34261a,#0d0907,#34261a,#2c2016,#34261a,#2c2016,#34261a,#2c2016,#34261a,#2c2016,#34261a,#2c2016,#34261a,#0d0907,#34261a,#2c2016,#34261a,#2c2016,#34261a,#2c2016,#34261a,#2c2016,#34261a,#2c2016,#34261a,#0d0907,#34261a,#2c2016,#34261a,#2c2016,#34261a,#2c2016,#34261a,#2c2016,#34261a,#2c2016,#34261a,#0d0907,#34261a,#2c2016,#34261a,#2c2016,#34261a,#2c2016,#34261a,#2c2016,#34261a,#2c2016,#34261a,#0d0907,#34261a,#2c2016,#614023
#c49770,#34261a,#34261a,#34261a,#34261a,#34261a,#34261a,#34261a,#34261a,#34261a,#34261a,#34261a,#0d0907,#34261a,#34261a,#34261a,#34261a,#34261a,#34261a,#34261a,#34261a,#34261a,#34261a,#34261a,#0d0907,#34261a,#34261a,#34261a,#34261a,#34261a,#34261a,#34261a,#34261a,#34261a,#34261a,#34261a,#0d0907,#34261a,#34261a,#34261a,#34261a,#34261a,#34261a,#34261a,#34261a,#34261a,#34261a,#34261a,#0d0907,#34261a,#34261a,#34261a,#34261a,#34261a,#34261a,#34261a,#34261a,#34261a,#34261a,#34261a,#0d0907,#34261a,#34261a,#614023
#c49770,#34261a,#34261a,#34261a,#2c2016,#34261a,#34261a,#34261a,#2c2016,#34261a,#34261a,#34261a,#0d0907,#34261a,#34261a,#34261a,#2c2016,#34261a,#34261a,#34261a,#2c2016,#34261a,#34261a,#34261a,#0d0907,#34261a,#34261a,#34261a,#2c2016,#34261a,#34261a,#34261a,#2c2016,#34261a,#34261a,#34261a,#0d0907,#34261a,#34261a,#34261a,#2c2016,#34261a,#34261a,#34261a,#2c2016,#34261a,#34261a,#34261a,#0d0907,#34261a,#34261a,#34261a,#2c2016,#34261a,#34261a,#34261a,#2c2016,#34261a,#34261a,#34261a,#0d0907,#34261a,#34261a,#614023
#c49770,#0d0907,#0d0907,#0d0907,#0d0907,#0d0907,#0d0907,#0d0907,#0d0907,#0d0907,#0d0907,#0d0907,#070504,#070504,#070504,#070504,#070504,#070504,#070504,#070504,#070504,#070504,#070504,#070504,#070504,#070504,#070504,#070504,#070504,#070504,#070504,#070504,#070504,#070504,#070504,#070504,#070504,#070504,#070504,#070504,#070504,#070504,#070504,#070504,#070504,#070504,#070504,#070504,#070504,#070504,#070504,#070504,#070504,#070504,#0d0907,#0d0907,#0d0907,#0d0907,#0d0907,#0d0907,#0d0907,#0d0907,#0d0907,#614023
#c49770,#3a2a1a,#3a2a1a,#3a2a1a,#3a2a1a,#3a2a1a,#3a2a1a,#20170e,#3a2a1a,#20170e,#3a2a1a,#20170e,#3a2a1a,#20170e,#3a2a1a,#20170e,#3a2a1a,#20170e,#3a2a1a,#20170e,#3a2a1a,#20170e,#3a2a1a,#20170e,#3a2a1a,#20170e,#3a2a1a,#20170e,#3a2a1a,#20170e,#3a2a1a,#20170e,#3a2a1a,#20170e,#3a2a1a,#20170e,#3a2a1a,#20170e,#3a2a1a,#20170e,#3a2a1a,#20170e,#3a2a1a,#20170e,#3a2a1a,#20170e,#3a2a1a,#20170e,#3a2a1a,#20170e,#3a2a1a,#20170e,#3a2a1a,#20170e,#3a2a1a,#20170e,#3a2a1a,#20170e,#3a2a1a,#3a2a1a,#3a2a1a,#3a2a1a,#3a2a1a,#614023
#c49770,#3a2a1a,#3a2a1a,#3a2a1a,#3a2a1a,#20170e,#20170e,#20170e,#20170e,#20170e,#20170e,#20170e,#20170e,#20170e,#20170e,#20170e,#20170e,#20170e,#20170e,#20170e,#20170e,#20170e,#20170e,#20170e,#20170e,#20170e,#20170e,#20170e,#20170e,#20170e,#20170e,#20170e,#20170e,#20170e,#20170e,#20170e,#20170e,#20170e,#20170e,#20170e,#20170e,#20170e,#20170e,#20170e,#20170e,#20170e,#20170e,#20170e,#20170e,#20170e,#20170e,#20170e,#20170e,#20170e,#20170e,#20170e,#20170e,#20170e,#20170e,#20170e,#20170e,#3a2a1a,#3a2a1a,#614023
#c49770,#3a2a1a,#3a2a1a,#3a2a1a,#3a2a1a,#3a2a1a,#3a2a1a,#20170e,#3a2a1a,#20170e,#3a2a1a,#20170e,#3a2a1a,#20170e,#3a2a1a,#20170e,#3a2a1a,#20170e,#3a2a1a,#20170e,#3a2a1a,#20170e,#3a2a1a,#20170e,#3a2a1a,#20170e,#3a2a1a,#20170e,#3a2a1a,#20170e,#3a2a1a,#20170e,#3a2a1a,#20170e,#3a2a1a,#20170e,#3a2a1a,#20170e,#3a2a1a,#20170e,#3a2a1a,#20170e,#3a2a1a,#20170e,#3a2a1a,#20170e,#3a2a1a,#20170e,#3a2a1a,#20170e,#3a2a1a,#20170e,#3a2a1a,#20170e,#3a2a1a,#20170e,#3a2a1a,#20170e,#3a2a1a,#3a2a1a,#3a2a1a,#3a2a1a,#3a2a1a,#614023
#c49770,#0d0907,#0d0907,#0d0907,#0d0907,#0d0907,#0d0907,#0d0907,#0d0907,#0d0907,#0d0907,#0d0907,#070504,#070504,#070504,#070504,#070504,#070504,#070504,#070504,#070504,#070504,#070504,#070504,#070504,#070504,#070504,#070504,#070504,#070504,#070504,#070504,#070504,#070504,#070504,#070504,#070504,#070504,#070504,#070504,#070504,#070504,#070504,#070504,#070504,#070504,#070504,#070504,#070504,#070504,#070504,#070504,#070504,#070504,#0d0907,#0d0907,#0d0907,#0d0907,#0d0907,#0d0907,#0d0907,#0d0907,#0d0907,#614023
#c49770,#3a2a1a,#3a2a1a,#3a2a1a,#3a2a1a,#3a2a1a,#3a2a1a,#3a2a1a,#3a2a1a,#3a2a1a,#3a2a1a,#3a2a1a,#3a2a1a,#3a2a1a,#3a2a1a,#3a2a1a,#3a2a1a,#3a2a1a,#3a2a1a,#3a2a1a,#3a2a1a,#3a2a1a,#3a2a1a,#3a2a1a,#3a2a1a,#3a2a1a,#3a2a1a,#3a2a1a,#3a2a1a,#3a2a1a,#3a2a1a,#3a2a1a,#3a2a1a,#3a2a1a,#3a2a1a,#3a2a1a,#3a2a1a,#3a2a1a,#3a2a1a,#3a2a1a,#3a2a1a,#3a2a1a,#3a2a1a,#3a2a1a,#3a2a1a,#3a2a1a,#3a2a1a,#3a2a1a,#3a2a1a,#3a2a1a,#3a2a1a,#3a2a1a,#3a2a1a,#3a2a1a,#3a2a1a,#3a2a1a,#3a2a1a,#3a2a1a,#3a2a1a,#3a2a1a,#3a2a1a,#3a2a1a,#3a2a1a,#614023
#c49770,#3a2a1a,#3a2a1a,#3a2a1a,#3a2a1a,#3a2a1a,#3a2a1a,#3a2a1a,#3a2a1a,#3a2a1a,#3a2a1a,#3a2a1a,#3a2a1a,#3a2a1a,#3a2a1a,#3a2a1a,#3a2a1a,#3a2a1a,#3a2a1a,#3a2a1a,#3a2a1a,#3a2a1a,#3a2a1a,#3a2a1a,#3a2a1a,#3a2a1a,#3a2a1a,#3a2a1a,#3a2a1a,#3a2a1a,#3a2a1a,#3a2a1a,#3a2a1a,#3a2a1a,#3a2a1a,#3a2a1a,#3a2a1a,#3a2a1a,#3a2a1a,#3a2a1a,#3a2a1a,#3a2a1a,#3a2a1a,#3a2a1a,#3a2a1a,#3a2a1a,#3a2a1a,#3a2a1a,#3a2a1a,#3a2a1a,#3a2a1a,#3a2a1a,#3a2a1a,#3a2a1a,#3a2a1a,#3a2a1a,#3a2a1a,#3a2a1a,#3a2a1a,#3a2a1a,#3a2a1a,#3a2a1a,#3a2a1a,#614023
#c49770,#3a2a1a,#3a2a1a,#3a2a1a,#3a2a1a,#3a2a1a,#3a2a1a,#3a2a1a,#3a2a1a,#3a2a1a,#3a2a1a,#3a2a1a,#3a2a1a,#3a2a1a,#3a2a1a,#3a2a1a,#3a2a1a,#3a2a1a,#3a2a1a,#3a2a1a,#3a2a1a,#3a2a1a,#3a2a1a,#3a2a1a,#3a2a1a,#3a2a1a,#3a2a1a,#3a2a1a,#3a2a1a,#3a2a1a,#3a2a1a,#3a2a1a,#3a2a1a,#3a2a1a,#3a2a1a,#3a2a1a,#3a2a1a,#3a2a1a,#3a2a1a,#3a2a1a,#3a2a1a,#3a2a1a,#3a2a1a,#3a2a1a,#3a2a1a,#3a2a1a,#3a2a1a,#3a2a1a,#3a2a1a,#3a2a1a,#3a2a1a,#3a2a1a,#3a2a1a,#3a2a1a,#3a2a1a,#3a2a1a,#3a2a1a,#3a2a1a,#3a2a1a,#3a2a1a,#3a2a1a,#3a2a1a,#3a2a1a,#614023
#c49770,#0d0907,#0d0907,#0d0907,#0d0907,#0d0907,#0d0907,#0d0907,#0d0907,#0d0907,#0d0907,#0d0907,#0d0907,#0d0907,#0d0907,#0d0907,#0d0907,#0d0907,#0d0907,#0d0907,#0d0907,#0d0907,#0d0907,#0d0907,#0d0907,#0d0907,#0d0907,#0d0907,#0d0907,#0d0907,#0d0907,#0d0907,#0d0907,#0d0907,#0d0907,#0d0907,#0d0907,#0d0907,#0d0907,#0d0907,#0d0907,#0d0907,#0d0907,#0d0907,#0d0907,#0d0907,#0d0907,#0d0907,#0d0907,#0d0907,#0d0907,#0d0907,#0d0907,#0d0907,#0d0907,#0d0907,#0d0907,#0d0907,#0d0907,#0d0907,#0d0907,#0d0907,#0d0907,#614023
#c49770,#3a2a1a,#3a2a1a,#3a2a1a,#3a2a1a,#3a2a1a,#3a2a1a,#3a2a1a,#3a2a1a,#3a2a1a,#3a2a1a,#3a2a1a,#3a2a1a,#3a2a1a,#3a2a1a,#3a2a1a,#3a2a1a,#3a2a1a,#3a2a1a,#3a2a1a,#3a2a1a,#3a2a1a,#3a2a1a,#3a2a1a,#3a2a1a,#3a2a1a,#3a2a1a,#3a2a1a,#3a2a1a,#3a2a1a,#3a2a1a,#3a2a1a,#3a2a1a,#3a2a1a,#3a2a1a,#3a2a1a,#3a2a1a,#3a2a1a,#3a2a1a,#3a2a1a,#3a2a1a,#3a2a1a,#3a2a1a,#3a2a1a,#3a2a1a,#3a2a1a,#3a2a1a,#3a2a1a,#3a2a1a,#3a2a1a,#3a2a1a,#3a2a1a,#3a2a1a,#3a2a1a,#3a2a1a,#3a2a1a,#3a2a1a,#3a2a1a,#3a2a1a,#3a2a1a,#3a2a1a,#3a2a1a,#3a2a1a,#614023
#c49770,#3a2a1a,#3a2a1a,#3a2a1a,#3a2a1a,#3a2a1a,#3a2a1a,#3a2a1a,#3a2a1a,#3a2a1a,#3a2a1a,#3a2a1a,#3a2a1a,#3a2a1a,#3a2a1a,#3a2a1a,#3a2a1a,#3a2a1a,#3a2a1a,#3a2a1a,#3a2a1a,#3a2a1a,#3a2a1a,#3a2a1a,#3a2a1a,#3a2a1a,#3a2a1a,#3a2a1a,#3a2a1a,#3a2a1a,#3a2a1a,#3a2a1a,#3a2a1a,#3a2a1a,#3a2a1a,#3a2a1a,#3a2a1a,#3a2a1a,#3a2a1a,#3a2a1a,#3a2a1a,#3a2a1a,#3a2a1a,#3a2a1a,#3a2a1a,#3a2a1a,#3a2a1a,#3a2a1a,#3a2a1a,#3a2a1a,#3a2a1a,#3a2a1a,#3a2a1a,#3a2a1a,#3a2a1a,#3a2a1a,#3a2a1a,#3a2a1a,#3a2a1a,#3a2a1a,#3a2a1a,#3a2a1a,#3a2a1a,#614023
#c49770,#3a2a1a,#3a2a1a,#3a2a1a,#3a2a1a,#3a2a1a,#3a2a1a,#3a2a1a,#3a2a1a,#3a2a1a,#3a2a1a,#3a2a1a,#3a2a1a,#3a2a1a,#3a2a1a,#3a2a1a,#3a2a1a,#3a2a1a,#3a2a1a,#3a2a1a,#3a2a1a,#3a2a1a,#3a2a1a,#3a2a1a,#3a2a1a,#3a2a1a,#3a2a1a,#3a2a1a,#3a2a1a,#3a2a1a,#3a2a1a,#3a2a1a,#3a2a1a,#3a2a1a,#3a2a1a,#3a2a1a,#3a2a1a,#3a2a1a,#3a2a1a,#3a2a1a,#3a2a1a,#3a2a1a,#3a2a1a,#3a2a1a,#3a2a1a,#3a2a1a,#3a2a1a,#3a2a1a,#3a2a1a,#3a2a1a,#3a2a1a,#3a2a1a,#3a2a1a,#3a2a1a,#3a2a1a,#3a2a1a,#3a2a1a,#3a2a1a,#3a2a1a,#3a2a1a,#3a2a1a,#3a2a1a,#3a2a1a,#614023
#c49770,#0d0907,#0d0907,#0d0907,#0d0907,#0d0907,#0d0907,#0d0907,#0d0907,#0d0907,#0d0907,#0d0907,#0d0907,#0d0907,#0d0907,#0d0907,#0d0907,#0d0907,#0d0907,#0d0907,#0d0907,#0d0907,#0d0907,#0d0907,#0d0907,#0d0907,#0d0907,#0d0907,#0d0907,#0d0907,#0d0907,#0d0907,#0d0907,#0d0907,#0d0907,#0d0907,#0d0907,#0d0907,#0d0907,#0d0907,#0d0907,#0d0907,#0d0907,#0d0907,#0d0907,#0d0907,#0d0907,#0d0907,#0d0907,#0d0907,#0d0907,#0d0907,#0d0907,#0d0907,#0d0907,#0d0907,#0d0907,#0d0907,#0d0907,#0d0907,#0d0907,#0d0907,#0d0907,#614023
#c49770,#3a2a1a,#3a2a1a,#3a2a1a,#3a2a1a,#3a2a1a,#3a2a1a,#3a2a1a,#3a2a1a,#3a2a1a,#3a2a1a,#3a2a1a,#3a2a1a,#3a2a1a,#3a2a1a,#3a2a1a,#3a2a1a,#3a2a1a,#3a2a1a,#3a2a1a,#3a2a1a,#3a2a1a,#3a2a1a,#3a2a1a,#3a2a1a,#3a2a1a,#3a2a1a,#3a2a1a,#3a2a1a,#3a2a1a,#3a2a1a,#3a2a1a,#3a2a1a,#3a2a1a,#3a2a1a,#3a2a1a,#3a2a1a,#3a2a1a,#3a2a1a,#3a2a1a,#3a2a1a,#3a2a1a,#3a2a1a,#3a2a1a,#3a2a1a,#3a2a1a,#3a2a1a,#3a2a1a,#3a2a1a,#3a2a1a,#3a2a1a,#3a2a1a,#3a2a1a,#3a2a1a,#3a2a1a,#3a2a1a,#3a2a1a,#3a2a1a,#3a2a1a,#3a2a1a,#3a2a1a,#3a2a1a,#3a2a1a,#614023
#c49770,#3a2a1a,#3a2a1a,#3a2a1a,#3a2a1a,#3a2a1a,#3a2a1a,#3a2a1a,#3a2a1a,#3a2a1a,#3a2a1a,#3a2a1a,#3a2a1a,#3a2a1a,#3a2a1a,#3a2a1a,#3a2a1a,#3a2a1a,#3a2a1a,#3a2a1a,#3a2a1a,#3a2a1a,#3a2a1a,#3a2a1a,#3a2a1a,#3a2a1a,#3a2a1a,#3a2a1a,#3a2a1a,#3a2a1a,#3a2a1a,#3a2a1a,#3a2a1a,#3a2a1a,#3a2a1a,#3a2a1a,#3a2a1a,#3a2a1a,#3a2a1a,#3a2a1a,#3a2a1a,#3a2a1a,#3a2a1a,#3a2a1a,#3a2a1a,#3a2a1a,#3a2a1a,#3a2a1a,#3a2a1a,#3a2a1a,#3a2a1a,#3a2a1a,#3a2a1a,#3a2a1a,#3a2a1a,#3a2a1a,#3a2a1a,#3a2a1a,#3a2a1a,#3a2a1a,#3a2a1a,#3a2a1a,#3a2a1a,#614023
#c49770,#614023,#614023,#614023,#614023,#614023,#614023,#614023,#614023,#614023,#614023,#614023,#614023,#614023,#614023,#614023,#614023,#614023,#614023,#614023,#614023,#614023,#614023,#614023,#614023,#614023,#614023,#614023,#614023,#614023,#614023,#614023,#614023,#614023,#614023,#614023,#614023,#614023,#614023,#614023,#614023,#614023,#614023,#614023,#614023,#614023,#614023,#614023,#614023,#614023,#614023,#614023,#614023,#614023,#614023,#614023,#614023,#614023,#614023,#614023,#614023,#614023,#614023,#614023
