#372b2b,#372b2b,#372b2b,#372b2b,#372b2b,#372b2b,#372b2b,#372b2b,#372b2b,#372b2b,#372b2b,#372b2b,#372b2b,#372b2b,#372b2b,#372b2b,#372b2b,#372b2b,#372b2b,#372b2b,#372b2b,#372b2b,#372b2b,#372b2b,#372b2b,#372b2b,#372b2b,#372b2b,#372b2b,#372b2b,#372b2b,#372b2b,#372b2b,#372b2b,#372b2b,#372b2b,#372b2b,#372b2b,#372b2b,#372b2b,#372b2b,#372b2b,#372b2b,#372b2b,#372b2b,#372b2b,#372b2b,#372b2b,#372b2b,#372b2b,#372b2b,#372b2b,#372b2b,#372b2b,#372b2b,#372b2b,#372b2b,#372b2b,#372b2b,#372b2b,#372b2b,#372b2b,#372b2b,#372b2b
#372b2b,#1c0a0e,#1c0a0e,#1c0a0e,#1c0a0e,#1c0a0e,#1c0a0e,#1c0a0e,#1c0a0e,#1c0a0e,#1c0a0e,#1c0a0e,#1c0a0e,#1c0a0e,#1c0a0e,#1c0a0e,#1c0a0e,#1c0a0e,#1c0a0e,#1c0a0e,#1c0a0e,#1c0a0e,#1c0a0e,#1c0a0e,#1c0a0e,#1c0a0e,#1c0a0e,#1c0a0e,#1c0a0e,#1c0a0e,#1c0a0e,#1c0a0e,#1c0a0e,#1c0a0e,#1c0a0e,#422020,#1c0a0e,#422020,#1c0a0e,#422020,#1c0a0e,#422020,#1c0a0e,#422020,#1c0a0e,#422020,#1c0a0e,#422020,#1c0a0e,#422020,#1c0a0e,#422020,#1c0a0e,#1c0a0e,#1c0a0e,#ff6a1a,#ffc233,#ff6a1a,#1c0a0e,#1c0a0e,#1c0a0e,#1c0a0e,#1c0a0e,#140605
#372b2b,#1c0a0e,#280d10,#1c0a0e,#1c0a0e,#1c0a0e,#280d10,#1c0a0e,#1c0a0e,#1c0a0e,#280d10,#1c0a0e,#1c0a0e,#1c0a0e,#280d10,#1c0a0e,#1c0a0e,#1c0a0e,#280d10,#1c0a0e,#1c0a0e,#1c0a0e,#280d10,#1c0a0e,#1c0a0e,#1c0a0e,#280d10,#1c0a0e,#1c0a0e,#1c0a0e,#280d10,#1c0a0e,#1c0a0e,#1c0a0e,#280d10,#422020,#422020,#422020,#422020,#422020,#422020,#422020,#422020,#422020,#422020,#422020,#422020,#422020,#422020,#422020,#422020,#422020,#422020,#1c0a0e,#ff6a1a,#ffc233,#ff6a1a,#1c0a0e,#280d10,#1c0a0e,#1c0a0e,#1c0a0e,#280d10,#140605
#372b2b,#1c0a0e,#1c0a0e,#1c0a0e,#1c0a0e,#1c0a0e,#1c0a0e,#1c0a0e,#1c0a0e,#1c0a0e,#1c0a0e,#1c0a0e,#1c0a0e,#1c0a0e,#1c0a0e,#1c0a0e,#1c0a0e,#1c0a0e,#1c0a0e,#1c0a0e,#1c0a0e,#1c0a0e,#1c0a0e,#1c0a0e,#1c0a0e,#1c0a0e,#1c0a0e,#1c0a0e,#1c0a0e,#1c0a0e,#1c0a0e,#1c0a0e,#1c0a0e,#1c0a0e,#1c0a0e,#422020,#1c0a0e,#422020,#1c0a0e,#422020,#1c0a0e,#422020,#1c0a0e,#422020,#1c0a0e,#422020,#1c0a0e,#422020,#1c0a0e,#422020,#1c0a0e,#422020,#ff6a1a,#ffc233,#ffc233,#ffc233,#ff6a1a,#1c0a0e,#1c0a0e,#1c0a0e,#1c0a0e,#1c0a0e,#1c0a0e,#140605
#372b2b,#1c0a0e,#280d10,#1c0a0e,#280d10,#1c0a0e,#280d10,#1c0a0e,#280d10,#1c0a0e,#280d10,#1c0a0e,#280d10,#1c0a0e,#280d10,#1c0a0e,#280d10,#1c0a0e,#280d10,#1c0a0e,#280d10,#1c0a0e,#280d10,#1c0a0e,#280d10,#1c0a0e,#280d10,#1c0a0e,#280d10,#1c0a0e,#280d10,#1c0a0e,#280d10,#1c0a0e,#422020,#422020,#422020,#422020,#422020,#422020,#422020,#422020,#422020,#422020,#422020,#422020,#422020,#422020,#422020,#422020,#422020,#1c0a0e,#ff6a1a,#fff3b0,#fff3b0,#fff3b0,#ff6a1a,#1c0a0e,#280d10,#1c0a0e,#280d10,#1c0a0e,#280d10,#140605
#372b2b,#280d10,#1c0a0e,#280d10,#1c0a0e,#280d10,#1c0a0e,#280d10,#1c0a0e,#280d10,#1c0a0e,#280d10,#1c0a0e,#280d10,#1c0a0e,#280d10,#1c0a0e,#280d10,#1c0a0e,#280d10,#1c0a0e,#280d10,#1c0a0e,#280d10,#1c0a0e,#280d10,#1c0a0e,#280d10,#1c0a0e,#280d10,#1c0a0e,#280d10,#1c0a0e,#280d10,#1c0a0e,#422020,#1c0a0e,#422020,#1c0a0e,#422020,#1c0a0e,#422020,#1c0a0e,#422020,#1c0a0e,#422020,#1c0a0e,#422020,#1c0a0e,#422020,#d03a1a,#d03a1a,#d03a1a,#fff3b0,#fff3b0,#fff3b0,#ff6a1a,#280d10,#1c0a0e,#280d10,#1c0a0e,#280d10,#1c0a0e,#140605
#372b2b,#1c0a0e,#280d10,#1c0a0e,#280d10,#1c0a0e,#280d10,#1c0a0e,#280d10,#1c0a0e,#280d10,#1c0a0e,#280d10,#1c0a0e,#280d10,#1c0a0e,#280d10,#1c0a0e,#280d10,#1c0a0e,#280d10,#1c0a0e,#280d10,#1c0a0e,#280d10,#1c0a0e,#280d10,#1c0a0e,#280d10,#1c0a0e,#280d10,#1c0a0e,#280d10,#1c0a0e,#280d10,#422020,#422020,#422020,#422020,#422020,#422020,#422020,#422020,#422020,#422020,#422020,#422020,#422020,#422020,#1c0a0e,#d03a1a,#ff6a1a,#ffc233,#ff6a1a,#fff3b0,#fff3b0,#fff3b0,#ff6a1a,#280d10,#1c0a0e,#280d10,#1c0a0e,#280d10,#140605
#372b2b,#280d10,#1c0a0e,#280d10,#1c0a0e,#280d10,#1c0a0e,#280d10,#1c0a0e,#280d10,#1c0a0e,#280d10,#1c0a0e,#280d10,#1c0a0e,#280d10,#1c0a0e,#280d10,#1c0a0e,#280d10,#1c0a0e,#280d10,#1c0a0e,#280d10,#1c0a0e,#280d10,#1c0a0e,#280d10,#1c0a0e,#280d10,#1c0a0e,#ff6a1a,#1c0a0e,#280d10,#1c0a0e,#422020,#1c0a0e,#422020,#1c0a0e,#422020,#1c0a0e,#422020,#1c0a0e,#422020,#1c0a0e,#422020,#1c0a0e,#422020,#ff6a1a,#ffc233,#ff6a1a,#ffc233,#ffc233,#ffc233,#ff6a1a,#3f3340,#ca7c5b,#140605,#1c0a0e,#280d10,#1c0a0e,#280d10,#1c0a0e,#140605
#372b2b,#280d10,#280d10,#1c0a0e,#280d10,#280d10,#280d10,#1c0a0e,#280d10,#280d10,#280d10,#1c0a0e,#280d10,#280d10,#280d10,#1c0a0e,#280d10,#280d10,#280d10,#1c0a0e,#280d10,#280d10,#280d10,#1c0a0e,#280d10,#280d10,#280d10,#1c0a0e,#280d10,#280d10,#280d10,#1c0a0e,#280d10,#280d10,#280d10,#422020,#422020,#422020,#422020,#422020,#422020,#422020,#422020,#422020,#422020,#422020,#422020,#ff6a1a,#ffc233,#ff6a1a,#ff6a1a,#fff3b0,#fff3b0,#fff3b0,#ff6a1a,#ffffff,#ffffff,#140605,#280d10,#1c0a0e,#280d10,#280d10,#280d10,#140605
#372b2b,#280d10,#1c0a0e,#280d10,#1c0a0e,#280d10,#1c0a0e,#280d10,#1c0a0e,#280d10,#1c0a0e,#280d10,#1c0a0e,#280d10,#1c0a0e,#280d10,#1c0a0e,#280d10,#1c0a0e,#280d10,#1c0a0e,#280d10,#1c0a0e,#280d10,#1c0a0e,#280d10,#1c0a0e,#280d10,#1c0a0e,#280d10,#1c0a0e,#280d10,#1c0a0e,#280d10,#1c0a0e,#280d10,#1c0a0e,#422020,#1c0a0e,#422020,#1c0a0e,#422020,#1c0a0e,#422020,#1c0a0e,#422020,#ff6a1a,#ffc233,#ffc233,#ffc233,#ff6a1a,#fff3b0,#fff3b0,#fff3b0,#ff6a1a,#ffffff,#ffffff,#140605,#1c0a0e,#280d10,#1c0a0e,#280d10,#1c0a0e,#140605
#372b2b,#280d10,#280d10,#280d10,#280d10,#280d10,#280d10,#280d10,#280d10,#280d10,#280d10,#280d10,#280d10,#280d10,#280d10,#280d10,#280d10,#280d10,#280d10,#280d10,#280d10,#280d10,#280d10,#280d10,#280d10,#280d10,#280d10,#280d10,#280d10,#280d10,#280d10,#280d10,#280d10,#280d10,#422020,#422020,#422020,#422020,#422020,#422020,#422020,#422020,#422020,#422020,#422020,#422020,#ff6a1a,#fff3b0,#fff3b0,#fff3b0,#ff6a1a,#b7a7b0,#695764,#695764,#ffb030,#140605,#140605,#280d10,#280d10,#280d10,#280d10,#280d10,#280d10,#140605
#372b2b,#280d10,#280d10,#280d10,#1c0a0e,#280d10,#280d10,#280d10,#1c0a0e,#280d10,#280d10,#280d10,#1c0a0e,#280d10,#280d10,#280d10,#1c0a0e,#280d10,#280d10,#280d10,#1c0a0e,#280d10,#280d10,#280d10,#1c0a0e,#280d10,#280d10,#280d10,#1c0a0e,#280d10,#280d10,#280d10,#1c0a0e,#422020,#280d10,#422020,#1c0a0e,#422020,#280d10,#422020,#1c0a0e,#422020,#280d10,#422020,#1c0a0e,#422020,#d03a1a,#fff3b0,#fff3b0,#fff3b0,#fff3b0,#fff3b0,#ff6a1a,#3f3340,#ca7c5b,#140605,#1c0a0e,#280d10,#280d10,#280d10,#1c0a0e,#280d10,#280d10,#140605
#372b2b,#280d10,#280d10,#280d10,#280d10,#280d10,#280d10,#280d10,#280d10,#280d10,#280d10,#280d10,#280d10,#280d10,#280d10,#280d10,#280d10,#280d10,#280d10,#280d10,#280d10,#280d10,#280d10,#280d10,#280d10,#280d10,#280d10,#280d10,#280d10,#280d10,#280d10,#280d10,#422020,#422020,#422020,#422020,#422020,#422020,#422020,#422020,#422020,#422020,#422020,#422020,#422020,#ff6a1a,#ffc233,#ff6a1a,#d7ced3,#b7a7b0,#695764,#695764,#3f3340,#ca7c5b,#140605,#280d10,#280d10,#280d10,#280d10,#280d10,#280d10,#280d10,#280d10,#140605
#372b2b,#280d10,#280d10,#280d10,#280d10,#280d10,#280d10,#280d10,#280d10,#280d10,#280d10,#280d10,#280d10,#280d10,#280d10,#280d10,#280d10,#280d10,#280d10,#280d10,#280d10,#280d10,#280d10,#280d10,#280d10,#280d10,#280d10,#280d10,#280d10,#280d10,#280d10,#280d10,#280d10,#422020,#280d10,#422020,#280d10,#422020,#280d10,#422020,#280d10,#422020,#280d10,#422020,#280d10,#ff6a1a,#ffc233,#ff6a1a,#d7ced3,#695764,#695764,#3f3340,#ca7c5b,#140605,#280d10,#280d10,#280d10,#280d10,#280d10,#280d10,#280d10,#280d10,#280d10,#140605
#372b2b,#280d10,#331012,#280d10,#280d10,#280d10,#331012,#280d10,#280d10,#280d10,#331012,#280d10,#280d10,#280d10,#331012,#280d10,#280d10,#280d10,#331012,#280d10,#280d10,#280d10,#331012,#280d10,#280d10,#280d10,#331012,#280d10,#280d10,#280d10,#331012,#280d10,#422020,#422020,#422020,#422020,#422020,#422020,#d03a1a,#422020,#422020,#422020,#422020,#422020,#422020,#ff6a1a,#ffc233,#ff6a1a,#b7a7b0,#695764,#3f3340,#ca7c5b,#140605,#280d10,#331012,#280d10,#280d10,#280d10,#331012,#280d10,#280d10,#280d10,#331012,#140605
#372b2b,#280d10,#280d10,#280d10,#280d10,#280d10,#280d10,#280d10,#280d10,#280d10,#280d10,#280d10,#280d10,#280d10,#280d10,#280d10,#280d10,#280d10,#280d10,#280d10,#280d10,#280d10,#280d10,#280d10,#280d10,#280d10,#280d10,#280d10,#280d10,#280d10,#280d10,#280d10,#280d10,#422020,#280d10,#422020,#280d10,#d03a1a,#d03a1a,#d03a1a,#280d10,#422020,#280d10,#ff6a1a,#fff3b0,#fff3b0,#fff3b0,#ff6a1a,#695764,#695764,#ca7c5b,#140605,#280d10,#280d10,#280d10,#280d10,#280d10,#280d10,#280d10,#280d10,#280d10,#280d10,#280d10,#140605
#372b2b,#280d10,#331012,#280d10,#331012,#280d10,#331012,#280d10,#331012,#280d10,#331012,#280d10,#331012,#280d10,#331012,#280d10,#331012,#280d10,#331012,#280d10,#331012,#280d10,#331012,#280d10,#331012,#280d10,#331012,#280d10,#331012,#280d10,#331012,#280d10,#331012,#422020,#422020,#422020,#422020,#ff6a1a,#ffc233,#ff6a1a,#422020,#422020,#ff6a1a,#fff3b0,#fff3b0,#fff3b0,#ff6a1a,#b7a7b0,#695764,#3f3340,#ca7c5b,#140605,#331012,#280d10,#331012,#280d10,#331012,#280d10,#331012,#280d10,#331012,#280d10,#331012,#140605
#372b2b,#331012,#280d10,#280d10,#280d10,#331012,#280d10,#280d10,#280d10,#331012,#280d10,#280d10,#280d10,#331012,#280d10,#280d10,#280d10,#331012,#280d10,#280d10,#280d10,#331012,#280d10,#280d10,#280d10,#331012,#280d10,#280d10,#280d10,#331012,#280d10,#280d10,#280d10,#331012,#280d10,#422020,#280d10,#422020,#ff6a1a,#ffc233,#ff6a1a,#ff6a1a,#fff3b0,#fff3b0,#fff3b0,#fff3b0,#fff3b0,#ff6a1a,#3f3340,#ca7c5b,#140605,#280d10,#280d10,#331012,#280d10,#280d10,#280d10,#331012,#280d10,#280d10,#280d10,#331012,#280d10,#140605
#372b2b,#280d10,#331012,#280d10,#331012,#280d10,#331012,#280d10,#331012,#280d10,#331012,#280d10,#331012,#280d10,#331012,#280d10,#331012,#280d10,#331012,#280d10,#331012,#280d10,#331012,#280d10,#331012,#280d10,#331012,#280d10,#331012,#280d10,#331012,#280d10,#331012,#280d10,#422020,#422020,#422020,#422020,#422020,#ff6a1a,#ffc233,#ff6a1a,#422020,#140605,#d7ced3,#b7a7b0,#695764,#3f3340,#ca7c5b,#140605,#331012,#280d10,#331012,#280d10,#331012,#280d10,#331012,#280d10,#331012,#280d10,#331012,#280d10,#331012,#140605
#372b2b,#331012,#280d10,#331012,#280d10,#331012,#280d10,#331012,#280d10,#331012,#280d10,#331012,#280d10,#331012,#280d10,#331012,#280d10,#331012,#280d10,#331012,#280d10,#331012,#280d10,#331012,#280d10,#331012,#280d10,#331012,#280d10,#331012,#280d10,#331012,#280d10,#331012,#280d10,#422020,#d03a1a,#422020,#ff6a1a,#ffc233,#ffc233,#ffc233,#ff6a1a,#d7ced3,#b7a7b0,#695764,#3f3340,#ca7c5b,#140605,#331012,#280d10,#331012,#280d10,#331012,#280d10,#331012,#280d10,#331012,#280d10,#331012,#280d10,#331012,#280d10,#140605
#372b2b,#331012,#331012,#280d10,#331012,#331012,#331012,#280d10,#331012,#331012,#331012,#280d10,#331012,#331012,#331012,#280d10,#331012,#331012,#331012,#280d10,#331012,#331012,#331012,#280d10,#331012,#331012,#331012,#280d10,#331012,#331012,#331012,#280d10,#331012,#331012,#422020,#ff6a1a,#ffc233,#ff6a1a,#ff6a1a,#ffc233,#ffc233,#ffc233,#ff6a1a,#b7a7b0,#695764,#3f3340,#ca7c5b,#140605,#331012,#331012,#331012,#280d10,#331012,#331012,#331012,#280d10,#331012,#331012,#331012,#280d10,#331012,#331012,#331012,#140605
#372b2b,#331012,#280d10,#331012,#280d10,#331012,#280d10,#331012,#280d10,#331012,#280d10,#331012,#280d10,#331012,#280d10,#331012,#280d10,#331012,#280d10,#331012,#280d10,#331012,#280d10,#331012,#280d10,#331012,#280d10,#331012,#280d10,#331012,#280d10,#331012,#280d10,#331012,#280d10,#ff6a1a,#ffc233,#ff6a1a,#ff6a1a,#fff3b0,#fff3b0,#fff3b0,#ff6a1a,#695764,#3f3340,#ca7c5b,#140605,#331012,#280d10,#331012,#280d10,#331012,#280d10,#331012,#280d10,#331012,#280d10,#331012,#280d10,#331012,#280d10,#331012,#280d10,#140605
#372b2b,#331012,#331012,#331012,#331012,#331012,#331012,#331012,#331012,#331012,#331012,#331012,#331012,#331012,#331012,#331012,#331012,#331012,#331012,#331012,#331012,#331012,#331012,#331012,#331012,#331012,#331012,#331012,#331012,#331012,#331012,#331012,#331012,#331012,#331012,#422020,#ff6a1a,#ff6a1a,#fff3b0,#fff3b0,#fff3b0,#ff6a1a,#695764,#3f3340,#ca7c5b,#140605,#331012,#331012,#331012,#331012,#331012,#331012,#331012,#331012,#331012,#ffb030,#331012,#331012,#331012,#331012,#331012,#331012,#331012,#140605
#372b2b,#331012,#280d10,#331012,#280d10,#331012,#280d10,#331012,#280d10,#331012,#280d10,#331012,#280d10,#331012,#280d10,#331012,#280d10,#331012,#280d10,#331012,#280d10,#331012,#280d10,#331012,#280d10,#331012,#280d10,#331012,#280d10,#331012,#280d10,#ff7a2a,#ff7a2a,#ff7a2a,#ff7a2a,#ff6a1a,#fff3b0,#fff3b0,#fff3b0,#fff3b0,#fff3b0,#ff6a1a,#3f3340,#ca7c5b,#140605,#331012,#280d10,#331012,#280d10,#331012,#280d10,#331012,#280d10,#331012,#280d10,#331012,#280d10,#331012,#280d10,#331012,#280d10,#331012,#280d10,#140605
#372b2b,#331012,#331012,#331012,#331012,#331012,#331012,#331012,#331012,#331012,#331012,#331012,#331012,#331012,#331012,#331012,#331012,#331012,#331012,#331012,#331012,#331012,#331012,#331012,#331012,#331012,#331012,#331012,#331012,#331012,#4a2721,#ff7a2a,#ff7a2a,#ff7a2a,#ff7a2a,#ff7a2a,#ff6a1a,#fff3b0,#fff3b0,#fff3b0,#ff6a1a,#3f3340,#ca7c5b,#140605,#331012,#331012,#331012,#331012,#331012,#331012,#331012,#331012,#331012,#331012,#331012,#331012,#ffb030,#331012,#331012,#331012,#331012,#331012,#331012,#140605
#372b2b,#331012,#331012,#331012,#331012,#331012,#331012,#331012,#331012,#331012,#331012,#331012,#331012,#331012,#331012,#331012,#331012,#331012,#331012,#331012,#331012,#331012,#331012,#331012,#331012,#331012,#331012,#331012,#331012,#4a2721,#4a2721,#4a2721,#4a2721,#ff7a2a,#f1842e,#4a2721,#ff6a1a,#fff3b0,#fff3b0,#fff3b0,#ff6a1a,#ca7c5b,#140605,#4a2721,#331012,#331012,#331012,#331012,#331012,#331012,#331012,#331012,#331012,#331012,#331012,#331012,#331012,#331012,#331012,#331012,#331012,#331012,#331012,#140605
#372b2b,#331012,#331012,#331012,#331012,#331012,#331012,#331012,#331012,#331012,#331012,#331012,#331012,#331012,#331012,#331012,#331012,#331012,#331012,#331012,#331012,#331012,#331012,#331012,#331012,#331012,#331012,#331012,#4a2721,#4a2721,#4a2721,#4a2721,#ff7a2a,#f1842e,#ff6a1a,#fff3b0,#fff3b0,#fff3b0,#fff3b0,#fff3b0,#ff6a1a,#140605,#f1842e,#4a2721,#4a2721,#331012,#331012,#331012,#331012,#331012,#331012,#331012,#331012,#331012,#331012,#331012,#331012,#331012,#331012,#331012,#331012,#331012,#331012,#140605
#372b2b,#331012,#331012,#331012,#331012,#331012,#331012,#331012,#331012,#331012,#331012,#331012,#331012,#331012,#331012,#331012,#331012,#331012,#331012,#331012,#331012,#331012,#331012,#331012,#331012,#331012,#331012,#4a2721,#4a2721,#4a2721,#4a2721,#4a2721,#ff7a2a,#f1842e,#4a2721,#140605,#d7ced3,#b7a7b0,#695764,#ca7c5b,#140605,#ff7a2a,#f1842e,#4a2721,#4a2721,#4a2721,#331012,#331012,#331012,#331012,#331012,#331012,#331012,#331012,#331012,#331012,#331012,#331012,#331012,#331012,#331012,#331012,#331012,#140605
#372b2b,#331012,#3f1314,#331012,#3f1314,#331012,#3f1314,#331012,#3f1314,#331012,#3f1314,#331012,#3f1314,#331012,#3f1314,#331012,#3f1314,#331012,#3f1314,#331012,#3f1314,#331012,#3f1314,#331012,#3f1314,#331012,#4a2721,#4a2721,#4a2721,#4a2721,#4a2721,#4a2721,#ff7a2a,#f1842e,#140605,#d7ced3,#b7a7b0,#695764,#3f3340,#ca7c5b,#140605,#ff7a2a,#f1842e,#4a2721,#4a2721,#4a2721,#4a2721,#331012,#3f1314,#331012,#3f1314,#331012,#3f1314,#331012,#3f1314,#331012,#3f1314,#331012,#3f1314,#331012,#3f1314,#331012,#3f1314,#140605
#372b2b,#331012,#331012,#331012,#331012,#331012,#331012,#331012,#331012,#331012,#331012,#331012,#331012,#331012,#331012,#331012,#331012,#331012,#331012,#331012,#331012,#331012,#331012,#331012,#331012,#4a2721,#4a2721,#4a2721,#4a2721,#4a2721,#4a2721,#ff7a2a,#f1842e,#140605,#d7ced3,#b7a7b0,#695764,#3f3340,#ca7c5b,#140605,#ff6a1a,#ff7a2a,#f1842e,#4a2721,#4a2721,#4a2721,#4a2721,#4a2721,#331012,#331012,#331012,#331012,#331012,#331012,#331012,#331012,#331012,#331012,#331012,#331012,#331012,#331012,#331012,#140605
#372b2b,#331012,#3f1314,#331012,#3f1314,#331012,#3f1314,#331012,#3f1314,#331012,#3f1314,#331012,#3f1314,#331012,#3f1314,#331012,#3f1314,#331012,#3f1314,#331012,#3f1314,#331012,#3f1314,#331012,#4a2721,#4a2721,#4a2721,#4a2721,#4a2721,#4a2721,#140605,#140605,#140605,#d7ced3,#f1987e,#f1987e,#d7ced3,#ca7c5b,#140605,#4a2721,#994010,#4a2721,#ff7a2a,#f1842e,#4a2721,#4a2721,#4a2721,#4a2721,#4a2721,#331012,#3f1314,#331012,#3f1314,#331012,#3f1314,#331012,#3f1314,#331012,#3f1314,#331012,#3f1314,#331012,#3f1314,#140605
#372b2b,#331012,#331012,#3f1314,#331012,#331012,#331012,#3f1314,#331012,#331012,#331012,#3f1314,#331012,#331012,#331012,#3f1314,#331012,#331012,#331012,#3f1314,#331012,#331012,#331012,#4a2721,#4a2721,#4a2721,#4a2721,#140605,#140605,#140605,#f7c6b7,#f7c6b7,#f7c6b7,#f1987e,#f1987e,#602b24,#ca7c5b,#140605,#4a2721,#4a2721,#4a2721,#4a2721,#ff7a2a,#f1842e,#4a2721,#4a2721,#4a2721,#4a2721,#4a2721,#4a2721,#331012,#3f1314,#331012,#331012,#331012,#3f1314,#331012,#331012,#331012,#3f1314,#331012,#331012,#331012,#140605
#372b2b,#331012,#3f1314,#331012,#3f1314,#331012,#3f1314,#331012,#3f1314,#331012,#3f1314,#331012,#3f1314,#331012,#3f1314,#331012,#3f1314,#331012,#3f1314,#331012,#3f1314,#331012,#4a2721,#4a2721,#4a2721,#4a2721,#140605,#f7c6b7,#f7c6b7,#f7c6b7,#f1987e,#f1987e,#f1987e,#a34933,#602b24,#ca7c5b,#140605,#4a2721,#4a2721,#4a2721,#4a2721,#4a2721,#ff7a2a,#f1842e,#4a2721,#4a2721,#4a2721,#4a2721,#4a2721,#4a2721,#4a2721,#331012,#3f1314,#331012,#3f1314,#331012,#3f1314,#331012,#3f1314,#331012,#3f1314,#331012,#3f1314,#140605
#372b2b,#3f1314,#331012,#3f1314,#331012,#3f1314,#331012,#3f1314,#331012,#3f1314,#331012,#3f1314,#331012,#3f1314,#331012,#3f1314,#331012,#3f1314,#331012,#3f1314,#331012,#4a2721,#140605,#140605,#140605,#140605,#f7c6b7,#f1987e,#f1987e,#f1987e,#f1987e,#f1987e,#eb6842,#a34933,#f57136,#140605,#4a2721,#4a2721,#4a2721,#4a2721,#4a2721,#4a2721,#ff7a2a,#f1842e,#4a2721,#4a2721,#4a2721,#4a2721,#4a2721,#4a2721,#4a2721,#4a2721,#331012,#3f1314,#331012,#3f1314,#331012,#3f1314,#331012,#3f1314,#331012,#3f1314,#331012,#140605
#372b2b,#331012,#3f1314,#3f1314,#3f1314,#331012,#3f1314,#3f1314,#3f1314,#331012,#3f1314,#3f1314,#3f1314,#331012,#3f1314,#3f1314,#3f1314,#331012,#3f1314,#3f1314,#4a2721,#140605,#f57136,#f7c6b7,#f7c6b7,#f7c6b7,#f1987e,#f1987e,#f1987e,#eb6842,#eb6842,#eb6842,#a34933,#a34933,#f57136,#140605,#4a2721,#4a2721,#4a2721,#4a2721,#4a2721,#4a2721,#ff7a2a,#f1842e,#4a2721,#4a2721,#4a2721,#4a2721,#4a2721,#4a2721,#4a2721,#4a2721,#4a2721,#331012,#3f1314,#3f1314,#3f1314,#331012,#3f1314,#3f1314,#3f1314,#331012,#3f1314,#140605
#372b2b,#3f1314,#331012,#3f1314,#331012,#3f1314,#331012,#3f1314,#331012,#3f1314,#331012,#3f1314,#331012,#3f1314,#331012,#3f1314,#331012,#3f1314,#331012,#4a2721,#4a2721,#4a2721,#140605,#f57136,#a34933,#f1987e,#f1987e,#f1987e,#eb6842,#eb6842,#eb6842,#a34933,#eb6842,#602b24,#f57136,#140605,#4a2721,#4a2721,#4a2721,#4a2721,#4a2721,#4a2721,#4a2721,#ff7a2a,#f1842e,#4a2721,#4a2721,#4a2721,#4a2721,#4a2721,#4a2721,#4a2721,#4a2721,#4a2721,#331012,#3f1314,#331012,#3f1314,#331012,#3f1314,#331012,#3f1314,#331012,#140605
#372b2b,#3f1314,#3f1314,#3f1314,#3f1314,#3f1314,#3f1314,#3f1314,#3f1314,#3f1314,#3f1314,#3f1314,#3f1314,#3f1314,#3f1314,#3f1314,#3f1314,#3f1314,#4a2721,#4a2721,#4a2721,#4a2721,#4a2721,#140605,#f57136,#a34933,#a34933,#eb6842,#a34933,#eb6842,#a34933,#eb6842,#a34933,#f57136,#140605,#4a2721,#4a2721,#4a2721,#4a2721,#4a2721,#4a2721,#4a2721,#4a2721,#4a2721,#ff7a2a,#f1842e,#4a2721,#4a2721,#4a2721,#4a2721,#4a2721,#4a2721,#4a2721,#4a2721,#4a2721,#3f1314,#3f1314,#3f1314,#3f1314,#3f1314,#3f1314,#3f1314,#3f1314,#140605
#372b2b,#3f1314,#331012,#3f1314,#3f1314,#3f1314,#331012,#3f1314,#3f1314,#3f1314,#331012,#3f1314,#3f1314,#3f1314,#331012,#3f1314,#3f1314,#4a2721,#4a2721,#4a2721,#4a2721,#4a2721,#4a2721,#4a2721,#140605,#f57136,#a34933,#a34933,#eb6842,#a34933,#eb6842,#a34933,#eb6842,#a34933,#f57136,#140605,#4a2721,#4a2721,#4a2721,#4a2721,#4a2721,#4a2721,#4a2721,#4a2721,#ff7a2a,#f1842e,#4a2721,#4a2721,#4a2721,#4a2721,#4a2721,#4a2721,#4a2721,#4a2721,#4a2721,#4a2721,#3f1314,#3f1314,#331012,#3f1314,#3f1314,#3f1314,#331012,#140605
#372b2b,#3f1314,#3f1314,#3f1314,#3f1314,#3f1314,#3f1314,#3f1314,#3f1314,#3f1314,#3f1314,#3f1314,#3f1314,#3f1314,#3f1314,#3f1314,#4a2721,#4a2721,#4a2721,#4a2721,#4a2721,#4a2721,#4a2721,#4a2721,#4a2721,#140605,#f57136,#a34933,#a34933,#eb6842,#a34933,#eb6842,#a34933,#a34933,#f57136,#140605,#4a2721,#4a2721,#4a2721,#4a2721,#4a2721,#4a2721,#4a2721,#4a2721,#ff7a2a,#f1842e,#4a2721,#4a2721,#4a2721,#4a2721,#4a2721,#4a2721,#4a2721,#4a2721,#4a2721,#4a2721,#4a2721,#3f1314,#3f1314,#3f1314,#3f1314,#3f1314,#3f1314,#140605
#372b2b,#3f1314,#3f1314,#3f1314,#3f1314,#3f1314,#3f1314,#3f1314,#3f1314,#3f1314,#3f1314,#3f1314,#3f1314,#3f1314,#3f1314,#4a2721,#4a2721,#4a2721,#4a2721,#4a2721,#4a2721,#4a2721,#4a2721,#4a2721,#4a2721,#4a2721,#140605,#f57136,#f57136,#a34933,#eb6842,#a34933,#a34933,#602b24,#f57136,#140605,#4a2721,#4a2721,#4a2721,#4a2721,#4a2721,#4a2721,#4a2721,#4a2721,#ff7a2a,#f1842e,#4a2721,#4a2721,#4a2721,#4a2721,#4a2721,#4a2721,#4a2721,#4a2721,#4a2721,#4a2721,#4a2721,#4a2721,#3f1314,#3f1314,#3f1314,#3f1314,#3f1314,#140605
#372b2b,#3f1314,#3f1314,#3f1314,#4a1616,#3f1314,#3f1314,#3f1314,#4a1616,#3f1314,#3f1314,#3f1314,#4a1616,#3f1314,#4a2721,#4a2721,#4a2721,#4a2721,#4a2721,#4a2721,#4a2721,#4a2721,#4a2721,#4a2721,#4a2721,#4a2721,#ff7a2a,#140605,#140605,#f57136,#a34933,#eb6842,#a34933,#f57136,#140605,#4a2721,#4a2721,#4a2721,#4a2721,#4a2721,#4a2721,#4a2721,#4a2721,#4a2721,#ff7a2a,#f1842e,#4a2721,#4a2721,#4a2721,#4a2721,#4a2721,#4a2721,#4a2721,#4a2721,#4a2721,#4a2721,#4a2721,#4a2721,#4a2721,#3f1314,#4a1616,#3f1314,#3f1314,#140605
#372b2b,#3f1314,#3f1314,#3f1314,#3f1314,#3f1314,#3f1314,#3f1314,#3f1314,#3f1314,#3f1314,#3f1314,#3f1314,#4a2721,#4a2721,#4a2721,#4a2721,#4a2721,#4a2721,#4a2721,#4a2721,#4a2721,#4a2721,#4a2721,#4a2721,#4a2721,#ff7a2a,#f1842e,#4a2721,#140605,#f57136,#a34933,#a34933,#f57136,#140605,#4a2721,#4a2721,#4a2721,#4a2721,#4a2721,#4a2721,#4a2721,#4a2721,#4a2721,#4a2721,#ff7a2a,#f1842e,#4a2721,#4a2721,#4a2721,#4a2721,#4a2721,#4a2721,#4a2721,#4a2721,#4a2721,#4a2721,#4a2721,#4a2721,#4a2721,#3f1314,#3f1314,#3f1314,#140605
#372b2b,#3f1314,#4a1616,#3f1314,#4a1616,#3f1314,#4a1616,#3f1314,#4a1616,#3f1314,#4a1616,#3f1314,#4a2721,#4a2721,#4a2721,#4a2721,#4a2721,#4a2721,#4a2721,#4a2721,#4a2721,#4a2721,#4a2721,#4a2721,#4a2721,#ff7a2a,#f1842e,#4a2721,#4a2721,#4a2721,#140605,#f57136,#602b24,#f57136,#140605,#4a2721,#4a2721,#4a2721,#4a2721,#4a2721,#4a2721,#4a2721,#4a2721,#4a2721,#4a2721,#ff7a2a,#f1842e,#4a2721,#4a2721,#4a2721,#4a2721,#4a2721,#4a2721,#4a2721,#4a2721,#4a2721,#4a2721,#4a2721,#4a2721,#4a2721,#4a2721,#3f1314,#4a1616,#140605
#372b2b,#3f1314,#3f1314,#3f1314,#3f1314,#3f1314,#3f1314,#3f1314,#3f1314,#3f1314,#3f1314,#4a2721,#4a2721,#4a2721,#4a2721,#4a2721,#4a2721,#4a2721,#4a2721,#4a2721,#4a2721,#4a2721,#4a2721,#4a2721,#4a2721,#ff7a2a,#f1842e,#4a2721,#4a2721,#4a2721,#4a2721,#140605,#f57136,#f57136,#140605,#4a2721,#4a2721,#4a2721,#4a2721,#4a2721,#4a2721,#4a2721,#4a2721,#4a2721,#4a2721,#ff7a2a,#f1842e,#4a2721,#4a2721,#4a2721,#4a2721,#4a2721,#4a2721,#4a2721,#4a2721,#4a2721,#4a2721,#4a2721,#4a2721,#4a2721,#4a2721,#4a2721,#3f1314,#140605
#372b2b,#3f1314,#4a1616,#3f1314,#4a1616,#3f1314,#4a1616,#3f1314,#4a1616,#3f1314,#4a2721,#4a2721,#4a2721,#4a2721,#4a2721,#4a2721,#4a2721,#4a2721,#4a2721,#4a2721,#4a2721,#4a2721,#4a2721,#4a2721,#4a2721,#ff7a2a,#f1842e,#4a2721,#4a2721,#4a2721,#4a2721,#4a2721,#140605,#140605,#4a2721,#4a2721,#4a2721,#4a2721,#4a2721,#4a2721,#4a2721,#4a2721,#4a2721,#4a2721,#4a2721,#ff7a2a,#f1842e,#4a2721,#4a2721,#4a2721,#4a2721,#4a2721,#4a2721,#4a2721,#4a2721,#4a2721,#4a2721,#4a2721,#4a2721,#4a2721,#4a2721,#4a2721,#4a2721,#140605
#372b2b,#4a1616,#3f1314,#4a1616,#3f1314,#4a1616,#3f1314,#4a1616,#3f1314,#4a2721,#4a2721,#4a2721,#4a2721,#4a2721,#4a2721,#4a2721,#4a2721,#4a2721,#4a2721,#4a2721,#4a2721,#4a2721,#4a2721,#4a2721,#ff7a2a,#f1842e,#4a2721,#4a2721,#4a2721,#4a2721,#4a2721,#4a2721,#4a2721,#4a2721,#4a2721,#4a2721,#4a2721,#4a2721,#4a2721,#4a2721,#4a2721,#4a2721,#4a2721,#4a2721,#4a2721,#4a2721,#ff7a2a,#f1842e,#4a2721,#4a2721,#4a2721,#4a2721,#4a2721,#4a2721,#4a2721,#4a2721,#4a2721,#4a2721,#4a2721,#4a2721,#4a2721,#4a2721,#4a2721,#140605
#372b2b,#3f1314,#4a1616,#3f1314,#4a1616,#3f1314,#4a1616,#3f1314,#4a2721,#4a2721,#4a2721,#4a2721,#4a2721,#4a2721,#4a2721,#4a2721,#4a2721,#4a2721,#4a2721,#4a2721,#4a2721,#4a2721,#4a2721,#4a2721,#ff7a2a,#f1842e,#4a2721,#4a2721,#4a2721,#4a2721,#4a2721,#4a2721,#4a2721,#4a2721,#4a2721,#4a2721,#4a2721,#4a2721,#4a2721,#4a2721,#4a2721,#4a2721,#4a2721,#4a2721,#4a2721,#4a2721,#ff7a2a,#f1842e,#4a2721,#4a2721,#4a2721,#4a2721,#4a2721,#4a2721,#4a2721,#4a2721,#4a2721,#4a2721,#4a2721,#4a2721,#4a2721,#4a2721,#4a2721,#140605
#372b2b,#4a1616,#3f1314,#4a1616,#3f1314,#4a1616,#3f1314,#4a2721,#4a2721,#4a2721,#4a2721,#4a2721,#4a2721,#4a2721,#4a2721,#4a2721,#4a2721,#4a2721,#4a2721,#4a2721,#4a2721,#4a2721,#4a2721,#ff7a2a,#f1842e,#4a2721,#4a2721,#4a2721,#4a2721,#4a2721,#4a2721,#4a2721,#4a2721,#4a2721,#4a2721,#4a2721,#4a2721,#4a2721,#4a2721,#4a2721,#4a2721,#4a2721,#4a2721,#4a2721,#4a2721,#4a2721,#ff7a2a,#f1842e,#4a2721,#4a2721,#4a2721,#4a2721,#4a2721,#4a2721,#4a2721,#4a2721,#4a2721,#4a2721,#4a2721,#4a2721,#4a2721,#4a2721,#4a2721,#140605
#372b2b,#4a1616,#4a1616,#4a1616,#4a1616,#4a1616,#4a2721,#4a2721,#4a2721,#4a2721,#4a2721,#4a2721,#4a2721,#4a2721,#4a2721,#4a2721,#4a2721,#4a2721,#4a2721,#4a2721,#4a2721,#4a2721,#4a2721,#ff7a2a,#f1842e,#4a2721,#4a2721,#4a2721,#4a2721,#4a2721,#4a2721,#4a2721,#4a2721,#4a2721,#4a2721,#4a2721,#4a2721,#4a2721,#4a2721,#4a2721,#4a2721,#4a2721,#4a2721,#4a2721,#4a2721,#4a2721,#ff7a2a,#f1842e,#4a2721,#4a2721,#4a2721,#4a2721,#4a2721,#4a2721,#4a2721,#4a2721,#4a2721,#4a2721,#4a2721,#4a2721,#4a2721,#4a2721,#4a2721,#140605
#372b2b,#4a1616,#3f1314,#4a1616,#4a1616,#4a2721,#4a2721,#4a2721,#4a2721,#4a2721,#4a2721,#4a2721,#4a2721,#4a2721,#4a2721,#4a2721,#4a2721,#4a2721,#4a2721,#4a2721,#4a2721,#4a2721,#ff7a2a,#f1842e,#4a2721,#4a2721,#4a2721,#4a2721,#4a2721,#4a2721,#4a2721,#4a2721,#4a2721,#4a2721,#4a2721,#4a2721,#4a2721,#4a2721,#4a2721,#4a2721,#4a2721,#4a2721,#4a2721,#4a2721,#4a2721,#4a2721,#4a2721,#ff7a2a,#f1842e,#4a2721,#4a2721,#4a2721,#4a2721,#4a2721,#4a2721,#4a2721,#4a2721,#4a2721,#4a2721,#4a2721,#4a2721,#4a2721,#4a2721,#140605
#372b2b,#4a1616,#4a1616,#4a1616,#4a2721,#4a2721,#4a2721,#4a2721,#4a2721,#4a2721,#4a2721,#4a2721,#4a2721,#4a2721,#4a2721,#4a2721,#4a2721,#4a2721,#4a2721,#4a2721,#4a2721,#4a2721,#ff7a2a,#f1842e,#4a2721,#4a2721,#4a2721,#4a2721,#4a2721,#4a2721,#4a2721,#4a2721,#4a2721,#4a2721,#4a2721,#4a2721,#4a2721,#4a2721,#4a2721,#4a2721,#4a2721,#4a2721,#4a2721,#4a2721,#4a2721,#4a2721,#4a2721,#ff7a2a,#f1842e,#4a2721,#4a2721,#4a2721,#4a2721,#4a2721,#4a2721,#4a2721,#0a0612,#4a2721,#4a2721,#4a2721,#4a2721,#4a2721,#4a2721,#140605
#372b2b,#4a1616,#4a1616,#4a2721,#4a2721,#4a2721,#4a2721,#4a2721,#4a2721,#4a2721,#4a2721,#4a2721,#4a2721,#4a2721,#4a2721,#4a2721,#4a2721,#4a2721,#4a2721,#4a2721,#4a2721,#ff7a2a,#f1842e,#4a2721,#4a2721,#4a2721,#4a2721,#4a2721,#4a2721,#4a2721,#4a2721,#4a2721,#4a2721,#4a2721,#4a2721,#4a2721,#4a2721,#4a2721,#4a2721,#291512,#4a2721,#4a2721,#4a2721,#4a2721,#4a2721,#4a2721,#4a2721,#4a2721,#ff7a2a,#f1842e,#4a2721,#4a2721,#4a2721,#0a0612,#0a0612,#0a0612,#542919,#0a0612,#0a0612,#0a0612,#4a2721,#4a2721,#4a2721,#140605
#372b2b,#41211c,#41211c,#41211c,#41211c,#41211c,#ff7a2a,#41211c,#41211c,#41211c,#41211c,#41211c,#41211c,#41211c,#41211c,#41211c,#41211c,#96341a,#41211c,#41211c,#41211c,#41211c,#41211c,#41211c,#41211c,#41211c,#41211c,#24120f,#531d0e,#24120f,#24120f,#24120f,#24120f,#24120f,#24120f,#24120f,#8c4317,#24120f,#24120f,#531d0e,#24120f,#24120f,#24120f,#24120f,#24120f,#24120f,#24120f,#24120f,#24120f,#24120f,#531d0e,#24120f,#0a0612,#542919,#542919,#542919,#ff7a2a,#ff7a2a,#542919,#542919,#0a0612,#96341a,#41211c,#140605
#372b2b,#42211c,#42211c,#42211c,#ff7a2a,#42211c,#42211c,#42211c,#ff7a2a,#42211c,#42211c,#42211c,#42211c,#42211c,#42211c,#96341a,#42211c,#42211c,#42211c,#42211c,#42211c,#42211c,#ff7a2a,#42211c,#42211c,#24120f,#96341a,#24120f,#42211c,#24120f,#42211c,#24120f,#42211c,#24120f,#42211c,#24120f,#42211c,#531d0e,#42211c,#24120f,#42211c,#24120f,#42211c,#24120f,#42211c,#8c4317,#42211c,#24120f,#96341a,#24120f,#42211c,#0a0612,#542919,#542919,#542919,#542919,#ff7a2a,#ff7a2a,#542919,#542919,#542919,#0a0612,#42211c,#140605
#372b2b,#44221c,#96341a,#44221c,#44221c,#44221c,#44221c,#44221c,#44221c,#44221c,#44221c,#44221c,#44221c,#96341a,#44221c,#44221c,#44221c,#44221c,#44221c,#44221c,#44221c,#44221c,#44221c,#25130f,#531d0e,#25130f,#25130f,#25130f,#25130f,#25130f,#25130f,#25130f,#25130f,#25130f,#25130f,#531d0e,#25130f,#25130f,#25130f,#25130f,#8c4317,#25130f,#25130f,#25130f,#25130f,#25130f,#531d0e,#25130f,#25130f,#25130f,#25130f,#0a0612,#542919,#542919,#ff7a2a,#ff7a2a,#ff7a2a,#ff7a2a,#542919,#542919,#542919,#0a0612,#44221c,#140605
#372b2b,#46221c,#46221c,#46221c,#46221c,#46221c,#ff7a2a,#46221c,#46221c,#46221c,#46221c,#96341a,#46221c,#46221c,#46221c,#46221c,#46221c,#46221c,#46221c,#ff7a2a,#ff7a2a,#46221c,#96341a,#46221c,#46221c,#27130f,#46221c,#8c4317,#46221c,#27130f,#46221c,#27130f,#46221c,#531d0e,#ff7a2a,#27130f,#46221c,#27130f,#ff7a2a,#27130f,#46221c,#27130f,#46221c,#27130f,#96341a,#27130f,#46221c,#27130f,#46221c,#27130f,#46221c,#0a0612,#542919,#542919,#ff7a2a,#ff7a2a,#ff7a2a,#ff7a2a,#542919,#542919,#542919,#0a0612,#46221c,#140605
#372b2b,#47231c,#47231c,#47231c,#47231c,#47231c,#47231c,#47231c,#ff7a2a,#96341a,#47231c,#47231c,#47231c,#ff7a2a,#47231c,#47231c,#47231c,#47231c,#47231c,#47231c,#96341a,#ff7a2a,#47231c,#ff7a2a,#47231c,#47231c,#47231c,#8c4317,#8c4317,#27130f,#8c4317,#531d0e,#27130f,#8c4317,#27130f,#27130f,#27130f,#27130f,#27130f,#27130f,#27130f,#27130f,#8c4317,#27130f,#27130f,#27130f,#27130f,#27130f,#27130f,#27130f,#0a0612,#542919,#542919,#542919,#ff7a2a,#ff7a2a,#ff7a2a,#ff7a2a,#ff7a2a,#ff7a2a,#542919,#542919,#0a0612,#140605
#372b2b,#49231d,#49231d,#49231d,#49231d,#49231d,#49231d,#96341a,#49231d,#49231d,#49231d,#49231d,#49231d,#49231d,#49231d,#49231d,#49231d,#49231d,#96341a,#49231d,#49231d,#49231d,#49231d,#49231d,#49231d,#49231d,#49231d,#49231d,#49231d,#96341a,#49231d,#ff7a2a,#49231d,#49231d,#49231d,#49231d,#49231d,#49231d,#49231d,#281310,#96341a,#49231d,#49231d,#49231d,#49231d,#49231d,#49231d,#49231d,#49231d,#49231d,#49231d,#0a0612,#542919,#542919,#ff7a2a,#ff7a2a,#ff7a2a,#ff7a2a,#ff7a2a,#ff7a2a,#542919,#0a0612,#ff7a2a,#140605
#372b2b,#4a241d,#4a241d,#4a241d,#4a241d,#96341a,#4a241d,#ff7a2a,#4a241d,#4a241d,#4a241d,#4a241d,#4a241d,#4a241d,#4a241d,#4a241d,#96341a,#4a241d,#4a241d,#4a241d,#4a241d,#4a241d,#4a241d,#4a241d,#4a241d,#4a241d,#4a241d,#96341a,#4a241d,#4a241d,#4a241d,#4a241d,#4a241d,#4a241d,#4a241d,#4a241d,#4a241d,#4a241d,#96341a,#ff7a2a,#4a241d,#4a241d,#4a241d,#4a241d,#4a241d,#4a241d,#4a241d,#4a241d,#4a241d,#ff7a2a,#4a241d,#0a0612,#ff7a2a,#ff7a2a,#ff7a2a,#ff7a2a,#ff7a2a,#ff7a2a,#ff7a2a,#ff7a2a,#ff7a2a,#ff7a2a,#4a241d,#140605
#372b2b,#4c241d,#4c241d,#96341a,#4c241d,#4c241d,#4c241d,#4c241d,#4c241d,#4c241d,#4c241d,#4c241d,#4c241d,#4c241d,#96341a,#4c241d,#4c241d,#4c241d,#4c241d,#4c241d,#4c241d,#4c241d,#4c241d,#4c241d,#4c241d,#96341a,#4c241d,#4c241d,#4c241d,#4c241d,#4c241d,#4c241d,#4c241d,#4c241d,#4c241d,#4c241d,#96341a,#4c241d,#4c241d,#4c241d,#4c241d,#4c241d,#4c241d,#4c241d,#4c241d,#4c241d,#4c241d,#96341a,#4c241d,#4c241d,#4c241d,#0a0612,#ff7a2a,#ff7a2a,#ff7a2a,#ff7a2a,#ff7a2a,#ff7a2a,#ff7a2a,#ff7a2a,#ff7a2a,#ff7a2a,#4c241d,#140605
#372b2b,#96341a,#4d251d,#4d251d,#4d251d,#4d251d,#4d251d,#4d251d,#4d251d,#4d251d,#4d251d,#4d251d,#96341a,#ff7a2a,#4d251d,#4d251d,#4d251d,#4d251d,#4d251d,#4d251d,#4d251d,#4d251d,#4d251d,#96341a,#4d251d,#4d251d,#4d251d,#4d251d,#4d251d,#4d251d,#4d251d,#4d251d,#4d251d,#4d251d,#96341a,#4d251d,#4d251d,#4d251d,#4d251d,#4d251d,#4d251d,#ff7a2a,#4d251d,#ff7a2a,#4d251d,#96341a,#4d251d,#ff7a2a,#4d251d,#4d251d,#4d251d,#4d251d,#0a0612,#542919,#ff7a2a,#ff7a2a,#ff7a2a,#ff7a2a,#ff7a2a,#ff7a2a,#0a0612,#4d251d,#4d251d,#140605
#372b2b,#4f251d,#4f251d,#4f251d,#4f251d,#4f251d,#ff7a2a,#4f251d,#4f251d,#4f251d,#96341a,#4f251d,#4f251d,#4f251d,#4f251d,#4f251d,#4f251d,#4f251d,#4f251d,#4f251d,#4f251d,#96341a,#4f251d,#4f251d,#4f251d,#4f251d,#4f251d,#4f251d,#4f251d,#4f251d,#4f251d,#4f251d,#96341a,#4f251d,#4f251d,#4f251d,#4f251d,#4f251d,#4f251d,#4f251d,#4f251d,#4f251d,#4f251d,#ff7a2a,#4f251d,#4f251d,#4f251d,#4f251d,#4f251d,#4f251d,#4f251d,#4f251d,#4f251d,#0a0612,#ff7a2a,#ff7a2a,#ff7a2a,#ff7a2a,#ff7a2a,#ff7a2a,#4f251d,#4f251d,#4f251d,#140605
#372b2b,#51261d,#51261d,#51261d,#51261d,#ff7a2a,#51261d,#51261d,#96341a,#51261d,#51261d,#51261d,#51261d,#51261d,#51261d,#51261d,#51261d,#51261d,#51261d,#96341a,#51261d,#51261d,#ff7a2a,#51261d,#51261d,#51261d,#51261d,#51261d,#51261d,#51261d,#96341a,#51261d,#51261d,#51261d,#51261d,#51261d,#51261d,#51261d,#51261d,#51261d,#51261d,#96341a,#51261d,#51261d,#51261d,#51261d,#51261d,#51261d,#51261d,#51261d,#51261d,#51261d,#96341a,#51261d,#51261d,#51261d,#0a0612,#51261d,#51261d,#51261d,#51261d,#51261d,#51261d,#140605
#372b2b,#140605,#140605,#140605,#140605,#140605,#140605,#140605,#140605,#140605,#140605,#140605,#140605,#140605,#140605,#140605,#140605,#140605,#140605,#140605,#140605,#140605,#140605,#140605,#140605,#140605,#140605,#140605,#140605,#140605,#140605,#140605,#140605,#140605,#140605,#140605,#140605,#140605,#140605,#140605,#140605,#140605,#140605,#140605,#140605,#140605,#140605,#140605,#140605,#140605,#140605,#140605,#140605,#140605,#140605,#140605,#140605,#140605,#140605,#140605,#140605,#140605,#140605,#140605
