#2a0f14,#1a0806,#ff9a5c,#ffffff,#1a0806,#2a0f14,#2a0f14,#2a0f14,#2a0f14,#2a0f14,#2a0f14,#2a0f14,#2a0f14,#2a0f14,#2a0f14,#2a0f14
#1a0806,#ff9a5c,#1a0806,#c08a4a,#1a0806,#2a0f14,#2a0f14,#2a0f14,#2a0f14,#2a0f14,#2a0f14,#2a0f14,#2a0f14,#2a0f14,#2a0f14,#2a0f14
#2a0f14,#1a0806,#1a0806,#4a2c14,#1a0806,#2a0f14,#4a1a1a,#2a0f14,#2a0f14,#2a0f14,#4a1a1a,#2a0f14,#2a0f14,#2a0f14,#4a1a1a,#2a0f14
#2a0f14,#2a0f14,#1a0806,#4a2c14,#c08a4a,#1a0806,#1a0806,#2a0f14,#2a0f14,#2a0f14,#2a0f14,#2a0f14,#2a0f14,#2a0f14,#2a0f14,#2a0f14
#4a1a1a,#2a0f14,#4a1a1a,#1a0806,#4a2c14,#c8c4d4,#c8c4d4,#1a0806,#1a0806,#1a0806,#1a0806,#2a0f14,#4a1a1a,#2a0f14,#4a1a1a,#2a0f14
#2a0f14,#4a1a1a,#2a0f14,#1a0806,#c8c4d4,#4a4458,#4a4458,#fff08a,#fff08a,#fff08a,#fff08a,#1a0806,#2a0f14,#4a1a1a,#2a0f14,#2a0f14
#4a1a1a,#2a0f14,#4a1a1a,#2a0f14,#1a0806,#fff08a,#fff08a,#ffc233,#ffc233,#ffc233,#c77a12,#fff08a,#1a0806,#2a0f14,#4a1a1a,#2a0f14
#2a0f14,#4a1a1a,#2a0f14,#1a0806,#fff08a,#ffc233,#ffc233,#ffc233,#ffc233,#c77a12,#ffffff,#ffc233,#fff08a,#1a0806,#2a0f14,#4a1a1a
#4a1a1a,#4a1a1a,#1a0806,#fff08a,#ffc233,#ffc233,#ffc233,#ffc233,#ffc233,#ffc233,#fff08a,#ffc233,#ffc233,#fff08a,#1a0806,#2a0f14
#2a0f14,#4a1a1a,#1a0806,#ffc233,#ffc233,#ffc233,#ffc233,#ffc233,#ffc233,#ffc233,#ffc233,#ffc233,#ffc233,#c77a12,#1a0806,#4a1a1a
#4a1a1a,#2a0f14,#1a0806,#ffc233,#ffc233,#ffc233,#ffc233,#ffc233,#ffc233,#ffc233,#ffc233,#ffc233,#ffc233,#c77a12,#1a0806,#4a1a1a
#2a0f14,#4a1a1a,#1a0806,#c77a12,#ffc233,#ffc233,#ffc233,#ffc233,#ffc233,#ffc233,#ffc233,#ffc233,#ffc233,#c77a12,#1a0806,#4a1a1a
#4a1a1a,#4a1a1a,#4a1a1a,#1a0806,#c77a12,#ffc233,#ffc233,#ffc233,#ffc233,#ffc233,#ffc233,#ffc233,#c77a12,#1a0806,#4a1a1a,#4a1a1a
#4a1a1a,#4a1a1a,#2a0f14,#4a1a1a,#1a0806,#c77a12,#ffc233,#ffc233,#ffc233,#ffc233,#ffc233,#c77a12,#1a0806,#4a1a1a,#2a0f14,#4a1a1a
#4a1a1a,#894731,#4a1a1a,#4a1a1a,#4a1a1a,#1a0806,#c77a12,#c77a12,#c77a12,#c77a12,#c77a12,#1a0806,#4a1a1a,#4a1a1a,#4a1a1a,#4a1a1a
#4a1a1a,#4a1a1a,#4a1a1a,#4a1a1a,#4a1a1a,#4a1a1a,#1a0806,#1a0806,#1a0806,#1a0806,#1a0806,#4a1a1a,#4a1a1a,#4a1a1a,#4a1a1a,#4a1a1a
