#2b2f3b,#2b2f3b,#2b2f3b,#2b2f3b,#2b2f3b,#2b2f3b,#2b2f3b,#2b2f3b,#2b2f3b,#2b2f3b,#2b2f3b,#2b2f3b,#2b2f3b,#2b2f3b,#2b2f3b,#2b2f3b,#2b2f3b,#2b2f3b,#2b2f3b,#2b2f3b,#2b2f3b,#2b2f3b,#2b2f3b,#2b2f3b,#2b2f3b,#2b2f3b,#2b2f3b,#2b2f3b,#2b2f3b,#2b2f3b,#2b2f3b,#2b2f3b,#2b2f3b,#2b2f3b,#2b2f3b,#2b2f3b,#2b2f3b,#2b2f3b,#2b2f3b,#2b2f3b,#2b2f3b,#2b2f3b,#2b2f3b,#2b2f3b,#2b2f3b,#2b2f3b,#2b2f3b,#2b2f3b,#2b2f3b,#2b2f3b,#2b2f3b,#2b2f3b,#2b2f3b,#2b2f3b,#2b2f3b,#2b2f3b,#2b2f3b,#2b2f3b,#2b2f3b,#2b2f3b,#2b2f3b,#2b2f3b,#2b2f3b,#2b2f3b
#2b2f3b,#0a1430,#295d85,#295d85,#295d85,#295d85,#295d85,#295d85,#295d85,#0a1430,#0a1430,#0a1430,#0a1430,#0a1430,#0a1430,#0a1430,#0a1430,#0a1430,#295d85,#295d85,#295d85,#295d85,#295d85,#295d85,#0a1430,#0a1430,#0a1430,#0a1430,#0a1430,#0a1430,#0a1430,#0a1430,#0a1430,#0a1430,#0a1430,#cfeaff,#cfeaff,#cfeaff,#cfeaff,#cfeaff,#295d85,#295d85,#295d85,#295d85,#295d85,#cfeaff,#cfeaff,#295d85,#295d85,#295d85,#0a1430,#0a1430,#0a1430,#0a1430,#0a1430,#0a1430,#9fe0ff,#295d85,#295d85,#0a1430,#295d85,#295d85,#295d85,#050a18
#2b2f3b,#0a1430,#295d85,#295d85,#295d85,#295d85,#295d85,#295d85,#295d85,#0a1430,#0f203e,#0a1430,#0a1430,#0a1430,#0f203e,#0a1430,#0a1430,#0a1430,#295d85,#295d85,#295d85,#295d85,#295d85,#0a1430,#0a1430,#0a1430,#0f203e,#0a1430,#0a1430,#0a1430,#0f203e,#0a1430,#0a1430,#0a1430,#0f203e,#cfeaff,#cfeaff,#cfeaff,#cfeaff,#cfeaff,#295d85,#295d85,#295d85,#295d85,#295d85,#cfeaff,#cfeaff,#295d85,#295d85,#295d85,#0f203e,#0a1430,#0a1430,#0a1430,#0f203e,#9fe0ff,#ffffff,#9fe0ff,#295d85,#0a1430,#295d85,#295d85,#0f203e,#050a18
#2b2f3b,#0a1430,#295d85,#295d85,#295d85,#295d85,#295d85,#295d85,#0a1430,#0a1430,#0a1430,#0a1430,#0a1430,#0a1430,#0a1430,#0a1430,#0a1430,#0a1430,#295d85,#295d85,#295d85,#295d85,#295d85,#0a1430,#0a1430,#0a1430,#0a1430,#0a1430,#0a1430,#0a1430,#0a1430,#0a1430,#0a1430,#0a1430,#0a1430,#cfeaff,#cfeaff,#cfeaff,#cfeaff,#cfeaff,#cfeaff,#295d85,#295d85,#295d85,#295d85,#cfeaff,#295d85,#295d85,#295d85,#295d85,#0a1430,#0a1430,#0a1430,#0a1430,#0a1430,#0a1430,#9fe0ff,#295d85,#295d85,#0a1430,#295d85,#295d85,#0a1430,#050a18
#2b2f3b,#0a1430,#295d85,#295d85,#295d85,#295d85,#295d85,#295d85,#0f203e,#0a1430,#0f203e,#0a1430,#0f203e,#0a1430,#0f203e,#0a1430,#0f203e,#0a1430,#295d85,#295d85,#295d85,#295d85,#295d85,#0a1430,#0f203e,#0a1430,#0f203e,#0a1430,#0f203e,#0a1430,#0f203e,#0a1430,#0f203e,#0a1430,#0f203e,#cfeaff,#cfeaff,#cfeaff,#cfeaff,#cfeaff,#cfeaff,#295d85,#295d85,#295d85,#cfeaff,#cfeaff,#295d85,#295d85,#295d85,#295d85,#0f203e,#0a1430,#0f203e,#0a1430,#0f203e,#0a1430,#0f203e,#295d85,#0f203e,#0a1430,#295d85,#295d85,#0f203e,#050a18
#2b2f3b,#0f203e,#0a1430,#295d85,#295d85,#295d85,#295d85,#295d85,#0a1430,#0f203e,#0a1430,#0f203e,#0a1430,#0f203e,#0a1430,#0f203e,#0a1430,#0f203e,#295d85,#295d85,#295d85,#295d85,#295d85,#0f203e,#0a1430,#0f203e,#0a1430,#0f203e,#0a1430,#0f203e,#0a1430,#0f203e,#0a1430,#0f203e,#0a1430,#0f203e,#cfeaff,#cfeaff,#cfeaff,#cfeaff,#cfeaff,#295d85,#295d85,#295d85,#cfeaff,#cfeaff,#295d85,#295d85,#295d85,#295d85,#0a1430,#0f203e,#0a1430,#0f203e,#0a1430,#0f203e,#0a1430,#295d85,#0a1430,#0f203e,#295d85,#295d85,#0a1430,#050a18
#2b2f3b,#0a1430,#0f203e,#295d85,#295d85,#295d85,#295d85,#295d85,#0f203e,#0a1430,#0f203e,#0a1430,#0f203e,#0a1430,#0f203e,#0a1430,#0f203e,#0a1430,#0f203e,#295d85,#295d85,#295d85,#295d85,#0a1430,#0f203e,#0a1430,#0f203e,#0a1430,#0f203e,#0a1430,#0f203e,#0a1430,#0f203e,#0a1430,#0f203e,#0a1430,#cfeaff,#cfeaff,#cfeaff,#cfeaff,#cfeaff,#295d85,#295d85,#295d85,#050a18,#cfeaff,#295d85,#295d85,#295d85,#295d85,#0f203e,#0a1430,#0f203e,#0a1430,#0f203e,#0a1430,#0f203e,#0a1430,#0f203e,#0a1430,#295d85,#295d85,#0f203e,#050a18
#2b2f3b,#0f203e,#0a1430,#295d85,#295d85,#295d85,#295d85,#0f203e,#0a1430,#0f203e,#0a1430,#0f203e,#0a1430,#0f203e,#0a1430,#0f203e,#0a1430,#0f203e,#0a1430,#295d85,#295d85,#295d85,#0a1430,#0f203e,#0a1430,#0f203e,#0a1430,#0f203e,#0a1430,#0f203e,#0a1430,#0f203e,#0a1430,#0f203e,#0a1430,#0f203e,#cfeaff,#cfeaff,#cfeaff,#cfeaff,#050a18,#050a18,#050a18,#050a18,#bbcca3,#050a18,#050a18,#050a18,#295d85,#0f203e,#0a1430,#0f203e,#0a1430,#0f203e,#0a1430,#0f203e,#0a1430,#0f203e,#0a1430,#0f203e,#295d85,#295d85,#0a1430,#050a18
#2b2f3b,#0f203e,#0f203e,#295d85,#295d85,#295d85,#295d85,#0f203e,#0f203e,#0f203e,#0f203e,#0f203e,#0f203e,#0f203e,#0f203e,#0f203e,#0f203e,#0f203e,#0f203e,#295d85,#295d85,#295d85,#0f203e,#0f203e,#0f203e,#0f203e,#0f203e,#0f203e,#0f203e,#0f203e,#0f203e,#0f203e,#0f203e,#0f203e,#0f203e,#0f203e,#0f203e,#050a18,#050a18,#050a18,#efe4b9,#efe4b9,#efe4b9,#efe4b9,#efe4b9,#efe4b9,#efe4b9,#bbcca3,#050a18,#0f203e,#0f203e,#0f203e,#0f203e,#0f203e,#0f203e,#0f203e,#0f203e,#0f203e,#0f203e,#0f203e,#295d85,#295d85,#0f203e,#050a18
#2b2f3b,#0f203e,#0a1430,#0f203e,#295d85,#295d85,#295d85,#0f203e,#0a1430,#0f203e,#0a1430,#0f203e,#0a1430,#0f203e,#0a1430,#0f203e,#0a1430,#0f203e,#0a1430,#295d85,#295d85,#295d85,#0a1430,#0f203e,#0a1430,#0f203e,#0a1430,#0f203e,#0a1430,#0f203e,#0a1430,#0f203e,#0a1430,#0f203e,#0a1430,#0f203e,#050a18,#efe4b9,#efe4b9,#efe4b9,#e3cf82,#957f36,#957f36,#957f36,#957f36,#957f36,#e3cf82,#957f36,#bbcca3,#050a18,#0a1430,#0f203e,#0a1430,#0f203e,#0a1430,#0f203e,#0a1430,#0f203e,#0a1430,#0f203e,#0a1430,#295d85,#0a1430,#050a18
#2b2f3b,#0f203e,#0f203e,#0f203e,#295d85,#295d85,#295d85,#0f203e,#0f203e,#0f203e,#0f203e,#0f203e,#0f203e,#0f203e,#0f203e,#0f203e,#0f203e,#0f203e,#0f203e,#295d85,#295d85,#295d85,#0f203e,#0f203e,#0f203e,#0f203e,#0f203e,#0f203e,#0f203e,#0f203e,#0f203e,#0f203e,#0f203e,#0f203e,#0f203e,#050a18,#efe4b9,#e3cf82,#957f36,#957f36,#584a26,#bbcca3,#bbcca3,#bbcca3,#bbcca3,#bbcca3,#957f36,#d6b847,#957f36,#bbcca3,#050a18,#0f203e,#0f203e,#0f203e,#0f203e,#0f203e,#0f203e,#0f203e,#0f203e,#0f203e,#0f203e,#0f203e,#0f203e,#050a18
#2b2f3b,#0f203e,#0f203e,#0f203e,#295d85,#295d85,#0f203e,#0f203e,#0a1430,#0f203e,#0f203e,#0f203e,#0a1430,#0f203e,#0f203e,#0f203e,#0a1430,#0f203e,#0f203e,#0f203e,#295d85,#295d85,#0f203e,#0f203e,#0a1430,#0f203e,#0f203e,#0f203e,#0a1430,#0f203e,#0f203e,#0f203e,#0a1430,#0f203e,#050a18,#efe4b9,#e3cf82,#957f36,#957f36,#584a26,#bbcca3,#050a18,#050a18,#050a18,#050a18,#050a18,#bbcca3,#957f36,#d6b847,#957f36,#bbcca3,#050a18,#0a1430,#0f203e,#0f203e,#0f203e,#0a1430,#0f203e,#0f203e,#0f203e,#0a1430,#0f203e,#0f203e,#050a18
#2b2f3b,#0f203e,#0f203e,#0f203e,#295d85,#295d85,#0f203e,#0f203e,#0f203e,#0f203e,#0f203e,#0f203e,#0f203e,#0f203e,#0f203e,#0f203e,#0f203e,#0f203e,#0f203e,#0f203e,#295d85,#0f203e,#0f203e,#0f203e,#0f203e,#0f203e,#0f203e,#0f203e,#0f203e,#0f203e,#0f203e,#0f203e,#0f203e,#050a18,#efe4b9,#e3cf82,#957f36,#584a26,#bbcca3,#bbcca3,#050a18,#cfeaff,#cfeaff,#cfeaff,#0f203e,#0f203e,#050a18,#bbcca3,#957f36,#d6b847,#957f36,#bbcca3,#050a18,#0f203e,#0f203e,#0f203e,#0f203e,#0f203e,#0f203e,#0f203e,#0f203e,#0f203e,#0f203e,#050a18
#2b2f3b,#0f203e,#0f203e,#0f203e,#0f203e,#295d85,#0f203e,#0f203e,#0f203e,#0f203e,#0f203e,#0f203e,#0f203e,#0f203e,#0f203e,#0f203e,#0f203e,#0f203e,#0f203e,#0f203e,#295d85,#0f203e,#0f203e,#0f203e,#0f203e,#0f203e,#0f203e,#0f203e,#0f203e,#0f203e,#0f203e,#0f203e,#050a18,#efe4b9,#e3cf82,#957f36,#584a26,#bbcca3,#050a18,#050a18,#cfeaff,#cfeaff,#cfeaff,#cfeaff,#0f203e,#0f203e,#0f203e,#050a18,#bbcca3,#957f36,#d6b847,#957f36,#bbcca3,#050a18,#0f203e,#0f203e,#0f203e,#0f203e,#0f203e,#0f203e,#0f203e,#0f203e,#0f203e,#050a18
#2b2f3b,#0f203e,#142c4c,#0f203e,#0f203e,#295d85,#142c4c,#0f203e,#0f203e,#0f203e,#142c4c,#0f203e,#0f203e,#0f203e,#142c4c,#0f203e,#0f203e,#0f203e,#142c4c,#0f203e,#295d85,#0f203e,#142c4c,#0f203e,#0f203e,#0f203e,#142c4c,#0f203e,#0f203e,#0f203e,#142c4c,#050a18,#bbcca3,#e3cf82,#957f36,#584a26,#bbcca3,#050a18,#cfeaff,#0f203e,#0f203e,#cfeaff,#cfeaff,#cfeaff,#0f203e,#0f203e,#142c4c,#295d85,#050a18,#bbcca3,#957f36,#957f36,#bbcca3,#050a18,#142c4c,#0f203e,#0f203e,#0f203e,#142c4c,#0f203e,#0f203e,#0f203e,#142c4c,#050a18
#2b2f3b,#0f203e,#0f203e,#0f203e,#0f203e,#0f203e,#0f203e,#0f203e,#0f203e,#0f203e,#0f203e,#0f203e,#0f203e,#0f203e,#0f203e,#0f203e,#0f203e,#0f203e,#0f203e,#0f203e,#295d85,#0f203e,#0f203e,#0f203e,#0f203e,#0f203e,#0f203e,#0f203e,#0f203e,#0f203e,#0f203e,#0f203e,#050a18,#efe4b9,#957f36,#bbcca3,#050a18,#0f203e,#0f203e,#0f203e,#0f203e,#cfeaff,#0f203e,#cfeaff,#0f203e,#0f203e,#0f203e,#295d85,#0f203e,#050a18,#bbcca3,#efe4b9,#957f36,#bbcca3,#050a18,#0f203e,#0f203e,#0f203e,#0f203e,#0f203e,#0f203e,#0f203e,#0f203e,#050a18
#2b2f3b,#0f203e,#142c4c,#0f203e,#142c4c,#0f203e,#142c4c,#0f203e,#142c4c,#0f203e,#142c4c,#0f203e,#142c4c,#0f203e,#142c4c,#0f203e,#142c4c,#0f203e,#142c4c,#0f203e,#295d85,#0f203e,#142c4c,#0f203e,#142c4c,#0f203e,#142c4c,#0f203e,#142c4c,#0f203e,#142c4c,#0f203e,#050a18,#efe4b9,#957f36,#bbcca3,#050a18,#0f203e,#142c4c,#0f203e,#142c4c,#cfeaff,#142c4c,#cfeaff,#142c4c,#0f203e,#142c4c,#0f203e,#142c4c,#0f203e,#050a18,#efe4b9,#957f36,#bbcca3,#050a18,#0f203e,#142c4c,#0f203e,#142c4c,#0f203e,#142c4c,#0f203e,#142c4c,#050a18
#2b2f3b,#142c4c,#0f203e,#142c4c,#0f203e,#142c4c,#0f203e,#142c4c,#0f203e,#142c4c,#0f203e,#142c4c,#0f203e,#142c4c,#0f203e,#142c4c,#0f203e,#142c4c,#0f203e,#142c4c,#0f203e,#142c4c,#0f203e,#142c4c,#0f203e,#142c4c,#0f203e,#142c4c,#0f203e,#142c4c,#0f203e,#050a18,#efe4b9,#e3cf82,#957f36,#bbcca3,#050a18,#142c4c,#0f203e,#142c4c,#0f203e,#142c4c,#0f203e,#142c4c,#0f203e,#142c4c,#0f203e,#142c4c,#0f203e,#142c4c,#050a18,#efe4b9,#957f36,#bbcca3,#050a18,#142c4c,#0f203e,#142c4c,#0f203e,#142c4c,#0f203e,#142c4c,#0f203e,#050a18
#2b2f3b,#0f203e,#142c4c,#0f203e,#142c4c,#0f203e,#142c4c,#0f203e,#142c4c,#0f203e,#142c4c,#0f203e,#142c4c,#0f203e,#142c4c,#0f203e,#142c4c,#0f203e,#142c4c,#0f203e,#142c4c,#0f203e,#142c4c,#0f203e,#142c4c,#0f203e,#142c4c,#0f203e,#142c4c,#0f203e,#142c4c,#050a18,#efe4b9,#e3cf82,#957f36,#bbcca3,#050a18,#0f203e,#142c4c,#0f203e,#142c4c,#0f203e,#142c4c,#0f203e,#142c4c,#0f203e,#142c4c,#0f203e,#142c4c,#0f203e,#050a18,#efe4b9,#957f36,#bbcca3,#050a18,#0f203e,#142c4c,#0f203e,#142c4c,#0f203e,#142c4c,#0f203e,#142c4c,#050a18
#2b2f3b,#142c4c,#0f203e,#142c4c,#0f203e,#142c4c,#0f203e,#142c4c,#0f203e,#142c4c,#0f203e,#142c4c,#0f203e,#142c4c,#0f203e,#142c4c,#0f203e,#142c4c,#0f203e,#142c4c,#0f203e,#142c4c,#0f203e,#142c4c,#0f203e,#142c4c,#0f203e,#142c4c,#0f203e,#142c4c,#0f203e,#050a18,#efe4b9,#efe4b9,#957f36,#bbcca3,#050a18,#142c4c,#0f203e,#142c4c,#0f203e,#142c4c,#0f203e,#142c4c,#0f203e,#142c4c,#0f203e,#142c4c,#0f203e,#142c4c,#050a18,#efe4b9,#957f36,#957f36,#bbcca3,#050a18,#0f203e,#142c4c,#0f203e,#142c4c,#0f203e,#142c4c,#0f203e,#050a18
#2b2f3b,#142c4c,#142c4c,#142c4c,#142c4c,#142c4c,#142c4c,#142c4c,#142c4c,#142c4c,#142c4c,#142c4c,#142c4c,#142c4c,#142c4c,#142c4c,#142c4c,#142c4c,#142c4c,#142c4c,#142c4c,#142c4c,#142c4c,#142c4c,#142c4c,#142c4c,#142c4c,#142c4c,#142c4c,#142c4c,#142c4c,#050a18,#efe4b9,#efe4b9,#957f36,#bbcca3,#050a18,#142c4c,#142c4c,#142c4c,#142c4c,#142c4c,#142c4c,#142c4c,#142c4c,#142c4c,#142c4c,#142c4c,#142c4c,#142c4c,#050a18,#efe4b9,#957f36,#584a26,#bbcca3,#050a18,#142c4c,#142c4c,#142c4c,#142c4c,#142c4c,#142c4c,#142c4c,#050a18
#2b2f3b,#142c4c,#0f203e,#142c4c,#0f203e,#142c4c,#0f203e,#142c4c,#0f203e,#142c4c,#0f203e,#142c4c,#0f203e,#142c4c,#0f203e,#142c4c,#0f203e,#142c4c,#0f203e,#142c4c,#0f203e,#142c4c,#0f203e,#142c4c,#0f203e,#142c4c,#0f203e,#142c4c,#0f203e,#142c4c,#0f203e,#050a18,#bbcca3,#e3cf82,#957f36,#bbcca3,#050a18,#142c4c,#0f203e,#142c4c,#0f203e,#142c4c,#0f203e,#142c4c,#0f203e,#142c4c,#0f203e,#142c4c,#0f203e,#050a18,#efe4b9,#e3cf82,#957f36,#bbcca3,#050a18,#142c4c,#0f203e,#142c4c,#0f203e,#142c4c,#0f203e,#142c4c,#0f203e,#050a18
#2b2f3b,#142c4c,#142c4c,#142c4c,#142c4c,#142c4c,#142c4c,#142c4c,#142c4c,#142c4c,#142c4c,#142c4c,#142c4c,#142c4c,#142c4c,#142c4c,#142c4c,#142c4c,#142c4c,#142c4c,#142c4c,#142c4c,#142c4c,#142c4c,#142c4c,#142c4c,#142c4c,#142c4c,#142c4c,#142c4c,#142c4c,#142c4c,#050a18,#efe4b9,#e3cf82,#957f36,#bbcca3,#050a18,#142c4c,#142c4c,#142c4c,#142c4c,#142c4c,#142c4c,#142c4c,#142c4c,#142c4c,#142c4c,#142c4c,#050a18,#efe4b9,#957f36,#957f36,#bbcca3,#050a18,#142c4c,#142c4c,#142c4c,#142c4c,#142c4c,#142c4c,#142c4c,#142c4c,#050a18
#2b2f3b,#142c4c,#142c4c,#142c4c,#0f203e,#142c4c,#142c4c,#142c4c,#0f203e,#142c4c,#142c4c,#142c4c,#0f203e,#142c4c,#142c4c,#142c4c,#0f203e,#142c4c,#142c4c,#142c4c,#0f203e,#142c4c,#142c4c,#142c4c,#0f203e,#142c4c,#142c4c,#142c4c,#0f203e,#142c4c,#142c4c,#142c4c,#050a18,#efe4b9,#e3cf82,#957f36,#bbcca3,#050a18,#142c4c,#142c4c,#0f203e,#142c4c,#142c4c,#142c4c,#0f203e,#142c4c,#142c4c,#142c4c,#050a18,#efe4b9,#e3cf82,#957f36,#584a26,#bbcca3,#050a18,#142c4c,#0f203e,#142c4c,#142c4c,#142c4c,#0f203e,#142c4c,#142c4c,#050a18
#2b2f3b,#142c4c,#142c4c,#142c4c,#142c4c,#142c4c,#142c4c,#142c4c,#142c4c,#142c4c,#142c4c,#142c4c,#142c4c,#142c4c,#142c4c,#142c4c,#142c4c,#142c4c,#142c4c,#142c4c,#142c4c,#142c4c,#142c4c,#142c4c,#142c4c,#142c4c,#142c4c,#142c4c,#142c4c,#142c4c,#142c4c,#142c4c,#050a18,#bbcca3,#e3cf82,#d6b847,#957f36,#bbcca3,#050a18,#142c4c,#142c4c,#142c4c,#142c4c,#142c4c,#142c4c,#142c4c,#050a18,#050a18,#efe4b9,#e3cf82,#957f36,#584a26,#bbcca3,#050a18,#142c4c,#142c4c,#142c4c,#142c4c,#142c4c,#142c4c,#142c4c,#142c4c,#142c4c,#050a18
#2b2f3b,#142c4c,#142c4c,#142c4c,#142c4c,#142c4c,#142c4c,#142c4c,#142c4c,#142c4c,#142c4c,#142c4c,#142c4c,#142c4c,#142c4c,#142c4c,#142c4c,#142c4c,#142c4c,#142c4c,#142c4c,#142c4c,#142c4c,#142c4c,#142c4c,#142c4c,#142c4c,#142c4c,#142c4c,#142c4c,#142c4c,#142c4c,#142c4c,#050a18,#efe4b9,#e3cf82,#d6b847,#957f36,#bbcca3,#050a18,#050a18,#142c4c,#142c4c,#050a18,#050a18,#050a18,#efe4b9,#efe4b9,#e3cf82,#957f36,#584a26,#bbcca3,#050a18,#142c4c,#142c4c,#142c4c,#142c4c,#142c4c,#142c4c,#142c4c,#142c4c,#142c4c,#142c4c,#050a18
#2b2f3b,#142c4c,#19385a,#142c4c,#142c4c,#142c4c,#19385a,#142c4c,#142c4c,#9fe0ff,#19385a,#142c4c,#142c4c,#142c4c,#19385a,#142c4c,#142c4c,#142c4c,#19385a,#142c4c,#142c4c,#142c4c,#19385a,#142c4c,#142c4c,#142c4c,#19385a,#142c4c,#142c4c,#142c4c,#19385a,#142c4c,#142c4c,#050a18,#efe4b9,#e3cf82,#957f36,#d6b847,#e3cf82,#efe4b9,#bbcca3,#050a18,#050a18,#efe4b9,#efe4b9,#efe4b9,#e3cf82,#957f36,#957f36,#584a26,#bbcca3,#050a18,#142c4c,#142c4c,#19385a,#142c4c,#142c4c,#142c4c,#19385a,#142c4c,#142c4c,#142c4c,#19385a,#050a18
#2b2f3b,#142c4c,#142c4c,#142c4c,#142c4c,#142c4c,#142c4c,#142c4c,#9fe0ff,#ffffff,#9fe0ff,#142c4c,#142c4c,#142c4c,#142c4c,#142c4c,#142c4c,#142c4c,#142c4c,#142c4c,#142c4c,#142c4c,#142c4c,#142c4c,#142c4c,#142c4c,#142c4c,#142c4c,#142c4c,#142c4c,#142c4c,#142c4c,#050a18,#efe4b9,#e3cf82,#957f36,#957f36,#957f36,#957f36,#efe4b9,#957f36,#efe4b9,#efe4b9,#e3cf82,#e3cf82,#957f36,#957f36,#957f36,#584a26,#bbcca3,#050a18,#142c4c,#142c4c,#142c4c,#142c4c,#142c4c,#142c4c,#142c4c,#142c4c,#142c4c,#142c4c,#142c4c,#142c4c,#050a18
#2b2f3b,#142c4c,#19385a,#142c4c,#19385a,#142c4c,#19385a,#142c4c,#19385a,#9fe0ff,#19385a,#142c4c,#19385a,#142c4c,#19385a,#142c4c,#19385a,#142c4c,#19385a,#142c4c,#19385a,#142c4c,#19385a,#142c4c,#19385a,#142c4c,#19385a,#142c4c,#19385a,#142c4c,#19385a,#050a18,#efe4b9,#e3cf82,#957f36,#584a26,#bbcca3,#bbcca3,#957f36,#584a26,#bbcca3,#957f36,#957f36,#957f36,#957f36,#957f36,#584a26,#bbcca3,#bbcca3,#050a18,#19385a,#142c4c,#19385a,#142c4c,#19385a,#142c4c,#19385a,#142c4c,#19385a,#142c4c,#19385a,#142c4c,#19385a,#050a18
#2b2f3b,#19385a,#142c4c,#19385a,#142c4c,#19385a,#142c4c,#19385a,#142c4c,#19385a,#142c4c,#19385a,#142c4c,#19385a,#142c4c,#19385a,#142c4c,#19385a,#142c4c,#19385a,#142c4c,#19385a,#142c4c,#19385a,#142c4c,#19385a,#142c4c,#19385a,#142c4c,#19385a,#142c4c,#050a18,#efe4b9,#957f36,#584a26,#bbcca3,#050a18,#050a18,#bbcca3,#bbcca3,#050a18,#bbcca3,#bbcca3,#bbcca3,#bbcca3,#bbcca3,#bbcca3,#050a18,#050a18,#19385a,#142c4c,#19385a,#142c4c,#19385a,#142c4c,#19385a,#142c4c,#19385a,#142c4c,#19385a,#142c4c,#19385a,#142c4c,#050a18
#2b2f3b,#142c4c,#19385a,#142c4c,#19385a,#142c4c,#19385a,#142c4c,#19385a,#142c4c,#19385a,#142c4c,#19385a,#142c4c,#19385a,#142c4c,#19385a,#142c4c,#19385a,#142c4c,#19385a,#142c4c,#19385a,#142c4c,#19385a,#142c4c,#19385a,#142c4c,#19385a,#142c4c,#050a18,#efe4b9,#e3cf82,#957f36,#bbcca3,#050a18,#19385a,#142c4c,#050a18,#050a18,#19385a,#050a18,#050a18,#050a18,#050a18,#050a18,#050a18,#142c4c,#19385a,#142c4c,#19385a,#142c4c,#19385a,#142c4c,#19385a,#142c4c,#19385a,#142c4c,#19385a,#142c4c,#19385a,#142c4c,#19385a,#050a18
#2b2f3b,#19385a,#142c4c,#19385a,#142c4c,#19385a,#142c4c,#9fe0ff,#142c4c,#19385a,#142c4c,#19385a,#142c4c,#19385a,#142c4c,#19385a,#142c4c,#19385a,#142c4c,#19385a,#142c4c,#19385a,#142c4c,#19385a,#142c4c,#19385a,#142c4c,#19385a,#142c4c,#050a18,#efe4b9,#e3cf82,#957f36,#584a26,#bbcca3,#050a18,#142c4c,#19385a,#142c4c,#19385a,#142c4c,#19385a,#142c4c,#19385a,#142c4c,#19385a,#142c4c,#19385a,#142c4c,#19385a,#142c4c,#19385a,#142c4c,#19385a,#142c4c,#19385a,#142c4c,#19385a,#142c4c,#19385a,#142c4c,#19385a,#142c4c,#050a18
#2b2f3b,#19385a,#19385a,#19385a,#19385a,#19385a,#9fe0ff,#ffffff,#9fe0ff,#19385a,#19385a,#19385a,#19385a,#19385a,#19385a,#19385a,#19385a,#19385a,#19385a,#19385a,#19385a,#19385a,#19385a,#19385a,#19385a,#19385a,#19385a,#19385a,#050a18,#efe4b9,#e3cf82,#957f36,#584a26,#bbcca3,#050a18,#19385a,#19385a,#19385a,#19385a,#19385a,#19385a,#19385a,#19385a,#19385a,#19385a,#19385a,#19385a,#19385a,#19385a,#19385a,#19385a,#19385a,#19385a,#19385a,#19385a,#19385a,#19385a,#19385a,#19385a,#19385a,#19385a,#19385a,#19385a,#050a18
#2b2f3b,#19385a,#142c4c,#19385a,#142c4c,#19385a,#142c4c,#9fe0ff,#142c4c,#19385a,#142c4c,#19385a,#142c4c,#19385a,#142c4c,#19385a,#142c4c,#19385a,#142c4c,#19385a,#142c4c,#19385a,#142c4c,#19385a,#142c4c,#19385a,#142c4c,#050a18,#efe4b9,#e3cf82,#957f36,#584a26,#bbcca3,#050a18,#142c4c,#19385a,#142c4c,#19385a,#142c4c,#19385a,#142c4c,#19385a,#142c4c,#19385a,#142c4c,#19385a,#142c4c,#19385a,#142c4c,#19385a,#142c4c,#19385a,#142c4c,#19385a,#142c4c,#19385a,#142c4c,#19385a,#142c4c,#19385a,#142c4c,#19385a,#142c4c,#050a18
#2b2f3b,#19385a,#19385a,#19385a,#19385a,#19385a,#19385a,#19385a,#19385a,#19385a,#19385a,#19385a,#19385a,#19385a,#19385a,#19385a,#19385a,#19385a,#19385a,#19385a,#19385a,#19385a,#19385a,#19385a,#19385a,#19385a,#050a18,#daeff9,#e3cf82,#957f36,#584a26,#bbcca3,#050a18,#19385a,#19385a,#19385a,#19385a,#19385a,#19385a,#19385a,#19385a,#19385a,#19385a,#19385a,#19385a,#19385a,#19385a,#19385a,#19385a,#19385a,#19385a,#19385a,#19385a,#19385a,#19385a,#19385a,#19385a,#19385a,#19385a,#19385a,#19385a,#19385a,#19385a,#050a18
#2b2f3b,#19385a,#19385a,#19385a,#142c4c,#19385a,#19385a,#19385a,#142c4c,#19385a,#19385a,#19385a,#142c4c,#19385a,#19385a,#19385a,#142c4c,#19385a,#19385a,#19385a,#142c4c,#19385a,#19385a,#19385a,#142c4c,#050a18,#daeff9,#bce2f5,#e3cf82,#584a26,#bbcca3,#050a18,#142c4c,#19385a,#19385a,#19385a,#142c4c,#19385a,#19385a,#19385a,#142c4c,#19385a,#19385a,#19385a,#142c4c,#19385a,#19385a,#19385a,#142c4c,#19385a,#19385a,#19385a,#84cbf3,#19385a,#19385a,#19385a,#142c4c,#19385a,#19385a,#19385a,#142c4c,#19385a,#19385a,#050a18
#2b2f3b,#19385a,#19385a,#19385a,#19385a,#19385a,#19385a,#19385a,#19385a,#19385a,#19385a,#19385a,#19385a,#19385a,#19385a,#19385a,#19385a,#19385a,#19385a,#19385a,#19385a,#19385a,#19385a,#19385a,#050a18,#daeff9,#bce2f5,#6e92a9,#bce2f5,#bbcca3,#050a18,#19385a,#19385a,#19385a,#19385a,#19385a,#19385a,#19385a,#19385a,#19385a,#19385a,#19385a,#19385a,#19385a,#19385a,#19385a,#19385a,#19385a,#19385a,#19385a,#19385a,#19385a,#84cbf3,#19385a,#19385a,#19385a,#19385a,#19385a,#19385a,#19385a,#19385a,#19385a,#19385a,#050a18
#2b2f3b,#19385a,#19385a,#19385a,#19385a,#19385a,#19385a,#19385a,#19385a,#19385a,#19385a,#19385a,#19385a,#19385a,#19385a,#19385a,#19385a,#19385a,#19385a,#19385a,#19385a,#19385a,#19385a,#050a18,#daeff9,#bce2f5,#6e92a9,#425466,#9edaf8,#050a18,#19385a,#19385a,#19385a,#19385a,#19385a,#19385a,#19385a,#84cbf3,#19385a,#19385a,#19385a,#19385a,#19385a,#19385a,#19385a,#19385a,#19385a,#19385a,#19385a,#19385a,#19385a,#19385a,#84cbf3,#19385a,#19385a,#19385a,#19385a,#19385a,#19385a,#19385a,#19385a,#19385a,#19385a,#050a18
#2b2f3b,#19385a,#1e4468,#19385a,#19385a,#19385a,#1e4468,#19385a,#19385a,#19385a,#1e4468,#19385a,#19385a,#19385a,#1e4468,#19385a,#19385a,#19385a,#1e4468,#19385a,#19385a,#19385a,#1e4468,#050a18,#ffffff,#bce2f5,#daeff9,#9edaf8,#050a18,#19385a,#1e4468,#19385a,#19385a,#19385a,#1e4468,#19385a,#19385a,#84cbf3,#1e4468,#19385a,#19385a,#19385a,#1e4468,#19385a,#19385a,#19385a,#1e4468,#19385a,#19385a,#19385a,#1e4468,#84cbf3,#84cbf3,#19385a,#1e4468,#19385a,#19385a,#19385a,#84cbf3,#19385a,#19385a,#19385a,#1e4468,#050a18
#2b2f3b,#19385a,#19385a,#19385a,#19385a,#19385a,#19385a,#19385a,#19385a,#19385a,#19385a,#19385a,#19385a,#19385a,#19385a,#19385a,#19385a,#19385a,#19385a,#19385a,#19385a,#19385a,#050a18,#ffffff,#bce2f5,#bce2f5,#ffffff,#050a18,#19385a,#19385a,#19385a,#19385a,#19385a,#19385a,#19385a,#19385a,#19385a,#84cbf3,#19385a,#19385a,#19385a,#19385a,#19385a,#19385a,#19385a,#19385a,#19385a,#19385a,#19385a,#19385a,#19385a,#84cbf3,#84cbf3,#19385a,#19385a,#19385a,#19385a,#84cbf3,#84cbf3,#19385a,#19385a,#19385a,#19385a,#050a18
#2b2f3b,#19385a,#1e4468,#19385a,#1e4468,#19385a,#1e4468,#19385a,#1e4468,#19385a,#1e4468,#19385a,#1e4468,#19385a,#1e4468,#19385a,#1e4468,#19385a,#1e4468,#19385a,#1e4468,#050a18,#daeff9,#bce2f5,#bce2f5,#425466,#9edaf8,#050a18,#1e4468,#19385a,#1e4468,#19385a,#1e4468,#19385a,#1e4468,#19385a,#84cbf3,#84cbf3,#1e4468,#19385a,#1e4468,#19385a,#1e4468,#19385a,#1e4468,#19385a,#1e4468,#19385a,#1e4468,#19385a,#1e4468,#84cbf3,#84cbf3,#84cbf3,#1e4468,#19385a,#1e4468,#84cbf3,#84cbf3,#19385a,#1e4468,#19385a,#1e4468,#050a18
#2b2f3b,#1e4468,#19385a,#1e4468,#19385a,#1e4468,#19385a,#1e4468,#19385a,#1e4468,#19385a,#1e4468,#19385a,#1e4468,#19385a,#1e4468,#19385a,#1e4468,#19385a,#1e4468,#050a18,#daeff9,#bce2f5,#ffffff,#bce2f5,#9edaf8,#050a18,#1e4468,#19385a,#1e4468,#19385a,#1e4468,#19385a,#1e4468,#19385a,#1e4468,#84cbf3,#84cbf3,#84cbf3,#1e4468,#19385a,#1e4468,#19385a,#1e4468,#19385a,#1e4468,#19385a,#1e4468,#19385a,#1e4468,#19385a,#84cbf3,#84cbf3,#84cbf3,#19385a,#1e4468,#19385a,#84cbf3,#84cbf3,#1e4468,#19385a,#1e4468,#84cbf3,#050a18
#2b2f3b,#19385a,#1e4468,#19385a,#1e4468,#19385a,#1e4468,#19385a,#1e4468,#19385a,#7fb3cc,#19385a,#1e4468,#19385a,#1e4468,#19385a,#1e4468,#19385a,#050a18,#050a18,#daeff9,#bce2f5,#6e92a9,#bce2f5,#9edaf8,#050a18,#1e4468,#19385a,#1e4468,#19385a,#1e4468,#19385a,#1e4468,#19385a,#1e4468,#19385a,#84cbf3,#84cbf3,#84cbf3,#19385a,#1e4468,#19385a,#1e4468,#19385a,#84cbf3,#19385a,#1e4468,#19385a,#1e4468,#19385a,#84cbf3,#84cbf3,#84cbf3,#84cbf3,#1e4468,#19385a,#84cbf3,#84cbf3,#84cbf3,#84cbf3,#1e4468,#19385a,#84cbf3,#050a18
#2b2f3b,#1e4468,#19385a,#1e4468,#19385a,#1e4468,#19385a,#1e4468,#19385a,#1e4468,#9fe0ff,#1e4468,#19385a,#1e4468,#19385a,#1e4468,#19385a,#050a18,#daeff9,#daeff9,#bce2f5,#bce2f5,#6e92a9,#9edaf8,#050a18,#1e4468,#19385a,#1e4468,#19385a,#1e4468,#19385a,#1e4468,#19385a,#1e4468,#19385a,#1e4468,#84cbf3,#84cbf3,#84cbf3,#1e4468,#19385a,#1e4468,#19385a,#84cbf3,#84cbf3,#1e4468,#19385a,#1e4468,#19385a,#1e4468,#84cbf3,#84cbf3,#84cbf3,#84cbf3,#19385a,#1e4468,#84cbf3,#84cbf3,#84cbf3,#84cbf3,#19385a,#1e4468,#84cbf3,#050a18
#2b2f3b,#1e4468,#1e4468,#1e4468,#1e4468,#1e4468,#1e4468,#1e4468,#7fb3cc,#9fe0ff,#ffffff,#9fe0ff,#7fb3cc,#1e4468,#1e4468,#1e4468,#1e4468,#050a18,#daeff9,#bce2f5,#bce2f5,#bce2f5,#daeff9,#9edaf8,#050a18,#1e4468,#1e4468,#1e4468,#1e4468,#1e4468,#1e4468,#1e4468,#1e4468,#1e4468,#1e4468,#84cbf3,#84cbf3,#84cbf3,#84cbf3,#1e4468,#1e4468,#1e4468,#1e4468,#84cbf3,#84cbf3,#1e4468,#1e4468,#1e4468,#1e4468,#1e4468,#84cbf3,#84cbf3,#84cbf3,#84cbf3,#1e4468,#1e4468,#84cbf3,#84cbf3,#84cbf3,#84cbf3,#1e4468,#1e4468,#84cbf3,#050a18
#2b2f3b,#1e4468,#19385a,#1e4468,#19385a,#1e4468,#19385a,#1e4468,#19385a,#1e4468,#9fe0ff,#1e4468,#19385a,#1e4468,#19385a,#1e4468,#050a18,#daeff9,#bce2f5,#bce2f5,#9dd4f0,#6e92a9,#6e92a9,#9edaf8,#050a18,#1e4468,#19385a,#1e4468,#19385a,#1e4468,#19385a,#1e4468,#19385a,#1e4468,#19385a,#84cbf3,#84cbf3,#84cbf3,#84cbf3,#84cbf3,#19385a,#1e4468,#84cbf3,#84cbf3,#84cbf3,#84cbf3,#19385a,#1e4468,#19385a,#1e4468,#84cbf3,#84cbf3,#84cbf3,#84cbf3,#84cbf3,#1e4468,#84cbf3,#84cbf3,#84cbf3,#84cbf3,#19385a,#84cbf3,#84cbf3,#050a18
#2b2f3b,#1e4468,#1e4468,#1e4468,#1e4468,#1e4468,#1e4468,#1e4468,#1e4468,#1e4468,#7fb3cc,#1e4468,#1e4468,#050a18,#050a18,#050a18,#050a18,#daeff9,#bce2f5,#bce2f5,#6e92a9,#9dd4f0,#6e92a9,#9edaf8,#050a18,#1e4468,#1e4468,#1e4468,#1e4468,#1e4468,#1e4468,#1e4468,#1e4468,#1e4468,#1e4468,#84cbf3,#84cbf3,#84cbf3,#84cbf3,#84cbf3,#1e4468,#1e4468,#84cbf3,#84cbf3,#84cbf3,#84cbf3,#1e4468,#1e4468,#1e4468,#1e4468,#84cbf3,#84cbf3,#84cbf3,#84cbf3,#84cbf3,#84cbf3,#84cbf3,#84cbf3,#84cbf3,#84cbf3,#84cbf3,#84cbf3,#84cbf3,#050a18
#2b2f3b,#1e4468,#1e4468,#1e4468,#19385a,#1e4468,#1e4468,#1e4468,#19385a,#1e4468,#1e4468,#1e4468,#050a18,#daeff9,#daeff9,#daeff9,#daeff9,#bce2f5,#bce2f5,#6e92a9,#9dd4f0,#6e92a9,#6e92a9,#9edaf8,#050a18,#1e4468,#1e4468,#1e4468,#19385a,#1e4468,#1e4468,#1e4468,#19385a,#1e4468,#1e4468,#84cbf3,#84cbf3,#84cbf3,#84cbf3,#84cbf3,#19385a,#84cbf3,#84cbf3,#84cbf3,#84cbf3,#84cbf3,#84cbf3,#1e4468,#19385a,#84cbf3,#84cbf3,#84cbf3,#84cbf3,#84cbf3,#84cbf3,#84cbf3,#84cbf3,#84cbf3,#84cbf3,#84cbf3,#84cbf3,#84cbf3,#84cbf3,#050a18
#2b2f3b,#c8e4f6,#9ccbe8,#c8e4f6,#9ccbe8,#c8e4f6,#ffffff,#c8e4f6,#9ccbe8,#c8e4f6,#9ccbe8,#c8e4f6,#050a18,#daeff9,#bce2f5,#bce2f5,#6e92a9,#bce2f5,#6e92a9,#9dd4f0,#425466,#425466,#6e92a9,#9edaf8,#050a18,#c8e4f6,#9ccbe8,#c8e4f6,#9ccbe8,#c8e4f6,#9ccbe8,#c8e4f6,#9ccbe8,#ffffff,#9ccbe8,#c8e4f6,#9ccbe8,#c8e4f6,#9ccbe8,#c8e4f6,#9ccbe8,#c8e4f6,#ffffff,#c8e4f6,#9ccbe8,#c8e4f6,#9ccbe8,#c8e4f6,#9ccbe8,#c8e4f6,#9ccbe8,#ffffff,#9ccbe8,#c8e4f6,#9ccbe8,#c8e4f6,#9ccbe8,#c8e4f6,#9ccbe8,#c8e4f6,#ffffff,#c8e4f6,#9ccbe8,#050a18
#2b2f3b,#9ccbe8,#c8e4f6,#9ccbe8,#c8e4f6,#9ccbe8,#c8e4f6,#9ccbe8,#ffffff,#9ccbe8,#c8e4f6,#9ccbe8,#050a18,#daeff9,#bce2f5,#6e92a9,#6e92a9,#425466,#9edaf8,#daeff9,#425466,#ffffff,#bce2f5,#9edaf8,#050a18,#9ccbe8,#ffffff,#9ccbe8,#c8e4f6,#9ccbe8,#c8e4f6,#9ccbe8,#c8e4f6,#9ccbe8,#c8e4f6,#ffffff,#c8e4f6,#9ccbe8,#c8e4f6,#9ccbe8,#c8e4f6,#9ccbe8,#c8e4f6,#9ccbe8,#ffffff,#9ccbe8,#c8e4f6,#9ccbe8,#c8e4f6,#9ccbe8,#c8e4f6,#9ccbe8,#c8e4f6,#ffffff,#c8e4f6,#9ccbe8,#c8e4f6,#9ccbe8,#c8e4f6,#9ccbe8,#c8e4f6,#9ccbe8,#ffffff,#050a18
#2b2f3b,#ffffff,#9ccbe8,#c8e4f6,#9ccbe8,#c8e4f6,#9ccbe8,#c8e4f6,#9ccbe8,#c8e4f6,#ffffff,#c8e4f6,#050a18,#daeff9,#6e92a9,#6e92a9,#425466,#9edaf8,#050a18,#daeff9,#ffffff,#bce2f5,#bce2f5,#9edaf8,#050a18,#c8e4f6,#9ccbe8,#c8e4f6,#ffffff,#c8e4f6,#9ccbe8,#c8e4f6,#9ccbe8,#c8e4f6,#9ccbe8,#c8e4f6,#9ccbe8,#ffffff,#9ccbe8,#c8e4f6,#9ccbe8,#c8e4f6,#9ccbe8,#c8e4f6,#9ccbe8,#c8e4f6,#ffffff,#c8e4f6,#9ccbe8,#c8e4f6,#9ccbe8,#c8e4f6,#9ccbe8,#c8e4f6,#9ccbe8,#ffffff,#9ccbe8,#c8e4f6,#9ccbe8,#c8e4f6,#9ccbe8,#c8e4f6,#9ccbe8,#050a18
#2b2f3b,#9ccbe8,#c8e4f6,#ffffff,#c8e4f6,#9ccbe8,#c8e4f6,#9ccbe8,#c8e4f6,#9ccbe8,#c8e4f6,#9ccbe8,#050a18,#ffffff,#bce2f5,#425466,#9edaf8,#050a18,#050a18,#daeff9,#bce2f5,#bce2f5,#6e92a9,#9edaf8,#050a18,#9ccbe8,#c8e4f6,#9ccbe8,#c8e4f6,#9ccbe8,#ffffff,#9ccbe8,#c8e4f6,#9ccbe8,#c8e4f6,#9ccbe8,#c8e4f6,#9ccbe8,#c8e4f6,#ffffff,#c8e4f6,#9ccbe8,#c8e4f6,#9ccbe8,#c8e4f6,#9ccbe8,#c8e4f6,#9ccbe8,#ffffff,#9ccbe8,#c8e4f6,#9ccbe8,#c8e4f6,#9ccbe8,#c8e4f6,#9ccbe8,#c8e4f6,#ffffff,#c8e4f6,#9ccbe8,#c8e4f6,#9ccbe8,#c8e4f6,#050a18
#2b2f3b,#c8e4f6,#9ccbe8,#c8e4f6,#9ccbe8,#ffffff,#9ccbe8,#c8e4f6,#9ccbe8,#c8e4f6,#9ccbe8,#c8e4f6,#050a18,#daeff9,#ffffff,#bce2f5,#ffffff,#050a18,#050a18,#daeff9,#ffffff,#ffffff,#bce2f5,#6e92a9,#9edaf8,#050a18,#9ccbe8,#c8e4f6,#9ccbe8,#c8e4f6,#9ccbe8,#c8e4f6,#ffffff,#c8e4f6,#9ccbe8,#c8e4f6,#9ccbe8,#c8e4f6,#9ccbe8,#c8e4f6,#9ccbe8,#ffffff,#9ccbe8,#c8e4f6,#9ccbe8,#c8e4f6,#9ccbe8,#c8e4f6,#9ccbe8,#c8e4f6,#ffffff,#c8e4f6,#9ccbe8,#c8e4f6,#9ccbe8,#c8e4f6,#9ccbe8,#c8e4f6,#9ccbe8,#ffffff,#9ccbe8,#c8e4f6,#9ccbe8,#050a18
#2b2f3b,#9ccbe8,#c8e4f6,#9ccbe8,#c8e4f6,#9ccbe8,#c8e4f6,#ffffff,#c8e4f6,#9ccbe8,#c8e4f6,#9ccbe8,#050a18,#daeff9,#bce2f5,#bce2f5,#9edaf8,#050a18,#050a18,#9edaf8,#9edaf8,#9edaf8,#9edaf8,#9edaf8,#9edaf8,#050a18,#c8e4f6,#9ccbe8,#c8e4f6,#9ccbe8,#c8e4f6,#9ccbe8,#c8e4f6,#9ccbe8,#ffffff,#9ccbe8,#c8e4f6,#9ccbe8,#c8e4f6,#9ccbe8,#c8e4f6,#9ccbe8,#c8e4f6,#ffffff,#c8e4f6,#9ccbe8,#c8e4f6,#9ccbe8,#c8e4f6,#9ccbe8,#c8e4f6,#9ccbe8,#ffffff,#9ccbe8,#c8e4f6,#9ccbe8,#c8e4f6,#9ccbe8,#c8e4f6,#9ccbe8,#c8e4f6,#ffffff,#c8e4f6,#050a18
#2b2f3b,#c8e4f6,#9ccbe8,#c8e4f6,#9ccbe8,#c8e4f6,#9ccbe8,#c8e4f6,#9ccbe8,#ffffff,#9ccbe8,#c8e4f6,#050a18,#daeff9,#bce2f5,#6e92a9,#9edaf8,#050a18,#ffffff,#050a18,#050a18,#050a18,#050a18,#050a18,#050a18,#6e7d87,#567080,#8c8c8c,#567080,#6e7d87,#567080,#6e7d87,#567080,#6e7d87,#567080,#6e7d87,#8c8c8c,#6e7d87,#567080,#6e7d87,#567080,#6e7d87,#567080,#6e7d87,#567080,#8c8c8c,#567080,#6e7d87,#567080,#c8e4f6,#9ccbe8,#c8e4f6,#9ccbe8,#c8e4f6,#ffffff,#c8e4f6,#9ccbe8,#c8e4f6,#9ccbe8,#c8e4f6,#9ccbe8,#c8e4f6,#9ccbe8,#050a18
#2b2f3b,#9ccbe8,#ffffff,#9ccbe8,#c8e4f6,#9ccbe8,#c8e4f6,#9ccbe8,#c8e4f6,#9ccbe8,#c8e4f6,#ffffff,#050a18,#daeff9,#6e92a9,#6e92a9,#9edaf8,#050a18,#c8e4f6,#567080,#ffffff,#567080,#c8e4f6,#567080,#c8e4f6,#567080,#c8e4f6,#567080,#c8e4f6,#8c8c8c,#c8e4f6,#567080,#c8e4f6,#567080,#c8e4f6,#567080,#c8e4f6,#567080,#ffffff,#567080,#c8e4f6,#567080,#c8e4f6,#567080,#c8e4f6,#567080,#c8e4f6,#8c8c8c,#c8e4f6,#567080,#c8e4f6,#567080,#c8e4f6,#9ccbe8,#c8e4f6,#9ccbe8,#ffffff,#9ccbe8,#c8e4f6,#9ccbe8,#c8e4f6,#9ccbe8,#c8e4f6,#050a18
#2b2f3b,#c8e4f6,#9ccbe8,#c8e4f6,#ffffff,#c8e4f6,#9ccbe8,#c8e4f6,#9ccbe8,#c8e4f6,#9ccbe8,#c8e4f6,#050a18,#9edaf8,#9edaf8,#9edaf8,#9edaf8,#050a18,#567080,#6e7d87,#567080,#6e7d87,#8c8c8c,#6e7d87,#567080,#6e7d87,#567080,#6e7d87,#567080,#6e7d87,#567080,#8c8c8c,#567080,#6e7d87,#567080,#6e7d87,#567080,#6e7d87,#567080,#6e7d87,#8c8c8c,#6e7d87,#567080,#6e7d87,#567080,#6e7d87,#567080,#6e7d87,#567080,#8c8c8c,#567080,#6e7d87,#567080,#6e7d87,#9ccbe8,#c8e4f6,#9ccbe8,#c8e4f6,#ffffff,#c8e4f6,#9ccbe8,#c8e4f6,#9ccbe8,#050a18
#2b2f3b,#9ccbe8,#c8e4f6,#9ccbe8,#c8e4f6,#9ccbe8,#ffffff,#9ccbe8,#c8e4f6,#9ccbe8,#c8e4f6,#9ccbe8,#c8e4f6,#050a18,#050a18,#050a18,#050a18,#567080,#c8e4f6,#567080,#c8e4f6,#567080,#c8e4f6,#567080,#9fe0ff,#567080,#c8e4f6,#567080,#c8e4f6,#567080,#c8e4f6,#567080,#c8e4f6,#8c8c8c,#c8e4f6,#567080,#c8e4f6,#567080,#c8e4f6,#567080,#c8e4f6,#567080,#ffffff,#567080,#c8e4f6,#567080,#c8e4f6,#567080,#c8e4f6,#567080,#c8e4f6,#8c8c8c,#c8e4f6,#9ccbe8,#c8e4f6,#9ccbe8,#c8e4f6,#9ccbe8,#c8e4f6,#9ccbe8,#ffffff,#9ccbe8,#c8e4f6,#050a18
#2b2f3b,#c8e4f6,#9ccbe8,#c8e4f6,#9ccbe8,#c8e4f6,#9ccbe8,#c8e4f6,#ffffff,#c8e4f6,#9ccbe8,#c8e4f6,#9ccbe8,#c8e4f6,#9ccbe8,#c8e4f6,#9ccbe8,#ffffff,#9ccbe8,#6e7d87,#567080,#6e7d87,#567080,#9fe0ff,#ffffff,#9fe0ff,#8c8c8c,#6e7d87,#567080,#6e7d87,#567080,#6e7d87,#567080,#6e7d87,#567080,#8c8c8c,#567080,#6e7d87,#567080,#6e7d87,#567080,#6e7d87,#567080,#6e7d87,#8c8c8c,#6e7d87,#567080,#6e7d87,#567080,#c8e4f6,#9ccbe8,#c8e4f6,#9ccbe8,#ffffff,#9ccbe8,#c8e4f6,#9ccbe8,#c8e4f6,#9ccbe8,#c8e4f6,#9ccbe8,#c8e4f6,#ffffff,#050a18
#2b2f3b,#ffffff,#c8e4f6,#9ccbe8,#c8e4f6,#9ccbe8,#c8e4f6,#9ccbe8,#c8e4f6,#9ccbe8,#ffffff,#9ccbe8,#c8e4f6,#9ccbe8,#c8e4f6,#9ccbe8,#c8e4f6,#9ccbe8,#c8e4f6,#ffffff,#c8e4f6,#9ccbe8,#c8e4f6,#9ccbe8,#9fe0ff,#9ccbe8,#c8e4f6,#9ccbe8,#ffffff,#9ccbe8,#c8e4f6,#9ccbe8,#c8e4f6,#9ccbe8,#c8e4f6,#9ccbe8,#c8e4f6,#ffffff,#c8e4f6,#9ccbe8,#c8e4f6,#9ccbe8,#c8e4f6,#9ccbe8,#c8e4f6,#9ccbe8,#ffffff,#9ccbe8,#c8e4f6,#9ccbe8,#c8e4f6,#9ccbe8,#c8e4f6,#9ccbe8,#c8e4f6,#ffffff,#c8e4f6,#9ccbe8,#c8e4f6,#9ccbe8,#c8e4f6,#9ccbe8,#c8e4f6,#050a18
#2b2f3b,#c8e4f6,#9ccbe8,#ffffff,#9ccbe8,#c8e4f6,#9ccbe8,#c8e4f6,#9ccbe8,#c8e4f6,#9ccbe8,#c8e4f6,#ffffff,#c8e4f6,#9ccbe8,#c8e4f6,#9ccbe8,#c8e4f6,#9ccbe8,#c8e4f6,#9ccbe8,#ffffff,#9ccbe8,#c8e4f6,#9ccbe8,#c8e4f6,#9ccbe8,#c8e4f6,#9ccbe8,#c8e4f6,#ffffff,#c8e4f6,#9ccbe8,#c8e4f6,#9ccbe8,#c8e4f6,#9ccbe8,#c8e4f6,#9ccbe8,#ffffff,#9ccbe8,#c8e4f6,#9ccbe8,#c8e4f6,#9ccbe8,#c8e4f6,#9ccbe8,#c8e4f6,#ffffff,#c8e4f6,#9ccbe8,#c8e4f6,#9ccbe8,#c8e4f6,#9ccbe8,#c8e4f6,#9ccbe8,#ffffff,#9ccbe8,#c8e4f6,#9ccbe8,#c8e4f6,#9ccbe8,#050a18
#2b2f3b,#9ccbe8,#c8e4f6,#9ccbe8,#c8e4f6,#ffffff,#c8e4f6,#9ccbe8,#c8e4f6,#9ccbe8,#c8e4f6,#9ccbe8,#c8e4f6,#9ccbe8,#ffffff,#9ccbe8,#c8e4f6,#9ccbe8,#c8e4f6,#9ccbe8,#c8e4f6,#9ccbe8,#c8e4f6,#ffffff,#c8e4f6,#9ccbe8,#c8e4f6,#9ccbe8,#c8e4f6,#9ccbe8,#c8e4f6,#9ccbe8,#ffffff,#9ccbe8,#c8e4f6,#9ccbe8,#c8e4f6,#9ccbe8,#c8e4f6,#9ccbe8,#c8e4f6,#ffffff,#c8e4f6,#9ccbe8,#c8e4f6,#9ccbe8,#c8e4f6,#9ccbe8,#c8e4f6,#9ccbe8,#ffffff,#9ccbe8,#c8e4f6,#9ccbe8,#c8e4f6,#9ccbe8,#c8e4f6,#9ccbe8,#c8e4f6,#ffffff,#c8e4f6,#9ccbe8,#c8e4f6,#050a18
#2b2f3b,#c8e4f6,#9ccbe8,#c8e4f6,#9ccbe8,#c8e4f6,#9ccbe8,#ffffff,#9ccbe8,#c8e4f6,#9ccbe8,#c8e4f6,#9ccbe8,#c8e4f6,#9ccbe8,#c8e4f6,#ffffff,#c8e4f6,#9ccbe8,#c8e4f6,#9ccbe8,#c8e4f6,#9ccbe8,#c8e4f6,#9ccbe8,#ffffff,#9ccbe8,#c8e4f6,#9ccbe8,#c8e4f6,#9ccbe8,#c8e4f6,#9ccbe8,#c8e4f6,#ffffff,#c8e4f6,#9ccbe8,#c8e4f6,#9ccbe8,#c8e4f6,#9ccbe8,#c8e4f6,#9ccbe8,#ffffff,#9ccbe8,#c8e4f6,#9ccbe8,#c8e4f6,#9ccbe8,#c8e4f6,#9ccbe8,#c8e4f6,#ffffff,#c8e4f6,#9ccbe8,#c8e4f6,#9ccbe8,#c8e4f6,#9ccbe8,#c8e4f6,#9ccbe8,#ffffff,#9ccbe8,#050a18
#2b2f3b,#050a18,#050a18,#050a18,#050a18,#050a18,#050a18,#050a18,#050a18,#050a18,#050a18,#050a18,#050a18,#050a18,#050a18,#050a18,#050a18,#050a18,#050a18,#050a18,#050a18,#050a18,#050a18,#050a18,#050a18,#050a18,#050a18,#050a18,#050a18,#050a18,#050a18,#050a18,#050a18,#050a18,#050a18,#050a18,#050a18,#050a18,#050a18,#050a18,#050a18,#050a18,#050a18,#050a18,#050a18,#050a18,#050a18,#050a18,#050a18,#050a18,#050a18,#050a18,#050a18,#050a18,#050a18,#050a18,#050a18,#050a18,#050a18,#050a18,#050a18,#050a18,#050a18,#050a18
