#7bc7f2,#7bc7f2,#7bc7f2,#7bc7f2,#7bc7f2,#7bc7f2,#7bc7f2,#7bc7f2,#7bc7f2,#7bc7f2,#7bc7f2,#7bc7f2,#7bc7f2,#7bc7f2,#7bc7f2,#7bc7f2,#7bc7f2,#7bc7f2,#7bc7f2,#7bc7f2,#7bc7f2,#7bc7f2,#7bc7f2,#7bc7f2,#7bc7f2,#7bc7f2,#7bc7f2,#7bc7f2,#7bc7f2,#7bc7f2,#7bc7f2,#7bc7f2,#7bc7f2,#7bc7f2,#7bc7f2,#7bc7f2,#7bc7f2,#7bc7f2,#7bc7f2,#7bc7f2,#7bc7f2,#7bc7f2,#7bc7f2,#7bc7f2,#7bc7f2,#7bc7f2,#7bc7f2,#7bc7f2,#7bc7f2,#7bc7f2,#7bc7f2,#7bc7f2,#7bc7f2,#7bc7f2,#7bc7f2,#7bc7f2,#7bc7f2,#7bc7f2,#7bc7f2,#7bc7f2,#7bc7f2,#7bc7f2,#7bc7f2,#7bc7f2
#7bc7f2,#0a1430,#0a1430,#0a1430,#0a1430,#0a1430,#0a1430,#0a1430,#0a1430,#0a1430,#0a1430,#0a1430,#ffffff,#0a1430,#0a1430,#0a1430,#0a1430,#0a1430,#0a1430,#0a1430,#0a1430,#0a1430,#0a1430,#0a1430,#0a1430,#0a1430,#0a1430,#0a1430,#0a1430,#0a1430,#0a1430,#0a1430,#0a1430,#0a1430,#0a1430,#0a1430,#0a1430,#0a1430,#0a1430,#0a1430,#0a1430,#0a1430,#0a1430,#0a1430,#0a1430,#0a1430,#0a1430,#0a1430,#0a1430,#0a1430,#0a1430,#0a1430,#0a1430,#0a1430,#0a1430,#0a1430,#0a1430,#0a1430,#0a1430,#0a1430,#0a1430,#0a1430,#0a1430,#2b6383
#7bc7f2,#0a1430,#0f203e,#0a1430,#0a1430,#0a1430,#0f203e,#0a1430,#0a1430,#0a1430,#0f203e,#0a1430,#0a1430,#0a1430,#0f203e,#0a1430,#0a1430,#0a1430,#0f203e,#0a1430,#0a1430,#0a1430,#0f203e,#0a1430,#0a1430,#0a1430,#0f203e,#0a1430,#0a1430,#0a1430,#0f203e,#0a1430,#0a1430,#0a1430,#0f203e,#0a1430,#0a1430,#0a1430,#0f203e,#0a1430,#0a1430,#0a1430,#0f203e,#0a1430,#0a1430,#0a1430,#0f203e,#0a1430,#0a1430,#0a1430,#0f203e,#0a1430,#0a1430,#0a1430,#0f203e,#0a1430,#0a1430,#0a1430,#0f203e,#0a1430,#0a1430,#0a1430,#0f203e,#2b6383
#7bc7f2,#0a1430,#0a1430,#ffffff,#0a1430,#0a1430,#0a1430,#0a1430,#0a1430,#0a1430,#0a1430,#0a1430,#0a1430,#0a1430,#0a1430,#0a1430,#0a1430,#0a1430,#0a1430,#0a1430,#0a1430,#0a1430,#0a1430,#0a1430,#0a1430,#0a1430,#0a1430,#0a1430,#0a1430,#0a1430,#0a1430,#0a1430,#0a1430,#0a1430,#0a1430,#0a1430,#0a1430,#0a1430,#0a1430,#0a1430,#0a1430,#0a1430,#0a1430,#0a1430,#0a1430,#0a1430,#0a1430,#0a1430,#0a1430,#0a1430,#0a1430,#0a1430,#0a1430,#0a1430,#0a1430,#0a1430,#0a1430,#0a1430,#0a1430,#0a1430,#0a1430,#0a1430,#0a1430,#2b6383
#7bc7f2,#0a1430,#0f203e,#0a1430,#0f203e,#0a1430,#0f203e,#0a1430,#0f203e,#0a1430,#0f203e,#0a1430,#0f203e,#0a1430,#0f203e,#0a1430,#0f203e,#0a1430,#0f203e,#0a1430,#0f203e,#0a1430,#0f203e,#0a1430,#0f203e,#0a1430,#0f203e,#0a1430,#0f203e,#0a1430,#0f203e,#0a1430,#0f203e,#0a1430,#46a691,#0a1430,#46a691,#0a1430,#46a691,#0a1430,#46a691,#0a1430,#46a691,#0a1430,#46a691,#0a1430,#0f203e,#0a1430,#0f203e,#0a1430,#0f203e,#0a1430,#0f203e,#0a1430,#0f203e,#0a1430,#0f203e,#0a1430,#0f203e,#0a1430,#0f203e,#0a1430,#0f203e,#2b6383
#7bc7f2,#0f203e,#0a1430,#0f203e,#0a1430,#0f203e,#0a1430,#0f203e,#0a1430,#0f203e,#0a1430,#0f203e,#0a1430,#0f203e,#0a1430,#0f203e,#0a1430,#0f203e,#0a1430,#0f203e,#0a1430,#0f203e,#0a1430,#0f203e,#0a1430,#0f203e,#ffffff,#0f203e,#0a1430,#050a18,#0a1430,#46a691,#0a1430,#46a691,#0a1430,#46a691,#0a1430,#46a691,#0a1430,#46a691,#0a1430,#46a691,#0a1430,#46a691,#0a1430,#46a691,#0a1430,#46a691,#0a1430,#0f203e,#0a1430,#0f203e,#0a1430,#0f203e,#0a1430,#0f203e,#0a1430,#0f203e,#0a1430,#0f203e,#0a1430,#0f203e,#0a1430,#2b6383
#7bc7f2,#0a1430,#0f203e,#0a1430,#0f203e,#0a1430,#0f203e,#0a1430,#0f203e,#0a1430,#0f203e,#0a1430,#0f203e,#0a1430,#0f203e,#0a1430,#0f203e,#0a1430,#0f203e,#0a1430,#0f203e,#0a1430,#0f203e,#0a1430,#0f203e,#0a1430,#0f203e,#050a18,#050a18,#bbdff8,#050a18,#0a1430,#46a691,#0a1430,#46a691,#0a1430,#46a691,#0a1430,#46a691,#0a1430,#46a691,#0a1430,#46a691,#0a1430,#46a691,#0a1430,#46a691,#0a1430,#46a691,#0a1430,#0f203e,#0a1430,#ffffff,#0a1430,#0f203e,#0a1430,#0f203e,#0a1430,#0f203e,#0a1430,#0f203e,#0a1430,#0f203e,#2b6383
#7bc7f2,#0f203e,#0a1430,#0f203e,#0a1430,#0f203e,#0a1430,#0f203e,#0a1430,#0f203e,#0a1430,#0f203e,#0a1430,#0f203e,#0a1430,#0f203e,#0a1430,#0f203e,#0a1430,#0f203e,#0a1430,#0f203e,#0a1430,#0f203e,#0a1430,#0f203e,#050a18,#eff2f9,#eff2f9,#e3e9f5,#bbdff8,#050a18,#0a1430,#0f203e,#0a1430,#0f203e,#0a1430,#0f203e,#0a1430,#0f203e,#0a1430,#0f203e,#0a1430,#0f203e,#0a1430,#0f203e,#0a1430,#46a691,#0a1430,#0f203e,#0a1430,#46a691,#0a1430,#0f203e,#0a1430,#0f203e,#0a1430,#0f203e,#0a1430,#0f203e,#0a1430,#0f203e,#0a1430,#2b6383
#7bc7f2,#0f203e,#0f203e,#0f203e,#0f203e,#0f203e,#0f203e,#0f203e,#0f203e,#0f203e,#0f203e,#0f203e,#0f203e,#0f203e,#0f203e,#0f203e,#0f203e,#0f203e,#0f203e,#0f203e,#0f203e,#0f203e,#0f203e,#0f203e,#0f203e,#0f203e,#050a18,#eff2f9,#585866,#bce2f5,#e3e9f5,#bbdff8,#050a18,#0f203e,#46a691,#0f203e,#46a691,#0f203e,#46a691,#0f203e,#46a691,#0f203e,#46a691,#0f203e,#46a691,#0f203e,#46a691,#0f203e,#46a691,#0f203e,#46a691,#0f203e,#46a691,#0f203e,#46a691,#ffffff,#0f203e,#0f203e,#0f203e,#0f203e,#0f203e,#0f203e,#0f203e,#2b6383
#7bc7f2,#46a691,#0a1430,#46a691,#0a1430,#0f203e,#0a1430,#0f203e,#0a1430,#0f203e,#0a1430,#0f203e,#0a1430,#0f203e,#0a1430,#0f203e,#0a1430,#0f203e,#0a1430,#0f203e,#0a1430,#0f203e,#0a1430,#46a691,#0a1430,#050a18,#eff2f9,#ffffff,#ffffff,#bce2f5,#bce2f5,#bbdff8,#050a18,#0f203e,#0a1430,#0f203e,#0a1430,#0f203e,#0a1430,#0f203e,#0a1430,#0f203e,#0a1430,#0f203e,#0a1430,#0f203e,#0a1430,#0f203e,#0a1430,#46a691,#0a1430,#0f203e,#0a1430,#46a691,#0a1430,#46a691,#0a1430,#0f203e,#0a1430,#0f203e,#0a1430,#0f203e,#0a1430,#2b6383
#7bc7f2,#0f203e,#46a691,#0f203e,#46a691,#0f203e,#46a691,#0f203e,#0f203e,#0f203e,#0f203e,#0f203e,#0f203e,#0f203e,#0f203e,#0f203e,#0f203e,#0f203e,#468ab2,#0f203e,#5cbfd3,#0f203e,#5cbfd3,#0f203e,#5cbfd3,#050a18,#eff2f9,#ffffff,#ffffff,#bce2f5,#425466,#e3e9f5,#bbdff8,#050a18,#46a691,#0f203e,#0f203e,#0f203e,#46a691,#0f203e,#0f203e,#0f203e,#46a691,#0f203e,#0f203e,#0f203e,#46a691,#0f203e,#46a691,#0f203e,#46a691,#0f203e,#46a691,#0f203e,#46a691,#0f203e,#46a691,#0f203e,#46a691,#0f203e,#0f203e,#0f203e,#0f203e,#2b6383
#7bc7f2,#0f203e,#0f203e,#46a691,#0a1430,#0f203e,#0f203e,#46a691,#0a1430,#a6ffde,#0f203e,#0f203e,#0a1430,#0f203e,#0f203e,#468ab2,#0a1430,#5cbfd3,#0f203e,#5cbfd3,#0a1430,#0f203e,#0f203e,#5cbfd3,#0a1430,#050a18,#daeff9,#ffffff,#ffffff,#bce2f5,#6e92a9,#bce2f5,#bbdff8,#050a18,#0f203e,#0f203e,#0a1430,#0f203e,#0f203e,#0f203e,#0a1430,#0f203e,#0f203e,#0f203e,#0a1430,#0f203e,#0f203e,#0f203e,#0a1430,#0f203e,#0f203e,#0f203e,#0a1430,#0f203e,#0f203e,#46a691,#0a1430,#0f203e,#0f203e,#46a691,#0a1430,#46a691,#0f203e,#2b6383
#7bc7f2,#0f203e,#46a691,#0f203e,#46a691,#0f203e,#46a691,#0f203e,#46a691,#0f203e,#46a691,#0f203e,#46a691,#0f203e,#5cbfd3,#0f203e,#5cbfd3,#0f203e,#5cbfd3,#0f203e,#5cbfd3,#0f203e,#5cbfd3,#0f203e,#5cbfd3,#050a18,#daeff9,#ffffff,#ffffff,#daeff9,#6e92a9,#425466,#e3e9f5,#bbdff8,#050a18,#0f203e,#0f203e,#0f203e,#0f203e,#0f203e,#0f203e,#0f203e,#0f203e,#0f203e,#0f203e,#0f203e,#0f203e,#0f203e,#46a691,#0f203e,#46a691,#0f203e,#46a691,#0f203e,#46a691,#0f203e,#46a691,#0f203e,#46a691,#0f203e,#46a691,#0f203e,#46a691,#2b6383
#7bc7f2,#0f203e,#0f203e,#0f203e,#0f203e,#46a691,#0f203e,#0f203e,#0f203e,#46a691,#0f203e,#5cbfd3,#0f203e,#5cbfd3,#0f203e,#46a691,#0f203e,#5cbfd3,#0f203e,#0f203e,#0f203e,#5cbfd3,#0f203e,#0f203e,#050a18,#eff2f9,#bce2f5,#bce2f5,#ffffff,#bce2f5,#bce2f5,#6e92a9,#bce2f5,#bbdff8,#050a18,#0f203e,#0f203e,#0f203e,#0f203e,#0f203e,#0f203e,#0f203e,#0f203e,#0f203e,#0f203e,#0f203e,#0f203e,#0f203e,#0f203e,#0f203e,#0f203e,#0f203e,#0f203e,#0f203e,#0f203e,#0f203e,#0f203e,#46a691,#0f203e,#0f203e,#0f203e,#46a691,#0f203e,#2b6383
#7bc7f2,#0f203e,#48ab96,#0f203e,#0f203e,#0f203e,#48ab96,#0f203e,#a6ffde,#0f203e,#5cc1d5,#0f203e,#5cbfd3,#0f203e,#5cc1d5,#0f203e,#5cbfd3,#0f203e,#5cc1d5,#0f203e,#5cbfd3,#0f203e,#5cc1d5,#050a18,#eff2f9,#e3e9f5,#bce2f5,#425466,#ffffff,#ffffff,#bce2f5,#bce2f5,#6e92a9,#bce2f5,#bbdff8,#050a18,#468ab2,#0f203e,#142c4c,#0f203e,#0f203e,#0f203e,#142c4c,#0f203e,#0f203e,#0f203e,#142c4c,#0f203e,#0f203e,#0f203e,#142c4c,#0f203e,#0f203e,#0f203e,#48ab96,#0f203e,#0f203e,#0f203e,#48ab96,#0f203e,#46a691,#0f203e,#5cc1d5,#2b6383
#7bc7f2,#0f203e,#0f203e,#0f203e,#0f203e,#0f203e,#0f203e,#468ab2,#0f203e,#0f203e,#0f203e,#468ab2,#0f203e,#0f203e,#0f203e,#0f203e,#0f203e,#0f203e,#0f203e,#0f203e,#0f203e,#0f203e,#0f203e,#050a18,#daeff9,#bce2f5,#bce2f5,#425466,#ffffff,#ffffff,#bce2f5,#bce2f5,#6e92a9,#425466,#bbdff8,#050a18,#050a18,#468ab2,#0f203e,#468ab2,#0f203e,#0f203e,#0f203e,#0f203e,#0f203e,#0f203e,#0f203e,#0f203e,#0f203e,#0f203e,#0f203e,#0f203e,#0f203e,#0f203e,#0f203e,#0f203e,#0f203e,#0f203e,#0f203e,#468ab2,#0f203e,#0f203e,#0f203e,#2b6383
#7bc7f2,#0f203e,#7264b7,#0f203e,#868ce2,#0f203e,#868ce2,#0f203e,#8ea0ee,#0f203e,#8ea0ee,#0f203e,#5cc1d5,#0f203e,#5cc1d5,#0f203e,#5cc1d5,#0f203e,#48ab96,#0f203e,#71cbe2,#0f203e,#050a18,#eff2f9,#bce2f5,#bce2f5,#6e92a9,#425466,#ffffff,#ffffff,#bce2f5,#bce2f5,#6e92a9,#6e92a9,#bce2f5,#eff2f9,#bbdff8,#050a18,#488eb7,#0f203e,#64a8ce,#0f203e,#142c4c,#0f203e,#142c4c,#0f203e,#142c4c,#0f203e,#142c4c,#0f203e,#142c4c,#0f203e,#142c4c,#0f203e,#7264b7,#0f203e,#868ce2,#0f203e,#868ce2,#0f203e,#8ea0ee,#0f203e,#8ea0ee,#2b6383
#7bc7f2,#868ce2,#0f203e,#868ae0,#0f203e,#868ce2,#0f203e,#7060b2,#0f203e,#868ce2,#0f203e,#7060b2,#0f203e,#7264b7,#0f203e,#0f203e,#0f203e,#142c4c,#0f203e,#0f203e,#0f203e,#142c4c,#050a18,#eff2f9,#bce2f5,#bce2f5,#6e92a9,#425466,#ffffff,#ffffff,#bce2f5,#bce2f5,#9dd4f0,#6e92a9,#425466,#e3e9f5,#bbdff8,#050a18,#050a18,#0f203e,#ffffff,#488eb7,#0f203e,#468ab2,#0f203e,#488eb7,#0f203e,#0f203e,#0f203e,#142c4c,#0f203e,#7060b2,#0f203e,#868ce2,#0f203e,#868ae0,#0f203e,#868ce2,#0f203e,#7060b2,#0f203e,#868ce2,#0f203e,#2b6383
#7bc7f2,#0f203e,#868ce2,#0f203e,#868ce2,#ffffff,#868ce2,#0f203e,#868ce2,#0f203e,#868ce2,#0f203e,#7264b7,#0f203e,#8ea0ee,#0f203e,#142c4c,#0f203e,#142c4c,#0f203e,#142c4c,#050a18,#eff2f9,#bce2f5,#bce2f5,#bce2f5,#6e92a9,#425466,#ffffff,#ffffff,#bce2f5,#bce2f5,#bce2f5,#9dd4f0,#6e92a9,#bce2f5,#bce2f5,#eff2f9,#bbdff8,#050a18,#488eb7,#0f203e,#488eb7,#0f203e,#488eb7,#0f203e,#488eb7,#0f203e,#488eb7,#0f203e,#868ce2,#0f203e,#868ce2,#0f203e,#868ce2,#0f203e,#868ce2,#0f203e,#868ce2,#0f203e,#868ce2,#0f203e,#868ce2,#2b6383
#7bc7f2,#142c4c,#0f203e,#488eb7,#0f203e,#142c4c,#0f203e,#142c4c,#0f203e,#142c4c,#0f203e,#7264b7,#0f203e,#142c4c,#0f203e,#7264b7,#0f203e,#7264b7,#0f203e,#ffffff,#050a18,#eff2f9,#e3e9f5,#bce2f5,#bce2f5,#bce2f5,#6e92a9,#425466,#ffffff,#ffffff,#bce2f5,#bce2f5,#9dd4f0,#9dd4f0,#9dd4f0,#bce2f5,#6e92a9,#bce2f5,#bbdff8,#050a18,#050a18,#142c4c,#0f203e,#488eb7,#0f203e,#142c4c,#0f203e,#868ce2,#0f203e,#142c4c,#0f203e,#868ce2,#0f203e,#142c4c,#0f203e,#488eb7,#0f203e,#142c4c,#0f203e,#142c4c,#0f203e,#142c4c,#0f203e,#2b6383
#7bc7f2,#142c4c,#868ce2,#0f203e,#868ce2,#142c4c,#868ce2,#0f203e,#868ce2,#142c4c,#7264b7,#0f203e,#7264b7,#142c4c,#7264b7,#0f203e,#808cce,#142c4c,#7264b7,#050a18,#eff2f9,#bce2f5,#e3e9f5,#bce2f5,#bce2f5,#9dd4f0,#6e92a9,#425466,#ffffff,#ffffff,#bce2f5,#bce2f5,#bce2f5,#9dd4f0,#6e92a9,#9dd4f0,#6e92a9,#425466,#e3e9f5,#e3e9f5,#bbdff8,#050a18,#64a8ce,#0f203e,#64a8ce,#142c4c,#868ce2,#0f203e,#868ce2,#142c4c,#868ce2,#0f203e,#868ce2,#142c4c,#868ce2,#0f203e,#868ce2,#142c4c,#868ce2,#0f203e,#868ce2,#142c4c,#7264b7,#2b6383
#7bc7f2,#142c4c,#0f203e,#142c4c,#0f203e,#142c4c,#0f203e,#142c4c,#0f203e,#142c4c,#0f203e,#142c4c,#0f203e,#142c4c,#0f203e,#142c4c,#0f203e,#7264b7,#0f203e,#050a18,#bbdff8,#bce2f5,#bce2f5,#bce2f5,#bce2f5,#6e92a9,#6e92a9,#425466,#ffffff,#ffffff,#bce2f5,#bce2f5,#9dd4f0,#bce2f5,#9dd4f0,#9dd4f0,#daeff9,#6e92a9,#bce2f5,#bce2f5,#bbdff8,#050a18,#0f203e,#7264b7,#0f203e,#7264b7,#0f203e,#142c4c,#0f203e,#868ce2,#0f203e,#142c4c,#0f203e,#142c4c,#0f203e,#142c4c,#0f203e,#142c4c,#0f203e,#ffffff,#0f203e,#142c4c,#0f203e,#2b6383
#7bc7f2,#142c4c,#868ce2,#142c4c,#142c4c,#142c4c,#868ce2,#142c4c,#142c4c,#142c4c,#7264b7,#142c4c,#142c4c,#142c4c,#7264b7,#142c4c,#7264b7,#142c4c,#808cce,#142c4c,#050a18,#daeff9,#bce2f5,#9dd4f0,#bce2f5,#9dd4f0,#daeff9,#425466,#ffffff,#ffffff,#bce2f5,#bce2f5,#bce2f5,#9dd4f0,#9dd4f0,#9dd4f0,#6e92a9,#9dd4f0,#6e92a9,#425466,#bbdff8,#050a18,#8ea7eb,#142c4c,#7264b7,#142c4c,#868ce2,#142c4c,#868ce2,#142c4c,#868ce2,#142c4c,#488eb7,#142c4c,#868ce2,#142c4c,#142c4c,#142c4c,#868ce2,#142c4c,#142c4c,#142c4c,#7264b7,#2b6383
#7bc7f2,#142c4c,#0f203e,#142c4c,#0f203e,#142c4c,#0f203e,#142c4c,#0f203e,#142c4c,#0f203e,#142c4c,#0f203e,#142c4c,#0f203e,#142c4c,#0f203e,#142c4c,#0f203e,#050a18,#eff2f9,#bce2f5,#bce2f5,#bce2f5,#9dd4f0,#6e92a9,#6e92a9,#425466,#ffffff,#ffffff,#bce2f5,#bce2f5,#9dd4f0,#9dd4f0,#9dd4f0,#9dd4f0,#9dd4f0,#6e92a9,#daeff9,#6e92a9,#bce2f5,#bbdff8,#050a18,#7264b7,#0f203e,#142c4c,#0f203e,#142c4c,#0f203e,#142c4c,#0f203e,#142c4c,#0f203e,#142c4c,#0f203e,#142c4c,#0f203e,#142c4c,#0f203e,#142c4c,#0f203e,#142c4c,#0f203e,#2b6383
#7bc7f2,#142c4c,#142c4c,#142c4c,#142c4c,#142c4c,#142c4c,#142c4c,#142c4c,#142c4c,#142c4c,#142c4c,#142c4c,#142c4c,#142c4c,#142c4c,#808cce,#142c4c,#050a18,#eff2f9,#e3e9f5,#bce2f5,#bce2f5,#9dd4f0,#6e92a9,#9dd4f0,#6e92a9,#425466,#ffffff,#ffffff,#bce2f5,#bce2f5,#bce2f5,#9dd4f0,#9dd4f0,#9dd4f0,#6e92a9,#9dd4f0,#6e92a9,#6e92a9,#425466,#bbdff8,#050a18,#142c4c,#808cce,#142c4c,#7264b7,#142c4c,#868ce2,#142c4c,#142c4c,#142c4c,#488eb7,#142c4c,#142c4c,#142c4c,#142c4c,#142c4c,#142c4c,#ffffff,#142c4c,#142c4c,#142c4c,#2b6383
#7bc7f2,#142c4c,#142c4c,#142c4c,#142c4c,#142c4c,#142c4c,#142c4c,#142c4c,#142c4c,#142c4c,#142c4c,#050a18,#142c4c,#142c4c,#142c4c,#142c4c,#142c4c,#050a18,#bbdff8,#bce2f5,#bce2f5,#bce2f5,#9dd4f0,#9dd4f0,#6e92a9,#6e92a9,#425466,#ffffff,#ffffff,#bce2f5,#bce2f5,#9dd4f0,#bce2f5,#9dd4f0,#9dd4f0,#9dd4f0,#6e92a9,#9dd4f0,#6e92a9,#9edaf8,#050a18,#142c4c,#142c4c,#142c4c,#142c4c,#142c4c,#142c4c,#142c4c,#142c4c,#142c4c,#142c4c,#142c4c,#142c4c,#142c4c,#142c4c,#142c4c,#142c4c,#142c4c,#142c4c,#142c4c,#142c4c,#142c4c,#2b6383
#7bc7f2,#142c4c,#142c4c,#142c4c,#142c4c,#142c4c,#142c4c,#142c4c,#142c4c,#142c4c,#142c4c,#050a18,#bbdff8,#050a18,#142c4c,#142c4c,#142c4c,#142c4c,#406685,#050a18,#daeff9,#bce2f5,#daeff9,#9dd4f0,#bce2f5,#9dd4f0,#6e92a9,#6e92a9,#bce2f5,#ffffff,#daeff9,#bce2f5,#bce2f5,#9dd4f0,#daeff9,#9dd4f0,#6e92a9,#9dd4f0,#6e92a9,#6e92a9,#9edaf8,#050a18,#808cce,#142c4c,#406685,#142c4c,#808cce,#142c4c,#050a18,#142c4c,#142c4c,#142c4c,#142c4c,#142c4c,#142c4c,#142c4c,#142c4c,#142c4c,#142c4c,#142c4c,#142c4c,#142c4c,#142c4c,#2b6383
#7bc7f2,#142c4c,#142c4c,#142c4c,#142c4c,#142c4c,#142c4c,#142c4c,#ffffff,#142c4c,#142c4c,#050a18,#eff2f9,#bbdff8,#050a18,#142c4c,#142c4c,#142c4c,#142c4c,#050a18,#daeff9,#bce2f5,#9dd4f0,#bce2f5,#9dd4f0,#6e92a9,#9dd4f0,#6e92a9,#425466,#ffffff,#bce2f5,#bce2f5,#9dd4f0,#daeff9,#9dd4f0,#6e92a9,#9dd4f0,#6e92a9,#6e92a9,#425466,#9edaf8,#050a18,#142c4c,#142c4c,#142c4c,#142c4c,#142c4c,#050a18,#bbdff8,#050a18,#142c4c,#142c4c,#142c4c,#142c4c,#ffffff,#142c4c,#142c4c,#142c4c,#142c4c,#142c4c,#142c4c,#142c4c,#142c4c,#2b6383
#7bc7f2,#142c4c,#19385a,#142c4c,#19385a,#142c4c,#19385a,#142c4c,#19385a,#142c4c,#050a18,#eff2f9,#91d0f4,#91d0f4,#bbdff8,#050a18,#446e8f,#142c4c,#446e8f,#050a18,#9edaf8,#bce2f5,#bce2f5,#9dd4f0,#bce2f5,#9dd4f0,#6e92a9,#6e92a9,#425466,#ffffff,#ffffff,#bce2f5,#bce2f5,#9dd4f0,#bce2f5,#9dd4f0,#6e92a9,#9dd4f0,#6e92a9,#9edaf8,#050a18,#142c4c,#446e8f,#142c4c,#446e8f,#142c4c,#050a18,#eff2f9,#e3e9f5,#bbdff8,#050a18,#142c4c,#19385a,#142c4c,#19385a,#142c4c,#19385a,#142c4c,#19385a,#142c4c,#19385a,#142c4c,#19385a,#2b6383
#7bc7f2,#19385a,#142c4c,#142c4c,#142c4c,#19385a,#142c4c,#142c4c,#142c4c,#19385a,#050a18,#bbdff8,#91d0f4,#2a4a66,#e3e9f5,#bbdff8,#050a18,#446e8f,#142c4c,#406685,#050a18,#daeff9,#bce2f5,#9dd4f0,#9dd4f0,#6e92a9,#9dd4f0,#6e92a9,#425466,#ffffff,#ffffff,#bce2f5,#bce2f5,#bce2f5,#9dd4f0,#6e92a9,#9dd4f0,#6e92a9,#6e92a9,#9edaf8,#050a18,#446e8f,#142c4c,#142c4c,#142c4c,#050a18,#eff2f9,#91d0f4,#e3e9f5,#bbdff8,#050a18,#142c4c,#142c4c,#19385a,#142c4c,#142c4c,#142c4c,#19385a,#142c4c,#142c4c,#142c4c,#19385a,#142c4c,#2b6383
#7bc7f2,#142c4c,#19385a,#142c4c,#19385a,#142c4c,#19385a,#142c4c,#19385a,#142c4c,#19385a,#050a18,#c1e5f9,#4280a8,#91d0f4,#bbdff8,#050a18,#142c4c,#446e8f,#142c4c,#050a18,#daeff9,#bce2f5,#9dd4f0,#bce2f5,#9dd4f0,#6e92a9,#6e92a9,#425466,#ffffff,#ffffff,#bce2f5,#bce2f5,#9dd4f0,#bce2f5,#9dd4f0,#6e92a9,#6e92a9,#425466,#9edaf8,#050a18,#142c4c,#446e8f,#142c4c,#446e8f,#050a18,#eff2f9,#5dbaef,#91d0f4,#e3e9f5,#bbdff8,#050a18,#19385a,#142c4c,#19385a,#142c4c,#19385a,#142c4c,#19385a,#142c4c,#19385a,#142c4c,#19385a,#2b6383
#7bc7f2,#142c4c,#142c4c,#19385a,#142c4c,#142c4c,#142c4c,#19385a,#142c4c,#142c4c,#050a18,#eff2f9,#91d0f4,#4280a8,#2a4a66,#bbdff8,#050a18,#142c4c,#142c4c,#446e8f,#050a18,#9edaf8,#bce2f5,#6e92a9,#9dd4f0,#6e92a9,#9dd4f0,#6e92a9,#425466,#ffffff,#ffffff,#bce2f5,#bce2f5,#9dd4f0,#9dd4f0,#6e92a9,#9dd4f0,#6e92a9,#9edaf8,#050a18,#142c4c,#406685,#142c4c,#446e8f,#050a18,#eff2f9,#e3e9f5,#91d0f4,#2a4a66,#e3e9f5,#bbdff8,#050a18,#142c4c,#142c4c,#142c4c,#19385a,#142c4c,#142c4c,#142c4c,#19385a,#142c4c,#142c4c,#142c4c,#2b6383
#7bc7f2,#19385a,#19385a,#142c4c,#19385a,#19385a,#19385a,#142c4c,#19385a,#19385a,#050a18,#c1e5f9,#91d0f4,#2a4a66,#4280a8,#91d0f4,#bbdff8,#050a18,#446e8f,#142c4c,#446e8f,#050a18,#daeff9,#bce2f5,#6e92a9,#9dd4f0,#6e92a9,#6e92a9,#425466,#ffffff,#ffffff,#bce2f5,#bce2f5,#9dd4f0,#6e92a9,#9dd4f0,#6e92a9,#6e92a9,#9edaf8,#050a18,#446e8f,#19385a,#446e8f,#050a18,#eff2f9,#91d0f4,#e3e9f5,#91d0f4,#2a4a66,#91d0f4,#7ecdf7,#050a18,#19385a,#19385a,#19385a,#142c4c,#19385a,#19385a,#19385a,#142c4c,#19385a,#19385a,#19385a,#2b6383
#7bc7f2,#19385a,#142c4c,#19385a,#142c4c,#19385a,#142c4c,#19385a,#142c4c,#050a18,#eff2f9,#91d0f4,#bce2f5,#bce2f5,#91d0f4,#2a4a66,#bbdff8,#050a18,#050a18,#446e8f,#142c4c,#050a18,#daeff9,#bce2f5,#9dd4f0,#425466,#425466,#6e92a9,#425466,#ffffff,#ffffff,#bce2f5,#bce2f5,#6e92a9,#9dd4f0,#6e92a9,#9dd4f0,#6e92a9,#425466,#bbdff8,#050a18,#446e8f,#142c4c,#050a18,#eff2f9,#91d0f4,#bce2f5,#ffffff,#bce2f5,#91d0f4,#2a4a66,#bbdff8,#050a18,#19385a,#142c4c,#19385a,#142c4c,#19385a,#142c4c,#19385a,#142c4c,#19385a,#142c4c,#2b6383
#7bc7f2,#142c4c,#19385a,#19385a,#19385a,#142c4c,#19385a,#19385a,#19385a,#050a18,#eff2f9,#bce2f5,#bce2f5,#425466,#91d0f4,#2a4a66,#e3e9f5,#eff2f9,#bbdff8,#050a18,#446e8f,#050a18,#9edaf8,#bce2f5,#6e92a9,#425466,#ffffff,#bce2f5,#425466,#ffffff,#ffffff,#bce2f5,#bce2f5,#9dd4f0,#6e92a9,#daeff9,#6e92a9,#6e92a9,#9edaf8,#050a18,#446e8f,#142c4c,#446e8f,#050a18,#c1e5f9,#91d0f4,#bce2f5,#bce2f5,#bce2f5,#91d0f4,#2a4a66,#e3e9f5,#bbdff8,#050a18,#19385a,#19385a,#19385a,#142c4c,#19385a,#19385a,#19385a,#142c4c,#19385a,#2b6383
#7bc7f2,#19385a,#142c4c,#19385a,#142c4c,#19385a,#142c4c,#19385a,#050a18,#e3e9f5,#bce2f5,#bce2f5,#bce2f5,#6e92a9,#bce2f5,#91d0f4,#91d0f4,#e3e9f5,#bce2f5,#bbdff8,#050a18,#446e8f,#050a18,#daeff9,#6e92a9,#daeff9,#bce2f5,#bce2f5,#425466,#ffffff,#ffffff,#bce2f5,#6e92a9,#6e92a9,#9dd4f0,#425466,#425466,#425466,#9edaf8,#050a18,#142c4c,#19385a,#142c4c,#050a18,#c1e5f9,#bce2f5,#bce2f5,#bce2f5,#6e92a9,#bce2f5,#91d0f4,#91d0f4,#e3e9f5,#bbdff8,#050a18,#19385a,#142c4c,#19385a,#142c4c,#19385a,#142c4c,#19385a,#142c4c,#2b6383
#7bc7f2,#19385a,#19385a,#19385a,#19385a,#19385a,#19385a,#19385a,#050a18,#eff2f9,#bce2f5,#bce2f5,#bce2f5,#6e92a9,#425466,#ffffff,#bce2f5,#bce2f5,#bce2f5,#bbdff8,#050a18,#19385a,#050a18,#9edaf8,#9edaf8,#9dd4f0,#bce2f5,#9dd4f0,#bce2f5,#bce2f5,#bce2f5,#bce2f5,#425466,#9dd4f0,#6e92a9,#425466,#ffffff,#9edaf8,#050a18,#19385a,#446e8f,#19385a,#050a18,#eff2f9,#bce2f5,#bce2f5,#ffffff,#bce2f5,#bce2f5,#bce2f5,#bce2f5,#daeff9,#bce2f5,#bbdff8,#050a18,#19385a,#19385a,#19385a,#19385a,#19385a,#19385a,#19385a,#19385a,#2b6383
#7bc7f2,#19385a,#19385a,#19385a,#19385a,#19385a,#19385a,#050a18,#eff2f9,#bce2f5,#bce2f5,#bce2f5,#6e92a9,#bce2f5,#6e92a9,#bce2f5,#bce2f5,#425466,#425466,#bbdff8,#050a18,#446e8f,#19385a,#050a18,#050a18,#daeff9,#6e92a9,#9dd4f0,#9dd4f0,#bce2f5,#6e92a9,#425466,#ffffff,#bce2f5,#bce2f5,#6e92a9,#bce2f5,#ffffff,#050a18,#446e8f,#19385a,#446e8f,#050a18,#bbdff8,#bce2f5,#bce2f5,#bce2f5,#bce2f5,#9dd4f0,#6e92a9,#bce2f5,#6e92a9,#425466,#9edaf8,#050a18,#19385a,#19385a,#19385a,#19385a,#19385a,#19385a,#19385a,#19385a,#2b6383
#7bc7f2,#19385a,#19385a,#19385a,#19385a,#19385a,#19385a,#050a18,#bbdff8,#bce2f5,#bce2f5,#bce2f5,#bce2f5,#425466,#425466,#6e92a9,#425466,#ffffff,#9edaf8,#050a18,#446e8f,#19385a,#446e8f,#19385a,#050a18,#daeff9,#daeff9,#9dd4f0,#6e92a9,#9dd4f0,#6e92a9,#6e92a9,#bce2f5,#bce2f5,#6e92a9,#6e92a9,#425466,#9edaf8,#050a18,#19385a,#446e8f,#19385a,#446e8f,#050a18,#daeff9,#bce2f5,#bce2f5,#6e92a9,#425466,#425466,#6e92a9,#6e92a9,#9edaf8,#050a18,#19385a,#19385a,#19385a,#19385a,#19385a,#19385a,#19385a,#19385a,#19385a,#2b6383
#7bc7f2,#19385a,#19385a,#19385a,#19385a,#19385a,#19385a,#19385a,#050a18,#daeff9,#bce2f5,#6e92a9,#6e92a9,#425466,#ffffff,#bce2f5,#6e92a9,#bce2f5,#9edaf8,#050a18,#19385a,#19385a,#19385a,#446e8f,#050a18,#9edaf8,#ffffff,#bce2f5,#6e92a9,#6e92a9,#9dd4f0,#6e92a9,#425466,#425466,#6e92a9,#6e92a9,#9edaf8,#050a18,#19385a,#446e8f,#19385a,#19385a,#19385a,#050a18,#daeff9,#bce2f5,#9dd4f0,#6e92a9,#425466,#ffffff,#bce2f5,#6e92a9,#9edaf8,#050a18,#19385a,#19385a,#19385a,#19385a,#19385a,#19385a,#19385a,#19385a,#19385a,#2b6383
#7bc7f2,#19385a,#1e4468,#19385a,#1e4468,#19385a,#1e4468,#19385a,#050a18,#9edaf8,#6e92a9,#9dd4f0,#6e92a9,#9dd4f0,#bce2f5,#bce2f5,#6e92a9,#425466,#9edaf8,#050a18,#477698,#19385a,#477698,#19385a,#477698,#050a18,#daeff9,#bce2f5,#425466,#9dd4f0,#6e92a9,#6e92a9,#425466,#ffffff,#bce2f5,#425466,#9edaf8,#050a18,#477698,#19385a,#477698,#19385a,#477698,#050a18,#9edaf8,#6e92a9,#6e92a9,#6e92a9,#425466,#ffffff,#bce2f5,#6e92a9,#9edaf8,#050a18,#1e4468,#19385a,#1e4468,#19385a,#1e4468,#19385a,#1e4468,#19385a,#1e4468,#2b6383
#7bc7f2,#19385a,#19385a,#19385a,#19385a,#19385a,#19385a,#19385a,#19385a,#050a18,#daeff9,#bce2f5,#9dd4f0,#6e92a9,#bce2f5,#6e92a9,#6e92a9,#9edaf8,#050a18,#19385a,#19385a,#19385a,#19385a,#19385a,#19385a,#050a18,#ffffff,#bce2f5,#ffffff,#bce2f5,#bce2f5,#6e92a9,#425466,#ffffff,#bce2f5,#9edaf8,#050a18,#446e8f,#19385a,#19385a,#19385a,#19385a,#19385a,#19385a,#050a18,#daeff9,#425466,#425466,#6e92a9,#bce2f5,#ffffff,#bce2f5,#9edaf8,#050a18,#19385a,#19385a,#19385a,#19385a,#19385a,#19385a,#19385a,#19385a,#19385a,#2b6383
#7bc7f2,#19385a,#1e4468,#19385a,#1e4468,#19385a,#1e4468,#19385a,#1e4468,#050a18,#ffffff,#bce2f5,#6e92a9,#9dd4f0,#6e92a9,#6e92a9,#6e92a9,#9edaf8,#050a18,#19385a,#1e4468,#19385a,#477698,#19385a,#477698,#19385a,#050a18,#daeff9,#ffffff,#bce2f5,#bce2f5,#9dd4f0,#6e92a9,#bce2f5,#bce2f5,#9edaf8,#050a18,#19385a,#477698,#19385a,#477698,#19385a,#477698,#19385a,#050a18,#daeff9,#425466,#ffffff,#bce2f5,#bce2f5,#bce2f5,#bce2f5,#9edaf8,#050a18,#1e4468,#19385a,#1e4468,#19385a,#1e4468,#19385a,#1e4468,#19385a,#1e4468,#2b6383
#7bc7f2,#070d1f,#070d1f,#1e4468,#19385a,#19385a,#19385a,#1e4468,#19385a,#19385a,#050a18,#9edaf8,#425466,#425466,#425466,#6e92a9,#425466,#9edaf8,#050a18,#1e4468,#19385a,#19385a,#19385a,#1e4468,#19385a,#19385a,#050a18,#daeff9,#bce2f5,#ffffff,#daeff9,#bce2f5,#9dd4f0,#bce2f5,#6e92a9,#9edaf8,#050a18,#19385a,#19385a,#1e4468,#19385a,#19385a,#19385a,#1e4468,#050a18,#9edaf8,#6e92a9,#bce2f5,#bce2f5,#6e92a9,#6e92a9,#425466,#9edaf8,#050a18,#19385a,#1e4468,#19385a,#19385a,#19385a,#1e4468,#19385a,#19385a,#19385a,#2b6383
#7bc7f2,#070d1f,#070d1f,#070d1f,#070d1f,#19385a,#1e4468,#19385a,#1e4468,#19385a,#1e4468,#050a18,#ffffff,#bce2f5,#ffffff,#bce2f5,#9edaf8,#050a18,#1e4468,#19385a,#477698,#19385a,#477698,#19385a,#477698,#19385a,#050a18,#9edaf8,#425466,#bce2f5,#bce2f5,#9dd4f0,#6e92a9,#9dd4f0,#6e92a9,#9edaf8,#050a18,#19385a,#477698,#070d1f,#385167,#070d1f,#070d1f,#19385a,#1e4468,#050a18,#daeff9,#425466,#425466,#bce2f5,#daeff9,#9edaf8,#050a18,#19385a,#1e4468,#19385a,#1e4468,#19385a,#1e4468,#19385a,#1e4468,#19385a,#1e4468,#2b6383
#7bc7f2,#070d1f,#070d1f,#070d1f,#070d1f,#070d1f,#19385a,#1e4468,#19385a,#1e4468,#19385a,#050a18,#9edaf8,#ffffff,#bce2f5,#bce2f5,#9edaf8,#050a18,#19385a,#1e4468,#19385a,#1e4468,#19385a,#1e4468,#19385a,#1e4468,#19385a,#050a18,#daeff9,#ffffff,#bce2f5,#bce2f5,#9dd4f0,#6e92a9,#6e92a9,#9edaf8,#050a18,#070d1f,#070d1f,#070d1f,#070d1f,#070d1f,#070d1f,#070d1f,#19385a,#050a18,#9edaf8,#425466,#ffffff,#daeff9,#6e92a9,#9edaf8,#050a18,#1e4468,#19385a,#1e4468,#19385a,#1e4468,#19385a,#1e4468,#19385a,#1e4468,#19385a,#2b6383
#7bc7f2,#070d1f,#070d1f,#070d1f,#070d1f,#070d1f,#070d1f,#070d1f,#1e4468,#19385a,#070d1f,#070d1f,#050a18,#daeff9,#ffffff,#bce2f5,#9edaf8,#050a18,#1e4468,#1e4468,#1e4468,#19385a,#1e4468,#1e4468,#1e4468,#19385a,#385167,#050a18,#daeff9,#bce2f5,#bce2f5,#9dd4f0,#6e92a9,#6e92a9,#425466,#9edaf8,#050a18,#070d1f,#070d1f,#070d1f,#070d1f,#070d1f,#070d1f,#070d1f,#070d1f,#19385a,#050a18,#daeff9,#bce2f5,#bce2f5,#425466,#9edaf8,#050a18,#19385a,#1e4468,#070d1f,#070d1f,#070d1f,#070d1f,#1e4468,#1e4468,#19385a,#1e4468,#2b6383
#7bc7f2,#070d1f,#070d1f,#070d1f,#070d1f,#070d1f,#070d1f,#070d1f,#070d1f,#070d1f,#070d1f,#070d1f,#050a18,#daeff9,#bce2f5,#bce2f5,#9edaf8,#050a18,#19385a,#1e4468,#19385a,#1e4468,#19385a,#1e4468,#19385a,#070d1f,#070d1f,#050a18,#9edaf8,#bce2f5,#9dd4f0,#bce2f5,#9dd4f0,#6e92a9,#9edaf8,#050a18,#070d1f,#070d1f,#070d1f,#070d1f,#070d1f,#070d1f,#070d1f,#070d1f,#070d1f,#070d1f,#050a18,#daeff9,#425466,#6e92a9,#9edaf8,#050a18,#19385a,#1e4468,#070d1f,#070d1f,#070d1f,#070d1f,#070d1f,#070d1f,#070d1f,#070d1f,#070d1f,#2b6383
#7bc7f2,#070d1f,#070d1f,#070d1f,#070d1f,#070d1f,#070d1f,#070d1f,#070d1f,#070d1f,#070d1f,#070d1f,#050a18,#9edaf8,#6e92a9,#425466,#9edaf8,#050a18,#1e4468,#1e4468,#1e4468,#1e4468,#1e4468,#1e4468,#070d1f,#070d1f,#070d1f,#070d1f,#050a18,#daeff9,#bce2f5,#9dd4f0,#6e92a9,#6e92a9,#9edaf8,#050a18,#070d1f,#070d1f,#070d1f,#070d1f,#070d1f,#070d1f,#070d1f,#070d1f,#070d1f,#070d1f,#050a18,#9edaf8,#ffffff,#bce2f5,#9edaf8,#050a18,#070d1f,#070d1f,#070d1f,#070d1f,#070d1f,#070d1f,#070d1f,#070d1f,#070d1f,#070d1f,#070d1f,#2b6383
#7bc7f2,#070d1f,#070d1f,#070d1f,#070d1f,#070d1f,#070d1f,#070d1f,#070d1f,#070d1f,#070d1f,#070d1f,#070d1f,#050a18,#daeff9,#9edaf8,#050a18,#070d1f,#070d1f,#070d1f,#1e4468,#1e4468,#19385a,#070d1f,#070d1f,#070d1f,#070d1f,#070d1f,#050a18,#daeff9,#bce2f5,#daeff9,#6e92a9,#425466,#9edaf8,#050a18,#070d1f,#070d1f,#070d1f,#070d1f,#070d1f,#070d1f,#070d1f,#070d1f,#070d1f,#070d1f,#070d1f,#050a18,#daeff9,#bce2f5,#9edaf8,#050a18,#070d1f,#070d1f,#070d1f,#070d1f,#070d1f,#070d1f,#070d1f,#070d1f,#070d1f,#070d1f,#070d1f,#2b6383
#7bc7f2,#070d1f,#070d1f,#070d1f,#070d1f,#070d1f,#070d1f,#070d1f,#070d1f,#070d1f,#070d1f,#070d1f,#070d1f,#050a18,#daeff9,#9edaf8,#050a18,#070d1f,#070d1f,#070d1f,#070d1f,#070d1f,#070d1f,#070d1f,#070d1f,#070d1f,#070d1f,#070d1f,#050a18,#9edaf8,#bce2f5,#9dd4f0,#425466,#9edaf8,#050a18,#070d1f,#070d1f,#070d1f,#070d1f,#070d1f,#070d1f,#070d1f,#070d1f,#070d1f,#070d1f,#070d1f,#070d1f,#050a18,#9edaf8,#9edaf8,#050a18,#070d1f,#070d1f,#070d1f,#070d1f,#070d1f,#070d1f,#070d1f,#070d1f,#070d1f,#070d1f,#070d1f,#070d1f,#2b6383
#7bc7f2,#4b657c,#4b657c,#4b657c,#4b657c,#4b657c,#4b657c,#4b657c,#4b657c,#4b657c,#4b657c,#4b657c,#4b657c,#050a18,#9edaf8,#9edaf8,#050a18,#4b657c,#4b657c,#4b657c,#5883a4,#5883a4,#557c9d,#4b657c,#4b657c,#4b657c,#4b657c,#4b657c,#4b657c,#050a18,#daeff9,#daeff9,#425466,#ffffff,#050a18,#4b657c,#4b657c,#4b657c,#4b657c,#4b657c,#4b657c,#4b657c,#4b657c,#4b657c,#4b657c,#4b657c,#4b657c,#4b657c,#050a18,#9edaf8,#050a18,#4b657c,#4b657c,#4b657c,#4b657c,#4b657c,#4b657c,#4b657c,#4b657c,#4b657c,#4b657c,#4b657c,#4b657c,#2b6383
#7bc7f2,#4b657c,#dff4ff,#4b657c,#dff4ff,#4b657c,#dff4ff,#4b657c,#dff4ff,#4b657c,#dff4ff,#4b657c,#dff4ff,#4b657c,#050a18,#050a18,#dff4ff,#5883a4,#dff4ff,#5883a4,#dff4ff,#5883a4,#dff4ff,#5883a4,#dff4ff,#4b657c,#dff4ff,#4b657c,#dff4ff,#050a18,#daeff9,#6e92a9,#425466,#9edaf8,#050a18,#4b657c,#dff4ff,#4b657c,#dff4ff,#4b657c,#dff4ff,#4b657c,#dff4ff,#4b657c,#dff4ff,#4b657c,#dff4ff,#5883a4,#dff4ff,#050a18,#bbdff8,#050a18,#dff4ff,#5883a4,#dff4ff,#4b657c,#dff4ff,#4b657c,#dff4ff,#4b657c,#dff4ff,#4b657c,#dff4ff,#2b6383
#7bc7f2,#4b657c,#4b657c,#4b657c,#4b657c,#4b657c,#557c9d,#5883a4,#557c9d,#5883a4,#557c9d,#5883a4,#557c9d,#5883a4,#557c9d,#30485a,#557c9d,#30485a,#557c9d,#30485a,#557c9d,#30485a,#557c9d,#30485a,#557c9d,#30485a,#557c9d,#293844,#4b657c,#050a18,#9edaf8,#425466,#9edaf8,#050a18,#557c9d,#30485a,#557c9d,#293844,#4b657c,#293844,#4b657c,#293844,#4b657c,#293844,#557c9d,#30485a,#557c9d,#5883a4,#557c9d,#5883a4,#050a18,#5883a4,#557c9d,#5883a4,#557c9d,#5883a4,#557c9d,#5883a4,#557c9d,#5883a4,#557c9d,#5883a4,#557c9d,#2b6383
#7bc7f2,#4b657c,#dff4ff,#5883a4,#dff4ff,#557c9d,#dff4ff,#5883a4,#dff4ff,#557c9d,#dff4ff,#30485a,#7b868c,#2f4456,#7b868c,#30485a,#7b868c,#2f4456,#7b868c,#30485a,#7b868c,#2f4456,#7b868c,#30485a,#7b868c,#2f4456,#7b868c,#30485a,#7b868c,#2f4456,#050a18,#9edaf8,#ffffff,#050a18,#7b868c,#30485a,#7b868c,#2f4456,#7b868c,#30485a,#7b868c,#2f4456,#7b868c,#30485a,#7b868c,#2f4456,#7b868c,#30485a,#7b868c,#2f4456,#7b868c,#5883a4,#dff4ff,#557c9d,#dff4ff,#5883a4,#dff4ff,#557c9d,#dff4ff,#5883a4,#dff4ff,#557c9d,#dff4ff,#2b6383
#7bc7f2,#557c9d,#557c9d,#557c9d,#557c9d,#557c9d,#557c9d,#557c9d,#557c9d,#557c9d,#557c9d,#2f4456,#557c9d,#2f4456,#557c9d,#2f4456,#557c9d,#2f4456,#557c9d,#2f4456,#557c9d,#2f4456,#557c9d,#2f4456,#557c9d,#2f4456,#557c9d,#2f4456,#557c9d,#2f4456,#557c9d,#050a18,#9edaf8,#050a18,#557c9d,#2f4456,#557c9d,#2f4456,#557c9d,#2f4456,#557c9d,#2f4456,#557c9d,#2f4456,#557c9d,#2f4456,#557c9d,#2f4456,#557c9d,#2f4456,#557c9d,#2f4456,#557c9d,#557c9d,#557c9d,#557c9d,#557c9d,#557c9d,#557c9d,#557c9d,#557c9d,#557c9d,#557c9d,#2b6383
#7bc7f2,#557c9d,#dff4ff,#557c9d,#dff4ff,#557c9d,#dff4ff,#557c9d,#dff4ff,#557c9d,#dff4ff,#2f4456,#7b868c,#2f4456,#7b868c,#2f4456,#7b868c,#2f4456,#7b868c,#2f4456,#7b868c,#2f4456,#7b868c,#2f4456,#7b868c,#2f4456,#7b868c,#2f4456,#7b868c,#2f4456,#7b868c,#2f4456,#050a18,#2f4456,#7b868c,#2f4456,#7b868c,#2f4456,#7b868c,#2f4456,#7b868c,#2f4456,#7b868c,#2f4456,#7b868c,#2f4456,#7b868c,#2f4456,#7b868c,#2f4456,#7b868c,#557c9d,#dff4ff,#557c9d,#dff4ff,#557c9d,#dff4ff,#557c9d,#dff4ff,#557c9d,#dff4ff,#557c9d,#dff4ff,#2b6383
#7bc7f2,#557c9d,#557c9d,#557c9d,#557c9d,#557c9d,#557c9d,#557c9d,#557c9d,#557c9d,#557c9d,#557c9d,#557c9d,#557c9d,#557c9d,#2f4456,#557c9d,#2f4456,#557c9d,#2f4456,#557c9d,#2f4456,#557c9d,#2f4456,#557c9d,#2f4456,#557c9d,#2f4456,#557c9d,#2f4456,#557c9d,#2f4456,#557c9d,#2f4456,#557c9d,#2f4456,#557c9d,#2f4456,#557c9d,#2f4456,#557c9d,#2f4456,#557c9d,#2f4456,#557c9d,#2f4456,#557c9d,#557c9d,#557c9d,#557c9d,#557c9d,#557c9d,#557c9d,#557c9d,#557c9d,#557c9d,#557c9d,#557c9d,#557c9d,#557c9d,#557c9d,#557c9d,#557c9d,#2b6383
#7bc7f2,#557c9d,#dff4ff,#557c9d,#dff4ff,#557c9d,#dff4ff,#557c9d,#dff4ff,#557c9d,#dff4ff,#557c9d,#dff4ff,#557c9d,#dff4ff,#557c9d,#dff4ff,#557c9d,#dff4ff,#557c9d,#dff4ff,#557c9d,#dff4ff,#557c9d,#dff4ff,#557c9d,#dff4ff,#557c9d,#dff4ff,#557c9d,#dff4ff,#557c9d,#dff4ff,#557c9d,#dff4ff,#557c9d,#dff4ff,#557c9d,#dff4ff,#557c9d,#dff4ff,#557c9d,#dff4ff,#557c9d,#dff4ff,#557c9d,#dff4ff,#557c9d,#dff4ff,#557c9d,#dff4ff,#557c9d,#dff4ff,#557c9d,#dff4ff,#557c9d,#dff4ff,#557c9d,#dff4ff,#557c9d,#dff4ff,#557c9d,#dff4ff,#2b6383
#7bc7f2,#557c9d,#537695,#557c9d,#537695,#557c9d,#537695,#557c9d,#537695,#557c9d,#537695,#557c9d,#537695,#557c9d,#537695,#557c9d,#537695,#557c9d,#537695,#557c9d,#537695,#557c9d,#537695,#557c9d,#537695,#557c9d,#537695,#557c9d,#537695,#557c9d,#537695,#557c9d,#537695,#557c9d,#537695,#557c9d,#537695,#557c9d,#537695,#557c9d,#537695,#557c9d,#537695,#557c9d,#537695,#557c9d,#537695,#557c9d,#537695,#557c9d,#537695,#557c9d,#537695,#557c9d,#537695,#557c9d,#537695,#557c9d,#537695,#557c9d,#537695,#557c9d,#537695,#2b6383
#7bc7f2,#537695,#dff4ff,#557c9d,#dff4ff,#537695,#dff4ff,#557c9d,#dff4ff,#537695,#dff4ff,#557c9d,#dff4ff,#537695,#dff4ff,#557c9d,#dff4ff,#537695,#dff4ff,#557c9d,#dff4ff,#537695,#dff4ff,#557c9d,#dff4ff,#537695,#dff4ff,#557c9d,#dff4ff,#537695,#dff4ff,#557c9d,#dff4ff,#537695,#dff4ff,#557c9d,#dff4ff,#537695,#dff4ff,#557c9d,#dff4ff,#537695,#dff4ff,#557c9d,#dff4ff,#537695,#dff4ff,#557c9d,#dff4ff,#537695,#dff4ff,#557c9d,#dff4ff,#537695,#dff4ff,#557c9d,#dff4ff,#537695,#dff4ff,#557c9d,#dff4ff,#537695,#dff4ff,#2b6383
#7bc7f2,#557c9d,#537695,#537695,#537695,#557c9d,#537695,#537695,#537695,#557c9d,#537695,#537695,#537695,#557c9d,#537695,#537695,#537695,#557c9d,#537695,#537695,#537695,#557c9d,#537695,#537695,#537695,#557c9d,#537695,#537695,#537695,#557c9d,#537695,#537695,#537695,#557c9d,#537695,#537695,#537695,#557c9d,#537695,#537695,#537695,#557c9d,#537695,#537695,#537695,#557c9d,#537695,#537695,#537695,#557c9d,#537695,#537695,#537695,#557c9d,#537695,#537695,#537695,#557c9d,#537695,#537695,#537695,#557c9d,#537695,#2b6383
#7bc7f2,#537695,#dff4ff,#537695,#dff4ff,#537695,#dff4ff,#537695,#dff4ff,#537695,#dff4ff,#537695,#dff4ff,#537695,#dff4ff,#537695,#dff4ff,#537695,#dff4ff,#537695,#dff4ff,#537695,#dff4ff,#537695,#dff4ff,#537695,#dff4ff,#537695,#dff4ff,#537695,#dff4ff,#537695,#dff4ff,#537695,#dff4ff,#537695,#dff4ff,#537695,#dff4ff,#537695,#dff4ff,#537695,#dff4ff,#537695,#dff4ff,#537695,#dff4ff,#537695,#dff4ff,#537695,#dff4ff,#537695,#dff4ff,#537695,#dff4ff,#537695,#dff4ff,#537695,#dff4ff,#537695,#dff4ff,#537695,#dff4ff,#2b6383
#7bc7f2,#2b6383,#2b6383,#2b6383,#2b6383,#2b6383,#2b6383,#2b6383,#2b6383,#2b6383,#2b6383,#2b6383,#2b6383,#2b6383,#2b6383,#2b6383,#2b6383,#2b6383,#2b6383,#2b6383,#2b6383,#2b6383,#2b6383,#2b6383,#2b6383,#2b6383,#2b6383,#2b6383,#2b6383,#2b6383,#2b6383,#2b6383,#2b6383,#2b6383,#2b6383,#2b6383,#2b6383,#2b6383,#2b6383,#2b6383,#2b6383,#2b6383,#2b6383,#2b6383,#2b6383,#2b6383,#2b6383,#2b6383,#2b6383,#2b6383,#2b6383,#2b6383,#2b6383,#2b6383,#2b6383,#2b6383,#2b6383,#2b6383,#2b6383,#2b6383,#2b6383,#2b6383,#2b6383,#2b6383
