#c08a4a,#060c1a,#0e1a33,#0e1a33,#0e1a33,#0e1a33,#0e1a33,#0e1a33,#0e1a33,#0e1a33,#0e1a33,#0e1a33,#0e1a33,#0e1a33,#0e1a33,#0e1a33
#4a2c14,#c08a4a,#060c1a,#0e1a33,#0e1a33,#0e1a33,#0e1a33,#0e1a33,#0e1a33,#0e1a33,#0e1a33,#0e1a33,#0e1a33,#0e1a33,#0e1a33,#0e1a33
#060c1a,#4a2c14,#060c1a,#0e1a33,#0e1a33,#060c1a,#060c1a,#060c1a,#060c1a,#060c1a,#060c1a,#0e1a33,#0e1a33,#0e1a33,#16304f,#0e1a33
#0e1a33,#060c1a,#c08a4a,#060c1a,#060c1a,#c08a4a,#c08a4a,#c08a4a,#c08a4a,#c08a4a,#c08a4a,#060c1a,#0e1a33,#0e1a33,#0e1a33,#0e1a33
#16304f,#0e1a33,#060c1a,#c08a4a,#c08a4a,#8a5a2c,#8a5a2c,#4a2c14,#4a2c14,#8a5a2c,#8a5a2c,#c08a4a,#060c1a,#0e1a33,#16304f,#0e1a33
#0e1a33,#16304f,#060c1a,#8a5a2c,#8a5a2c,#4a2c14,#4a2c14,#060c1a,#060c1a,#4a2c14,#4a2c14,#8a5a2c,#c08a4a,#060c1a,#0e1a33,#0e1a33
#16304f,#0e1a33,#060c1a,#8a5a2c,#4a2c14,#060c1a,#060c1a,#0e1a33,#16304f,#060c1a,#060c1a,#8a5a2c,#4a2c14,#060c1a,#16304f,#0e1a33
#0e1a33,#060c1a,#c08a4a,#8a5a2c,#4a2c14,#060c1a,#0e1a33,#16304f,#060c1a,#16304f,#060c1a,#8a5a2c,#8a5a2c,#c08a4a,#060c1a,#16304f
#16304f,#060c1a,#8a5a2c,#8a5a2c,#4a2c14,#060c1a,#16304f,#060c1a,#b8ecff,#060c1a,#060c1a,#8a5a2c,#8a5a2c,#4a2c14,#060c1a,#0e1a33
#0e1a33,#060c1a,#4a2c14,#8a5a2c,#4a2c14,#060c1a,#0e1a33,#16304f,#060c1a,#4f728d,#060c1a,#8a5a2c,#8a5a2c,#4a2c14,#060c1a,#16304f
#16304f,#0e1a33,#060c1a,#8a5a2c,#4a2c14,#060c1a,#060c1a,#16304f,#16304f,#060c1a,#060c1a,#8a5a2c,#4a2c14,#060c1a,#16304f,#16304f
#0e1a33,#16304f,#060c1a,#4a2c14,#8a5a2c,#c08a4a,#c08a4a,#060c1a,#060c1a,#c08a4a,#c08a4a,#8a5a2c,#4a2c14,#060c1a,#0e1a33,#16304f
#16304f,#16304f,#16304f,#060c1a,#4a2c14,#8a5a2c,#8a5a2c,#c08a4a,#c08a4a,#8a5a2c,#8a5a2c,#4a2c14,#060c1a,#16304f,#16304f,#16304f
#16304f,#16304f,#0e1a33,#16304f,#060c1a,#4a2c14,#4a2c14,#4a2c14,#4a2c14,#4a2c14,#4a2c14,#060c1a,#16304f,#16304f,#0e1a33,#16304f
#16304f,#16304f,#16304f,#16304f,#16304f,#060c1a,#060c1a,#060c1a,#060c1a,#060c1a,#060c1a,#16304f,#16304f,#16304f,#16304f,#16304f
#16304f,#16304f,#16304f,#16304f,#16304f,#16304f,#16304f,#16304f,#16304f,#16304f,#16304f,#16304f,#16304f,#16304f,#16304f,#16304f
