#fff3a8,#fff3a8,#fff3a8,#8a6418,#fff3a8,#fff3a8,#fff3a8,#fff3a8,#fff3a8,#fff3a8,#fff3a8,#fff3a8,#fff3a8,#fff3a8,#fff3a8,#fff3a8,#fff3a8,#fff3a8,#fff3a8,#fff3a8,#fff3a8,#fff3a8,#fff3a8,#fff3a8,#fff3a8,#fff3a8,#fff3a8,#fff3a8,#fff3a8,#fff3a8,#fff3a8,#fff3a8,#fff3a8,#fff3a8,#fff3a8,#fff3a8,#fff3a8,#fff3a8,#fff3a8,#fff3a8,#fff3a8,#fff3a8,#fff3a8,#fff3a8,#fff3a8,#fff3a8,#fff3a8,#fff3a8,#fff3a8,#fff3a8,#fff3a8,#fff3a8,#fff3a8,#fff3a8,#fff3a8,#fff3a8,#fff3a8,#fff3a8,#fff3a8,#fff3a8,#8a6418,#fff3a8,#fff3a8,#fff3a8
#fff3a8,#8a6418,#8a6418,#4fb4ee,#8a6418,#8a6418,#e8b830,#e8b830,#e8b830,#e8b830,#e8b830,#e8b830,#e8b830,#e8b830,#e8b830,#e8b830,#e8b830,#e8b830,#e8b830,#e8b830,#e8b830,#e8b830,#e8b830,#e8b830,#e8b830,#e8b830,#e8b830,#e8b830,#e8b830,#e8b830,#e8b830,#e8b830,#e8b830,#e8b830,#e8b830,#e8b830,#e8b830,#e8b830,#e8b830,#e8b830,#e8b830,#e8b830,#e8b830,#e8b830,#e8b830,#e8b830,#e8b830,#e8b830,#e8b830,#e8b830,#e8b830,#e8b830,#e8b830,#e8b830,#e8b830,#e8b830,#e8b830,#e8b830,#8a6418,#8a6418,#4fb4ee,#8a6418,#8a6418,#8a6418
#fff3a8,#8a6418,#4fb4ee,#4fb4ee,#4fb4ee,#8a6418,#fff3a8,#fff3a8,#fff3a8,#fff3a8,#fff3a8,#fff3a8,#fff3a8,#fff3a8,#fff3a8,#fff3a8,#fff3a8,#fff3a8,#fff3a8,#fff3a8,#fff3a8,#fff3a8,#fff3a8,#fff3a8,#fff3a8,#fff3a8,#fff3a8,#fff3a8,#fff3a8,#fff3a8,#fff3a8,#fff3a8,#fff3a8,#fff3a8,#fff3a8,#fff3a8,#fff3a8,#fff3a8,#fff3a8,#fff3a8,#fff3a8,#fff3a8,#fff3a8,#fff3a8,#fff3a8,#fff3a8,#fff3a8,#fff3a8,#fff3a8,#fff3a8,#fff3a8,#fff3a8,#fff3a8,#fff3a8,#fff3a8,#fff3a8,#fff3a8,#fff3a8,#8a6418,#4fb4ee,#4fb4ee,#4fb4ee,#8a6418,#8a6418
#8a6418,#4fb4ee,#4fb4ee,#ffffff,#4fb4ee,#4fb4ee,#8a6418,#0a1430,#0a1430,#0a1430,#0a1430,#0a1430,#0a1430,#0a1430,#0a1430,#0a1430,#0a1430,#0a1430,#0a1430,#0a1430,#0a1430,#0a1430,#0a1430,#0a1430,#0a1430,#0a1430,#0a1430,#0a1430,#0a1430,#0a1430,#0a1430,#0a1430,#0a1430,#0a1430,#0a1430,#0a1430,#050a18,#eff2f9,#bbdff8,#050a18,#0a1430,#0a1430,#0a1430,#0a1430,#0a1430,#0a1430,#0a1430,#0a1430,#0a1430,#0a1430,#0a1430,#0a1430,#0a1430,#0a1430,#0a1430,#0a1430,#0a1430,#8a6418,#4fb4ee,#4fb4ee,#ffffff,#4fb4ee,#4fb4ee,#8a6418
#fff3a8,#8a6418,#4fb4ee,#4fb4ee,#4fb4ee,#8a6418,#0f203e,#0a1430,#0f203e,#0a1430,#0f203e,#0a1430,#0f203e,#0a1430,#0f203e,#0a1430,#3d5d7c,#0a1430,#0f203e,#0a1430,#3d5d7c,#0a1430,#0f203e,#0a1430,#3d5d7c,#0a1430,#0f203e,#ffffff,#3d5d7c,#0a1430,#3d5d7c,#0a1430,#3d5d7c,#0a1430,#0f203e,#050a18,#eff2f9,#e3e9f5,#bbdff8,#050a18,#3d5d7c,#0a1430,#0f203e,#0a1430,#3d5d7c,#0a1430,#0f203e,#0a1430,#0f203e,#0a1430,#0f203e,#0a1430,#0f203e,#0a1430,#0f203e,#0a1430,#0f203e,#0a1430,#8a6418,#4fb4ee,#4fb4ee,#4fb4ee,#8a6418,#8a6418
#fff3a8,#8a6418,#8a6418,#4fb4ee,#8a6418,#8a6418,#0a1430,#0f203e,#0a1430,#0f203e,#0a1430,#0f203e,#0a1430,#0f203e,#0a1430,#0f203e,#0a1430,#0f203e,#0a1430,#0f203e,#0a1430,#0f203e,#0a1430,#ffffff,#0a1430,#0f203e,#0a1430,#0f203e,#0a1430,#0f203e,#0a1430,#0f203e,#0a1430,#0f203e,#0a1430,#050a18,#eff2f9,#585866,#bbdff8,#050a18,#0a1430,#0f203e,#0a1430,#0f203e,#0a1430,#0f203e,#0a1430,#0f203e,#0a1430,#0f203e,#0a1430,#0f203e,#0a1430,#0f203e,#0a1430,#0f203e,#0a1430,#0f203e,#8a6418,#8a6418,#4fb4ee,#8a6418,#8a6418,#8a6418
#fff3a8,#e8b830,#fff3a8,#8a6418,#0f203e,#0a1430,#0f203e,#0a1430,#0f203e,#0a1430,#0f203e,#0a1430,#0f203e,#0a1430,#0f203e,#0a1430,#0f203e,#0a1430,#3d5d7c,#0a1430,#0f203e,#0a1430,#3d5d7c,#0a1430,#0f203e,#0a1430,#3d5d7c,#0a1430,#3d5d7c,#0a1430,#3d5d7c,#0a1430,#3d5d7c,#0a1430,#62b9b4,#050a18,#eff2f9,#e3e9f5,#9599a9,#bbdff8,#050a18,#0a1430,#62b9b4,#ffffff,#46a691,#0a1430,#0f203e,#0a1430,#0f203e,#0a1430,#0f203e,#050a18,#050a18,#0a1430,#0f203e,#0a1430,#0f203e,#0a1430,#0f203e,#0a1430,#8a6418,#8a6418,#e8b830,#8a6418
#fff3a8,#e8b830,#fff3a8,#0f203e,#0a1430,#0f203e,#0a1430,#0f203e,#0a1430,#0f203e,#0a1430,#0f203e,#0a1430,#0f203e,#0a1430,#0f203e,#0a1430,#0f203e,#0a1430,#0f203e,#0a1430,#0f203e,#0a1430,#0f203e,#0a1430,#0f203e,#0a1430,#0f203e,#0a1430,#0f203e,#0a1430,#0f203e,#0a1430,#050a18,#050a18,#050a18,#bbdff8,#e3e9f5,#d6def0,#9599a9,#bbdff8,#050a18,#0a1430,#46a691,#0a1430,#050a18,#0a1430,#46a691,#050a18,#050a18,#050a18,#eff2f9,#bbdff8,#050a18,#0a1430,#0f203e,#0a1430,#0f203e,#0a1430,#0f203e,#7fb3cc,#8a6418,#e8b830,#8a6418
#fff3a8,#e8b830,#fff3a8,#0f203e,#0f203e,#0f203e,#0f203e,#0f203e,#0f203e,#0f203e,#0f203e,#0f203e,#3d5d7c,#0f203e,#0f203e,#0f203e,#3d5d7c,#0f203e,#3d5d7c,#0f203e,#3d5d7c,#0f203e,#3d5d7c,#0f203e,#e0f5ff,#0f203e,#3d5d7c,#0f203e,#3d5d7c,#0f203e,#62b9b4,#0f203e,#050a18,#eff2f9,#eff2f9,#bbdff8,#050a18,#eff2f9,#e3e9f5,#9599a9,#bbdff8,#050a18,#62b9b4,#0f203e,#050a18,#bbdff8,#050a18,#050a18,#eff2f9,#eff2f9,#eff2f9,#e3e9f5,#bbdff8,#050a18,#0f203e,#0f203e,#0f203e,#0f203e,#0f203e,#0f203e,#9fe0ff,#8a6418,#e8b830,#8a6418
#fff3a8,#e8b830,#fff3a8,#0f203e,#0f203e,#0f203e,#0a1430,#ffffff,#0f203e,#0f203e,#0a1430,#0f203e,#0f203e,#0f203e,#0a1430,#0f203e,#0f203e,#0f203e,#0a1430,#0f203e,#ffffff,#0f203e,#0a1430,#0f203e,#0f203e,#3d5d7c,#0a1430,#46a691,#0f203e,#62b9b4,#0a1430,#050a18,#eff2f9,#e3e9f5,#9599a9,#bbdff8,#050a18,#bbdff8,#e3e9f5,#9599a9,#9599a9,#bbdff8,#050a18,#050a18,#050a18,#eff2f9,#eff2f9,#eff2f9,#91a3a1,#bbdff8,#91a3a1,#bbdff8,#050a18,#0f203e,#0a1430,#0f203e,#0f203e,#0f203e,#7fb3cc,#9fe0ff,#ffffff,#8a6418,#e8b830,#8a6418
#fff3a8,#e8b830,#fff3a8,#0f203e,#0f203e,#0f203e,#0f203e,#0f203e,#0f203e,#0f203e,#0f203e,#0f203e,#0f203e,#0f203e,#3d5d7c,#0f203e,#3d5d7c,#0f203e,#3d5d7c,#0f203e,#3d5d7c,#0f203e,#3d5d7c,#0f203e,#3d5d7c,#0f203e,#62b9b4,#0f203e,#62b9b4,#0f203e,#050a18,#eff2f9,#e3e9f5,#e3e9f5,#d6def0,#9599a9,#bbdff8,#050a18,#eff2f9,#e3e9f5,#9599a9,#bbdff8,#050a18,#eff2f9,#eff2f9,#ab967f,#bbdff8,#bbdff8,#050a18,#050a18,#050a18,#050a18,#46a691,#0f203e,#46a691,#0f203e,#0f203e,#0f203e,#ffffff,#0f203e,#9fe0ff,#8a6418,#e8b830,#8a6418
#fff3a8,#e8b830,#fff3a8,#46a691,#0a1430,#0f203e,#0f203e,#0f203e,#0a1430,#0f203e,#0f203e,#0f203e,#0a1430,#0f203e,#0f203e,#0f203e,#0a1430,#468ab2,#0f203e,#468ab2,#0a1430,#468ab2,#0f203e,#71cae1,#0a1430,#468ab2,#0f203e,#71cae1,#050a18,#050a18,#050a18,#bbdff8,#9599a9,#9599a9,#d6def0,#e3e9f5,#e3e9f5,#e3e9f5,#e3e9f5,#9599a9,#d6def0,#9599a9,#eff2f9,#e3e9f5,#bbdff8,#91a3a1,#050a18,#050a18,#0a1430,#0f203e,#0f203e,#46a691,#0a1430,#0f203e,#0f203e,#46a691,#0a1430,#0f203e,#0f203e,#0f203e,#7fb3cc,#8a6418,#e8b830,#8a6418
#fff3a8,#e8b830,#fff3a8,#0f203e,#48ab96,#0f203e,#46a691,#0f203e,#406685,#0f203e,#0f203e,#0f203e,#406685,#0f203e,#62a6cb,#0f203e,#64a8ce,#0f203e,#62a6cb,#0f203e,#71cbe2,#0f203e,#71cae1,#0f203e,#71cbe2,#0f203e,#71cae1,#050a18,#eff2f9,#eff2f9,#bbdff8,#050a18,#bbdff8,#bbdff8,#e3e9f5,#d6def0,#e3e9f5,#9599a9,#585866,#585866,#9599a9,#d6def0,#9599a9,#bbdff8,#050a18,#050a18,#62b9b4,#0f203e,#64bcb8,#0f203e,#46a691,#0f203e,#64bcb8,#0f203e,#46a691,#0f203e,#48ab96,#0f203e,#46a691,#0f203e,#142c4c,#8a6418,#e8b830,#8a6418
#fff3a8,#e8b830,#fff3a8,#0f203e,#0f203e,#46a691,#0f203e,#46a691,#0f203e,#46a691,#0f203e,#0f203e,#0f203e,#468ab2,#0f203e,#468ab2,#0f203e,#71cae1,#0f203e,#46a691,#0f203e,#71cae1,#0f203e,#3d5d7c,#0f203e,#71cae1,#050a18,#eff2f9,#e3e9f5,#9599a9,#bbdff8,#050a18,#050a18,#050a18,#eff2f9,#e3e9f5,#9599a9,#9599a9,#585866,#ab967f,#e3e9f5,#e3e9f5,#9599a9,#bbdff8,#050a18,#3d5d7c,#0f203e,#0f203e,#0f203e,#0f203e,#0f203e,#0f203e,#0f203e,#46a691,#0f203e,#0f203e,#0f203e,#46a691,#0f203e,#46a691,#0f203e,#8a6418,#e8b830,#8a6418
#fff3a8,#e8b830,#fff3a8,#0f203e,#8697d5,#0f203e,#8697d5,#0f203e,#8697d5,#0f203e,#93b4f3,#0f203e,#71cbe2,#0f203e,#71cbe2,#0f203e,#71cbe2,#0f203e,#71cbe2,#0f203e,#71cbe2,#0f203e,#71cbe2,#0f203e,#71cbe2,#050a18,#050a18,#bbdff8,#9599a9,#e3e9f5,#9599a9,#eff2f9,#eff2f9,#bbdff8,#e3e9f5,#d6def0,#9599a9,#9599a9,#585866,#ab967f,#bbdff8,#e3e9f5,#9599a9,#9599a9,#bbdff8,#050a18,#050a18,#0f203e,#406685,#0f203e,#64bcb8,#0f203e,#48ab96,#0f203e,#8697d5,#0f203e,#8697d5,#0f203e,#8697d5,#0f203e,#8697d5,#8a6418,#e8b830,#8a6418
#fff3a8,#e8b830,#fff3a8,#7060b2,#0f203e,#0f203e,#0f203e,#8695d3,#0f203e,#468ab2,#0f203e,#8e9fed,#0f203e,#7060b2,#0f203e,#46a691,#0f203e,#0f203e,#ffffff,#62b9b4,#0f203e,#3d5d7c,#0f203e,#3d5d7c,#050a18,#bbdff8,#050a18,#050a18,#bbdff8,#e3e9f5,#d6def0,#9599a9,#bbdff8,#050a18,#eff2f9,#9599a9,#d6def0,#9599a9,#9599a9,#bbdff8,#050a18,#eff2f9,#e3e9f5,#9599a9,#e3e9f5,#eff2f9,#bbdff8,#050a18,#050a18,#050a18,#050a18,#050a18,#0f203e,#7060b2,#0f203e,#7060b2,#0f203e,#0f203e,#0f203e,#8695d3,#0f203e,#8a6418,#e8b830,#8a6418
#fff3a8,#e8b830,#fff3a8,#0f203e,#8eaee2,#0f203e,#8ea0ee,#0f203e,#93b4f3,#0f203e,#93b4f3,#0f203e,#93b4f3,#0f203e,#93b4f3,#0f203e,#93b4f3,#0f203e,#71cbe2,#0f203e,#71cbe2,#0f203e,#71cbe2,#050a18,#eff2f9,#e3e9f5,#bbdff8,#050a18,#050a18,#eff2f9,#e3e9f5,#d6def0,#9599a9,#eff2f9,#e3e9f5,#585866,#9599a9,#d6def0,#d6def0,#e3e9f5,#eff2f9,#bbdff8,#9599a9,#9599a9,#9599a9,#e3e9f5,#e3e9f5,#eff2f9,#eff2f9,#eff2f9,#eff2f9,#bbdff8,#050a18,#050a18,#7264b7,#0f203e,#8eaee2,#0f203e,#8ea0ee,#0f203e,#8ea0ee,#8a6418,#e8b830,#8a6418
#fff3a8,#e8b830,#fff3a8,#488eb7,#0f203e,#868ce2,#0f203e,#488eb7,#0f203e,#868ce2,#0f203e,#142c4c,#0f203e,#8eaee2,#0f203e,#7264b7,#0f203e,#808cce,#0f203e,#406685,#0f203e,#406685,#0f203e,#050a18,#eff2f9,#e3e9f5,#9599a9,#bbdff8,#050a18,#eff2f9,#e3e9f5,#9599a9,#9599a9,#585866,#91a3a1,#91a3a1,#bbdff8,#e3e9f5,#d6def0,#9599a9,#bbdff8,#050a18,#bbdff8,#bbdff8,#9599a9,#9599a9,#d6def0,#e3e9f5,#e3e9f5,#e3e9f5,#9599a9,#bbdff8,#050a18,#bbdff8,#050a18,#488eb7,#0f203e,#868ce2,#0f203e,#488eb7,#9fe0ff,#8a6418,#e8b830,#8a6418
#fff3a8,#e8b830,#fff3a8,#0f203e,#868ce2,#0f203e,#93b4f3,#0f203e,#868ce2,#0f203e,#93b4f3,#0f203e,#8eaee2,#0f203e,#93b4f3,#0f203e,#808cce,#0f203e,#8eaee2,#0f203e,#808cce,#0f203e,#050a18,#050a18,#eff2f9,#e3e9f5,#9599a9,#bbdff8,#050a18,#eff2f9,#9599a9,#d6def0,#9599a9,#bbdff8,#050a18,#050a18,#050a18,#eff2f9,#e3e9f5,#d6def0,#9599a9,#bbdff8,#050a18,#050a18,#bbdff8,#bbdff8,#9599a9,#9599a9,#9599a9,#d6def0,#9599a9,#d6def0,#eff2f9,#bbdff8,#050a18,#0f203e,#868ce2,#0f203e,#8ea0ee,#0f203e,#868ce2,#8a6418,#e8b830,#8a6418
#fff3a8,#e8b830,#fff3a8,#488eb7,#0f203e,#142c4c,#0f203e,#142c4c,#0f203e,#142c4c,#0f203e,#142c4c,#0f203e,#142c4c,#0f203e,#406685,#0f203e,#406685,#0f203e,#808cce,#050a18,#050a18,#bbdff8,#050a18,#bbdff8,#9599a9,#d6def0,#9599a9,#eff2f9,#e3e9f5,#585866,#585866,#d6def0,#9599a9,#eff2f9,#bbdff8,#050a18,#bbdff8,#9599a9,#9599a9,#d6def0,#9599a9,#bbdff8,#050a18,#050a18,#050a18,#bbdff8,#bbdff8,#bbdff8,#9599a9,#9599a9,#585866,#e3e9f5,#9599a9,#bbdff8,#050a18,#0f203e,#142c4c,#0f203e,#142c4c,#0f203e,#8a6418,#e8b830,#8a6418
#fff3a8,#e8b830,#fff3a8,#142c4c,#8ea7eb,#142c4c,#64a8ce,#142c4c,#8ea7eb,#142c4c,#406685,#142c4c,#8eaee2,#142c4c,#808cce,#142c4c,#808cce,#142c4c,#808cce,#050a18,#eff2f9,#eff2f9,#e3e9f5,#bbdff8,#050a18,#bbdff8,#e3e9f5,#d6def0,#9599a9,#585866,#91a3a1,#bbdff8,#e3e9f5,#d6def0,#9599a9,#bbdff8,#050a18,#050a18,#bbdff8,#585866,#9599a9,#d6def0,#e3e9f5,#eff2f9,#bbdff8,#050a18,#050a18,#050a18,#050a18,#bbdff8,#bbdff8,#9599a9,#9599a9,#9599a9,#bbdff8,#050a18,#8ea7eb,#142c4c,#488eb7,#142c4c,#868ce2,#8a6418,#e8b830,#8a6418
#fff3a8,#e8b830,#fff3a8,#142c4c,#142c4c,#142c4c,#0f203e,#142c4c,#142c4c,#406685,#0f203e,#142c4c,#142c4c,#406685,#0f203e,#406685,#142c4c,#406685,#0f203e,#050a18,#eff2f9,#e3e9f5,#585866,#bbdff8,#050a18,#050a18,#eff2f9,#e3e9f5,#585866,#bbdff8,#050a18,#050a18,#eff2f9,#e3e9f5,#d6def0,#9599a9,#bbdff8,#050a18,#050a18,#bbdff8,#9599a9,#9599a9,#9599a9,#e3e9f5,#e3e9f5,#eff2f9,#eff2f9,#bbdff8,#050a18,#050a18,#050a18,#bbdff8,#bbdff8,#bbdff8,#bbdff8,#050a18,#142c4c,#142c4c,#0f203e,#142c4c,#142c4c,#8a6418,#e8b830,#8a6418
#fff3a8,#e8b830,#fff3a8,#142c4c,#142c4c,#142c4c,#64a8ce,#142c4c,#406685,#142c4c,#406685,#142c4c,#406685,#142c4c,#808cce,#142c4c,#406685,#142c4c,#050a18,#050a18,#bbdff8,#e3e9f5,#9599a9,#9599a9,#bbdff8,#050a18,#eff2f9,#e3e9f5,#9599a9,#9599a9,#bbdff8,#050a18,#bbdff8,#e3e9f5,#9599a9,#9599a9,#bbdff8,#050a18,#050a18,#050a18,#bbdff8,#bbdff8,#bbdff8,#9599a9,#9599a9,#e3e9f5,#d6def0,#e3e9f5,#eff2f9,#bbdff8,#050a18,#050a18,#050a18,#050a18,#050a18,#142c4c,#142c4c,#142c4c,#488eb7,#142c4c,#142c4c,#8a6418,#e8b830,#8a6418
#fff3a8,#e8b830,#fff3a8,#142c4c,#142c4c,#142c4c,#142c4c,#142c4c,#142c4c,#142c4c,#142c4c,#406685,#142c4c,#142c4c,#142c4c,#406685,#142c4c,#050a18,#bbdff8,#050a18,#050a18,#eff2f9,#e3e9f5,#9599a9,#9599a9,#eff2f9,#ab967f,#e3e9f5,#e3e9f5,#9599a9,#bbdff8,#050a18,#050a18,#eff2f9,#e3e9f5,#9599a9,#d6def0,#eff2f9,#eff2f9,#bbdff8,#050a18,#050a18,#050a18,#bbdff8,#bbdff8,#9599a9,#9599a9,#9599a9,#e3e9f5,#e3e9f5,#eff2f9,#bbdff8,#050a18,#142c4c,#142c4c,#142c4c,#142c4c,#142c4c,#142c4c,#9fe0ff,#142c4c,#8a6418,#e8b830,#8a6418
#fff3a8,#e8b830,#fff3a8,#142c4c,#446e8f,#142c4c,#406685,#142c4c,#446e8f,#142c4c,#406685,#142c4c,#446e8f,#142c4c,#406685,#142c4c,#050a18,#eff2f9,#e3e9f5,#bbdff8,#050a18,#bbdff8,#e3e9f5,#d6def0,#9599a9,#585866,#836543,#bbdff8,#9599a9,#9599a9,#9599a9,#bbdff8,#050a18,#bbdff8,#e3e9f5,#9599a9,#9599a9,#e3e9f5,#e3e9f5,#e3e9f5,#eff2f9,#bbdff8,#050a18,#050a18,#050a18,#bbdff8,#bbdff8,#9599a9,#9599a9,#9599a9,#9599a9,#bbdff8,#050a18,#142c4c,#e0f5ff,#142c4c,#446e8f,#142c4c,#9fe0ff,#ffffff,#9fe0ff,#8a6418,#e8b830,#8a6418
#fff3a8,#e8b830,#fff3a8,#142c4c,#142c4c,#142c4c,#142c4c,#142c4c,#142c4c,#406685,#142c4c,#142c4c,#142c4c,#406685,#142c4c,#406685,#050a18,#eff2f9,#e3e9f5,#9599a9,#bbdff8,#050a18,#eff2f9,#e3e9f5,#d6def0,#9599a9,#bbdff8,#050a18,#bbdff8,#e3e9f5,#d6def0,#9599a9,#bbdff8,#050a18,#eff2f9,#bbdff8,#9599a9,#9599a9,#d6def0,#9599a9,#e3e9f5,#9599a9,#bbdff8,#050a18,#050a18,#050a18,#050a18,#bbdff8,#bbdff8,#9599a9,#585866,#bbdff8,#050a18,#142c4c,#142c4c,#142c4c,#142c4c,#142c4c,#142c4c,#9fe0ff,#142c4c,#8a6418,#e8b830,#8a6418
#fff3a8,#e8b830,#fff3a8,#142c4c,#19385a,#142c4c,#446e8f,#142c4c,#446e8f,#142c4c,#446e8f,#142c4c,#446e8f,#ffffff,#446e8f,#142c4c,#050a18,#eff2f9,#e3e9f5,#9599a9,#bbdff8,#050a18,#eff2f9,#9599a9,#9599a9,#9599a9,#bbdff8,#050a18,#050a18,#eff2f9,#e3e9f5,#d6def0,#e3e9f5,#eff2f9,#bbdff8,#050a18,#bbdff8,#bbdff8,#9599a9,#9599a9,#9599a9,#d6def0,#e3e9f5,#eff2f9,#bbdff8,#050a18,#050a18,#050a18,#050a18,#bbdff8,#bbdff8,#050a18,#446e8f,#142c4c,#446e8f,#142c4c,#19385a,#142c4c,#19385a,#142c4c,#19385a,#8a6418,#e8b830,#8a6418
#fff3a8,#e8b830,#fff3a8,#142c4c,#142c4c,#142c4c,#142c4c,#142c4c,#142c4c,#142c4c,#142c4c,#406685,#142c4c,#406685,#050a18,#050a18,#050a18,#bbdff8,#e3e9f5,#e3e9f5,#d6def0,#eff2f9,#e3e9f5,#585866,#d6def0,#9599a9,#9599a9,#bbdff8,#050a18,#bbdff8,#e3e9f5,#9599a9,#d6def0,#9599a9,#bbdff8,#050a18,#050a18,#050a18,#bbdff8,#bbdff8,#9599a9,#9599a9,#d6def0,#e3e9f5,#e3e9f5,#eff2f9,#bbdff8,#050a18,#142c4c,#050a18,#050a18,#406685,#142c4c,#142c4c,#142c4c,#142c4c,#142c4c,#142c4c,#ffffff,#142c4c,#142c4c,#8a6418,#e8b830,#8a6418
#fff3a8,#e8b830,#fff3a8,#142c4c,#446e8f,#142c4c,#446e8f,#142c4c,#446e8f,#142c4c,#446e8f,#142c4c,#446e8f,#050a18,#eff2f9,#bbdff8,#050a18,#050a18,#eff2f9,#e3e9f5,#9599a9,#9599a9,#585866,#ab967f,#e3e9f5,#d6def0,#9599a9,#bbdff8,#050a18,#050a18,#eff2f9,#9599a9,#585866,#9599a9,#9599a9,#eff2f9,#bbdff8,#050a18,#050a18,#050a18,#bbdff8,#bbdff8,#9599a9,#9599a9,#9599a9,#e3e9f5,#9599a9,#bbdff8,#050a18,#142c4c,#446e8f,#142c4c,#446e8f,#142c4c,#446e8f,#142c4c,#446e8f,#142c4c,#19385a,#142c4c,#19385a,#8a6418,#e8b830,#8a6418
#fff3a8,#e8b830,#fff3a8,#19385a,#142c4c,#19385a,#142c4c,#19385a,#142c4c,#446e8f,#142c4c,#446e8f,#050a18,#eff2f9,#e3e9f5,#9599a9,#bbdff8,#050a18,#bbdff8,#e3e9f5,#d6def0,#9599a9,#585866,#ab967f,#bbdff8,#9599a9,#d6def0,#9599a9,#bbdff8,#050a18,#e3e9f5,#585866,#9599a9,#9599a9,#d6def0,#e3e9f5,#e3e9f5,#eff2f9,#bbdff8,#050a18,#050a18,#050a18,#bbdff8,#bbdff8,#9599a9,#9599a9,#9599a9,#bbdff8,#050a18,#446e8f,#142c4c,#19385a,#142c4c,#446e8f,#142c4c,#19385a,#142c4c,#19385a,#142c4c,#19385a,#142c4c,#8a6418,#e8b830,#8a6418
#fff3a8,#e8b830,#fff3a8,#142c4c,#19385a,#142c4c,#446e8f,#142c4c,#446e8f,#142c4c,#446e8f,#050a18,#050a18,#bbdff8,#e3e9f5,#e3e9f5,#9599a9,#bbdff8,#050a18,#eff2f9,#e3e9f5,#d6def0,#9599a9,#bbdff8,#050a18,#bbdff8,#e3e9f5,#d6def0,#e3e9f5,#eff2f9,#e3e9f5,#bce2f5,#e3e9f5,#585866,#9599a9,#9599a9,#9599a9,#e3e9f5,#9599a9,#bbdff8,#050a18,#050a18,#050a18,#050a18,#bbdff8,#bbdff8,#bbdff8,#bbdff8,#050a18,#142c4c,#446e8f,#142c4c,#446e8f,#142c4c,#446e8f,#142c4c,#19385a,#142c4c,#446e8f,#142c4c,#19385a,#8a6418,#e8b830,#8a6418
#fff3a8,#e8b830,#fff3a8,#19385a,#142c4c,#19385a,#142c4c,#19385a,#142c4c,#19385a,#050a18,#bbdff8,#050a18,#050a18,#eff2f9,#e3e9f5,#9599a9,#bbdff8,#050a18,#eff2f9,#9599a9,#585866,#d6def0,#9599a9,#bbdff8,#050a18,#eff2f9,#e3e9f5,#d6def0,#9599a9,#585866,#bce2f5,#bce2f5,#bce2f5,#bbdff8,#bbdff8,#9599a9,#9599a9,#d6def0,#e3e9f5,#eff2f9,#eff2f9,#bbdff8,#050a18,#050a18,#050a18,#050a18,#050a18,#142c4c,#19385a,#142c4c,#446e8f,#142c4c,#19385a,#142c4c,#19385a,#142c4c,#19385a,#142c4c,#19385a,#142c4c,#8a6418,#e8b830,#8a6418
#fff3a8,#e8b830,#fff3a8,#19385a,#446e8f,#19385a,#446e8f,#19385a,#446e8f,#050a18,#eff2f9,#e3e9f5,#eff2f9,#eff2f9,#bbdff8,#d6def0,#9599a9,#d6def0,#eff2f9,#e3e9f5,#585866,#d6def0,#9599a9,#9599a9,#bbdff8,#050a18,#bbdff8,#9599a9,#9599a9,#d6def0,#9599a9,#e3e9f5,#e3e9f5,#9edaf8,#050a18,#050a18,#bbdff8,#9599a9,#9599a9,#d6def0,#e3e9f5,#e3e9f5,#e3e9f5,#eff2f9,#bbdff8,#050a18,#446e8f,#19385a,#446e8f,#19385a,#446e8f,#19385a,#446e8f,#19385a,#446e8f,#19385a,#446e8f,#19385a,#19385a,#19385a,#19385a,#8a6418,#e8b830,#8a6418
#fff3a8,#e8b830,#fff3a8,#19385a,#19385a,#19385a,#142c4c,#19385a,#19385a,#050a18,#eff2f9,#e3e9f5,#9599a9,#bbdff8,#050a18,#eff2f9,#e3e9f5,#9599a9,#9599a9,#585866,#ab967f,#e3e9f5,#e3e9f5,#9599a9,#bbdff8,#050a18,#050a18,#bbdff8,#9599a9,#9599a9,#d6def0,#e3e9f5,#9599a9,#bbdff8,#050a18,#bbdff8,#050a18,#bbdff8,#bbdff8,#9599a9,#9599a9,#9599a9,#9599a9,#9599a9,#bbdff8,#050a18,#142c4c,#446e8f,#19385a,#446e8f,#142c4c,#19385a,#19385a,#446e8f,#142c4c,#19385a,#19385a,#19385a,#142c4c,#19385a,#19385a,#8a6418,#e8b830,#8a6418
#fff3a8,#e8b830,#fff3a8,#19385a,#19385a,#19385a,#446e8f,#19385a,#050a18,#050a18,#eff2f9,#e3e9f5,#e3e9f5,#9599a9,#eff2f9,#bbdff8,#9599a9,#d6def0,#9599a9,#585866,#ab967f,#bbdff8,#9599a9,#d6def0,#9599a9,#bbdff8,#050a18,#050a18,#bbdff8,#bbdff8,#585866,#9599a9,#9599a9,#e3e9f5,#e3e9f5,#bbdff8,#050a18,#050a18,#050a18,#bbdff8,#bbdff8,#9599a9,#585866,#bbdff8,#bbdff8,#050a18,#446e8f,#19385a,#446e8f,#19385a,#446e8f,#19385a,#446e8f,#19385a,#446e8f,#19385a,#19385a,#19385a,#446e8f,#19385a,#19385a,#8a6418,#e8b830,#8a6418
#fff3a8,#e8b830,#fff3a8,#19385a,#19385a,#19385a,#19385a,#050a18,#bbdff8,#050a18,#bbdff8,#e3e9f5,#d6def0,#9599a9,#bbdff8,#050a18,#bbdff8,#e3e9f5,#d6def0,#9599a9,#bbdff8,#050a18,#bbdff8,#e3e9f5,#d6def0,#9599a9,#bbdff8,#050a18,#050a18,#050a18,#eff2f9,#bbdff8,#9599a9,#9599a9,#e3e9f5,#9599a9,#eff2f9,#e3e9f5,#bbdff8,#050a18,#050a18,#bbdff8,#bbdff8,#050a18,#daeff9,#9edaf8,#050a18,#446e8f,#19385a,#19385a,#19385a,#446e8f,#19385a,#19385a,#19385a,#19385a,#19385a,#19385a,#19385a,#19385a,#19385a,#8a6418,#e8b830,#8a6418
#fff3a8,#e8b830,#fff3a8,#19385a,#477698,#19385a,#050a18,#eff2f9,#bbdff8,#050a18,#050a18,#eff2f9,#e3e9f5,#9599a9,#bbdff8,#050a18,#050a18,#eff2f9,#e3e9f5,#9599a9,#bbdff8,#050a18,#050a18,#eff2f9,#9599a9,#d6def0,#e3e9f5,#eff2f9,#bbdff8,#050a18,#bbdff8,#050a18,#eff2f9,#9599a9,#585866,#d6def0,#e3e9f5,#9599a9,#bbdff8,#050a18,#477698,#050a18,#daeff9,#9edaf8,#bce2f5,#9edaf8,#050a18,#19385a,#477698,#19385a,#446e8f,#19385a,#477698,#19385a,#446e8f,#19385a,#477698,#19385a,#19385a,#19385a,#1e4468,#8a6418,#e8b830,#8a6418
#fff3a8,#e8b830,#fff3a8,#19385a,#19385a,#050a18,#eff2f9,#e3e9f5,#9599a9,#bbdff8,#050a18,#bbdff8,#9599a9,#9599a9,#9599a9,#bbdff8,#050a18,#e3e9f5,#e3e9f5,#9599a9,#d6def0,#eff2f9,#eff2f9,#bbdff8,#bbdff8,#9599a9,#d6def0,#e3e9f5,#e3e9f5,#eff2f9,#e3e9f5,#eff2f9,#ffffff,#bbdff8,#bbdff8,#9599a9,#9599a9,#9599a9,#585866,#bbdff8,#050a18,#050a18,#9edaf8,#050a18,#9edaf8,#050a18,#19385a,#446e8f,#19385a,#446e8f,#19385a,#19385a,#19385a,#19385a,#19385a,#19385a,#19385a,#19385a,#19385a,#19385a,#19385a,#8a6418,#e8b830,#8a6418
#fff3a8,#e8b830,#fff3a8,#19385a,#1e4468,#050a18,#bbdff8,#e3e9f5,#e3e9f5,#9599a9,#bbdff8,#050a18,#bbdff8,#e3e9f5,#9599a9,#9599a9,#eff2f9,#ab967f,#e3e9f5,#e3e9f5,#9599a9,#9599a9,#bbdff8,#050a18,#050a18,#bbdff8,#9599a9,#9599a9,#9599a9,#e3e9f5,#9599a9,#9599a9,#bbdff8,#050a18,#050a18,#bbdff8,#bbdff8,#585866,#9599a9,#bbdff8,#050a18,#050a18,#9edaf8,#050a18,#9edaf8,#050a18,#477698,#19385a,#477698,#19385a,#477698,#19385a,#477698,#19385a,#477698,#19385a,#1e4468,#19385a,#1e4468,#19385a,#1e4468,#8a6418,#e8b830,#8a6418
#fff3a8,#e8b830,#fff3a8,#1e4468,#19385a,#19385a,#050a18,#eff2f9,#d6def0,#9599a9,#bbdff8,#050a18,#050a18,#eff2f9,#e3e9f5,#9599a9,#585866,#836543,#bbdff8,#9599a9,#d6def0,#9599a9,#9599a9,#bbdff8,#050a18,#050a18,#bbdff8,#bbdff8,#9599a9,#9599a9,#d6def0,#9599a9,#9599a9,#bbdff8,#050a18,#050a18,#050a18,#bbdff8,#bbdff8,#bbdff8,#050a18,#050a18,#ffffff,#050a18,#9edaf8,#050a18,#19385a,#477698,#19385a,#19385a,#19385a,#1e4468,#19385a,#19385a,#19385a,#1e4468,#19385a,#19385a,#19385a,#1e4468,#19385a,#8a6418,#e8b830,#8a6418
#fff3a8,#e8b830,#fff3a8,#19385a,#477698,#19385a,#050a18,#bbdff8,#e3e9f5,#d6def0,#9599a9,#bbdff8,#050a18,#bbdff8,#e3e9f5,#d6def0,#9599a9,#bbdff8,#050a18,#bbdff8,#9599a9,#d6def0,#9599a9,#9599a9,#bbdff8,#050a18,#050a18,#050a18,#bbdff8,#9599a9,#9599a9,#d6def0,#9599a9,#585866,#bbdff8,#050a18,#477698,#050a18,#050a18,#050a18,#477698,#446e8f,#050a18,#050a18,#ffffff,#050a18,#477698,#19385a,#477698,#19385a,#477698,#19385a,#477698,#19385a,#477698,#070d1f,#385167,#070d1f,#070d1f,#19385a,#1e4468,#8a6418,#e8b830,#8a6418
#fff3a8,#e8b830,#fff3a8,#1e4468,#19385a,#1e4468,#19385a,#050a18,#eff2f9,#e3e9f5,#9599a9,#bbdff8,#050a18,#050a18,#eff2f9,#e3e9f5,#9599a9,#bbdff8,#050a18,#050a18,#bbdff8,#9599a9,#9599a9,#9599a9,#e3e9f5,#eff2f9,#bbdff8,#050a18,#050a18,#bbdff8,#bbdff8,#9599a9,#d6def0,#9599a9,#9599a9,#bbdff8,#050a18,#477698,#19385a,#477698,#19385a,#477698,#19385a,#385167,#050a18,#385167,#070d1f,#070d1f,#070d1f,#477698,#19385a,#1e4468,#19385a,#070d1f,#070d1f,#070d1f,#070d1f,#070d1f,#070d1f,#070d1f,#19385a,#8a6418,#e8b830,#8a6418
#fff3a8,#e8b830,#fff3a8,#1e4468,#1e4468,#19385a,#477698,#050a18,#eff2f9,#9599a9,#9599a9,#9599a9,#bbdff8,#050a18,#eff2f9,#9599a9,#9599a9,#d6def0,#eff2f9,#bbdff8,#050a18,#bbdff8,#bbdff8,#9599a9,#9599a9,#e3e9f5,#585866,#bbdff8,#050a18,#050a18,#050a18,#bbdff8,#585866,#9599a9,#9599a9,#585866,#bbdff8,#050a18,#477698,#477698,#477698,#19385a,#385167,#070d1f,#385167,#070d1f,#385167,#070d1f,#385167,#070d1f,#385167,#070d1f,#385167,#070d1f,#385167,#070d1f,#070d1f,#070d1f,#070d1f,#070d1f,#070d1f,#8a6418,#e8b830,#8a6418
#fff3a8,#e8b830,#fff3a8,#070d1f,#070d1f,#1e4468,#19385a,#050a18,#daeff9,#bbdff8,#e3e9f5,#9599a9,#9599a9,#e3e9f5,#ab967f,#e3e9f5,#e3e9f5,#9599a9,#e3e9f5,#9599a9,#bbdff8,#050a18,#050a18,#bbdff8,#9599a9,#9599a9,#d6def0,#e3e9f5,#eff2f9,#bbdff8,#050a18,#050a18,#bbdff8,#bbdff8,#585866,#bbdff8,#050a18,#477698,#19385a,#477698,#19385a,#385167,#070d1f,#385167,#070d1f,#070d1f,#070d1f,#385167,#070d1f,#070d1f,#070d1f,#070d1f,#070d1f,#070d1f,#070d1f,#070d1f,#070d1f,#070d1f,#070d1f,#070d1f,#070d1f,#8a6418,#e8b830,#8a6418
#fff3a8,#e8b830,#fff3a8,#070d1f,#385167,#070d1f,#070d1f,#050a18,#9edaf8,#050a18,#eff2f9,#e3e9f5,#585866,#585866,#ab967f,#91a3a1,#e3e9f5,#9599a9,#585866,#d6def0,#e3e9f5,#eff2f9,#bbdff8,#050a18,#bbdff8,#9599a9,#9599a9,#d6def0,#e3e9f5,#9599a9,#bbdff8,#050a18,#050a18,#050a18,#bbdff8,#050a18,#477698,#477698,#477698,#1e4468,#385167,#070d1f,#385167,#070d1f,#385167,#070d1f,#385167,#070d1f,#385167,#070d1f,#385167,#070d1f,#385167,#070d1f,#070d1f,#070d1f,#385167,#070d1f,#070d1f,#070d1f,#070d1f,#8a6418,#e8b830,#8a6418
#fff3a8,#e8b830,#fff3a8,#070d1f,#070d1f,#070d1f,#070d1f,#050a18,#ffffff,#050a18,#bbdff8,#e3e9f5,#d6def0,#9599a9,#bbdff8,#050a18,#eff2f9,#bbdff8,#9599a9,#9599a9,#d6def0,#9599a9,#bbdff8,#050a18,#050a18,#bbdff8,#bbdff8,#9599a9,#d6def0,#9599a9,#e3e9f5,#eff2f9,#bbdff8,#050a18,#050a18,#385167,#1e4468,#477698,#19385a,#385167,#070d1f,#385167,#070d1f,#385167,#070d1f,#385167,#070d1f,#070d1f,#070d1f,#070d1f,#070d1f,#070d1f,#070d1f,#070d1f,#070d1f,#070d1f,#070d1f,#070d1f,#070d1f,#070d1f,#070d1f,#8a6418,#e8b830,#8a6418
#fff3a8,#e8b830,#fff3a8,#070d1f,#070d1f,#070d1f,#070d1f,#070d1f,#050a18,#070d1f,#050a18,#eff2f9,#e3e9f5,#9599a9,#bbdff8,#050a18,#bbdff8,#050a18,#bbdff8,#9599a9,#9599a9,#d6def0,#9599a9,#eff2f9,#bbdff8,#050a18,#050a18,#bbdff8,#9599a9,#9599a9,#9599a9,#9599a9,#bbdff8,#050a18,#385167,#070d1f,#385167,#070d1f,#385167,#070d1f,#385167,#070d1f,#385167,#070d1f,#385167,#070d1f,#385167,#070d1f,#385167,#070d1f,#385167,#070d1f,#070d1f,#070d1f,#070d1f,#070d1f,#070d1f,#070d1f,#070d1f,#070d1f,#070d1f,#8a6418,#e8b830,#8a6418
#fff3a8,#e8b830,#fff3a8,#4b657c,#4b657c,#4b657c,#4b657c,#4b657c,#4b657c,#4b657c,#050a18,#bbdff8,#9599a9,#585866,#d6def0,#eff2f9,#bbdff8,#050a18,#050a18,#bbdff8,#585866,#9599a9,#d6def0,#e3e9f5,#9599a9,#bbdff8,#050a18,#050a18,#bbdff8,#bbdff8,#9599a9,#9599a9,#bbdff8,#050a18,#4b657c,#668ca6,#5883a4,#6fa1c1,#557c9d,#668ca6,#4b657c,#4b657c,#4b657c,#668ca6,#4b657c,#4b657c,#4b657c,#4b657c,#4b657c,#4b657c,#4b657c,#4b657c,#4b657c,#4b657c,#4b657c,#4b657c,#4b657c,#4b657c,#4b657c,#4b657c,#4b657c,#8a6418,#e8b830,#8a6418
#fff3a8,#e8b830,#fff3a8,#4b657c,#dff4ff,#5883a4,#dff4ff,#5883a4,#cbeeff,#5883a4,#cbeeff,#050a18,#eff2f9,#9599a9,#585866,#e3e9f5,#9599a9,#bbdff8,#050a18,#050a18,#bbdff8,#bbdff8,#9599a9,#d6def0,#9599a9,#e3e9f5,#eff2f9,#bbdff8,#050a18,#050a18,#bbdff8,#bbdff8,#bbdff8,#050a18,#cbeeff,#5883a4,#cbeeff,#5883a4,#cbeeff,#5883a4,#cbeeff,#4b657c,#cbeeff,#4b657c,#cbeeff,#4b657c,#cbeeff,#4b657c,#cbeeff,#4b657c,#cbeeff,#4b657c,#cbeeff,#4b657c,#dff4ff,#4b657c,#dff4ff,#4b657c,#dff4ff,#4b657c,#dff4ff,#8a6418,#e8b830,#8a6418
#fff3a8,#e8b830,#fff3a8,#5883a4,#557c9d,#5883a4,#557c9d,#5883a4,#557c9d,#5883a4,#557c9d,#050a18,#d0c4b8,#bbdff8,#9599a9,#9599a9,#d6def0,#9599a9,#bbdff8,#050a18,#050a18,#050a18,#bbdff8,#9599a9,#d6def0,#9599a9,#e3e9f5,#9599a9,#bbdff8,#050a18,#050a18,#050a18,#050a18,#6fa1c1,#557c9d,#6fa1c1,#557c9d,#6fa1c1,#557c9d,#5883a4,#557c9d,#6fa1c1,#557c9d,#4b657c,#4b657c,#4b657c,#4b657c,#4b657c,#4b657c,#5883a4,#557c9d,#5883a4,#557c9d,#4b657c,#4b657c,#4b657c,#4b657c,#4b657c,#4b657c,#4b657c,#557c9d,#8a6418,#e8b830,#8a6418
#fff3a8,#e8b830,#fff3a8,#5883a4,#dff4ff,#557c9d,#dff4ff,#5883a4,#dff4ff,#557c9d,#050a18,#eff2f9,#91a3a1,#050a18,#bbdff8,#9599a9,#9599a9,#d6def0,#9599a9,#bbdff8,#050a18,#050a18,#050a18,#bbdff8,#9599a9,#d6def0,#9599a9,#9599a9,#bbdff8,#050a18,#cbeeff,#5883a4,#cbeeff,#557c9d,#cbeeff,#5883a4,#cbeeff,#557c9d,#cbeeff,#5883a4,#cbeeff,#557c9d,#cbeeff,#5883a4,#cbeeff,#557c9d,#cbeeff,#5883a4,#dff4ff,#557c9d,#cbeeff,#5883a4,#dff4ff,#557c9d,#dff4ff,#5883a4,#dff4ff,#557c9d,#dff4ff,#5883a4,#dff4ff,#8a6418,#e8b830,#8a6418
#fff3a8,#e8b830,#fff3a8,#557c9d,#557c9d,#557c9d,#557c9d,#557c9d,#557c9d,#557c9d,#050a18,#eff2f9,#91a3a1,#050a18,#050a18,#bbdff8,#9599a9,#585866,#d6def0,#e3e9f5,#eff2f9,#bbdff8,#050a18,#050a18,#bbdff8,#9599a9,#9599a9,#9599a9,#585866,#bbdff8,#050a18,#6d9cbc,#557c9d,#557c9d,#557c9d,#6d9cbc,#557c9d,#557c9d,#557c9d,#557c9d,#557c9d,#557c9d,#557c9d,#557c9d,#557c9d,#557c9d,#557c9d,#557c9d,#557c9d,#557c9d,#557c9d,#557c9d,#557c9d,#557c9d,#557c9d,#557c9d,#557c9d,#557c9d,#557c9d,#557c9d,#557c9d,#8a6418,#e8b830,#8a6418
#fff3a8,#e8b830,#fff3a8,#557c9d,#dff4ff,#557c9d,#dff4ff,#557c9d,#dff4ff,#557c9d,#050a18,#ab967f,#91a3a1,#050a18,#dff4ff,#050a18,#bbdff8,#bbdff8,#9599a9,#9599a9,#e3e9f5,#e3e9f5,#eff2f9,#bbdff8,#050a18,#bbdff8,#bbdff8,#585866,#bbdff8,#050a18,#cbeeff,#557c9d,#cbeeff,#557c9d,#cbeeff,#557c9d,#cbeeff,#557c9d,#cbeeff,#557c9d,#cbeeff,#557c9d,#cbeeff,#557c9d,#cbeeff,#557c9d,#dff4ff,#557c9d,#cbeeff,#557c9d,#dff4ff,#557c9d,#dff4ff,#557c9d,#dff4ff,#557c9d,#dff4ff,#557c9d,#dff4ff,#557c9d,#dff4ff,#8a6418,#e8b830,#8a6418
#fff3a8,#e8b830,#fff3a8,#557c9d,#557c9d,#557c9d,#537695,#557c9d,#557c9d,#050a18,#eff2f9,#91a3a1,#050a18,#557c9d,#537695,#557c9d,#050a18,#050a18,#bbdff8,#9599a9,#d6def0,#9599a9,#9599a9,#bbdff8,#050a18,#050a18,#050a18,#bbdff8,#050a18,#6d9cbc,#537695,#557c9d,#557c9d,#6d9cbc,#537695,#557c9d,#557c9d,#557c9d,#537695,#557c9d,#557c9d,#557c9d,#537695,#557c9d,#557c9d,#557c9d,#537695,#557c9d,#557c9d,#557c9d,#537695,#557c9d,#557c9d,#557c9d,#537695,#557c9d,#557c9d,#557c9d,#537695,#557c9d,#557c9d,#8a6418,#e8b830,#8a6418
#fff3a8,#e8b830,#fff3a8,#557c9d,#dff4ff,#557c9d,#dff4ff,#557c9d,#dff4ff,#050a18,#d0c4b8,#91a3a1,#050a18,#557c9d,#dff4ff,#557c9d,#dff4ff,#557c9d,#050a18,#bbdff8,#9599a9,#d6def0,#9599a9,#9599a9,#bbdff8,#050a18,#cbeeff,#050a18,#cbeeff,#557c9d,#70838c,#557c9d,#cbeeff,#557c9d,#cbeeff,#557c9d,#cbeeff,#557c9d,#cbeeff,#557c9d,#dff4ff,#557c9d,#cbeeff,#557c9d,#dff4ff,#557c9d,#dff4ff,#557c9d,#dff4ff,#557c9d,#dff4ff,#557c9d,#dff4ff,#557c9d,#dff4ff,#557c9d,#dff4ff,#557c9d,#dff4ff,#557c9d,#dff4ff,#8a6418,#e8b830,#8a6418
#fff3a8,#e8b830,#fff3a8,#557c9d,#537695,#557c9d,#537695,#557c9d,#537695,#050a18,#d0c4b8,#91a3a1,#050a18,#557c9d,#537695,#2f4456,#537695,#2f4456,#537695,#050a18,#bbdff8,#9599a9,#9599a9,#9599a9,#9599a9,#bbdff8,#050a18,#2f4456,#537695,#2f4456,#537695,#2f4456,#537695,#2f4456,#537695,#2f4456,#537695,#2f4456,#537695,#2f4456,#537695,#2f4456,#537695,#2f4456,#537695,#2f4456,#537695,#557c9d,#537695,#557c9d,#537695,#557c9d,#537695,#557c9d,#537695,#557c9d,#537695,#557c9d,#537695,#557c9d,#537695,#8a6418,#e8b830,#8a6418
#fff3a8,#e8b830,#fff3a8,#537695,#dff4ff,#537695,#dff4ff,#537695,#dff4ff,#050a18,#d0c4b8,#91a3a1,#050a18,#2e4152,#7b868c,#2e4152,#70838c,#2e4152,#7b868c,#2e4152,#050a18,#bbdff8,#585866,#9599a9,#585866,#bbdff8,#050a18,#2e4152,#70838c,#2e4152,#70838c,#2e4152,#70838c,#2e4152,#70838c,#2e4152,#70838c,#2e4152,#7b868c,#2e4152,#70838c,#2e4152,#7b868c,#2e4152,#70838c,#2e4152,#7b868c,#2e4152,#7b868c,#2e4152,#7b868c,#2e4152,#dff4ff,#537695,#dff4ff,#537695,#dff4ff,#537695,#dff4ff,#537695,#dff4ff,#8a6418,#e8b830,#8a6418
#fff3a8,#e8b830,#fff3a8,#8a6418,#537695,#537695,#537695,#537695,#537695,#050a18,#91a3a1,#050a18,#537695,#2e4152,#537695,#2e4152,#537695,#2e4152,#537695,#2e4152,#537695,#050a18,#daeff9,#e3e9f5,#bbdff8,#050a18,#537695,#2e4152,#537695,#4a5272,#537695,#2e4152,#537695,#4a5272,#537695,#2e4152,#537695,#2e4152,#537695,#2e4152,#537695,#2e4152,#537695,#2e4152,#537695,#2e4152,#537695,#2e4152,#537695,#2e4152,#537695,#2e4152,#537695,#537695,#537695,#537695,#537695,#537695,#537695,#537695,#8a6418,#8a6418,#e8b830,#8a6418
#fff3a8,#8a6418,#8a6418,#4fb4ee,#8a6418,#8a6418,#dff4ff,#537695,#dff4ff,#2e4152,#050a18,#9fe0ff,#7b868c,#2e4152,#7b868c,#2e4152,#7b868c,#2e4152,#7b868c,#2e4152,#7b868c,#050a18,#daeff9,#9edaf8,#050a18,#2e4152,#70838c,#4a5272,#7b868c,#2e4152,#70838c,#4a5272,#7b868c,#2e4152,#70838c,#4a5272,#7b868c,#2e4152,#7b868c,#4a5272,#7b868c,#2e4152,#7b868c,#2e4152,#7b868c,#2e4152,#7b868c,#2e4152,#7b868c,#2e4152,#7b868c,#2e4152,#dff4ff,#537695,#dff4ff,#537695,#dff4ff,#537695,#8a6418,#8a6418,#4fb4ee,#8a6418,#8a6418,#8a6418
#fff3a8,#8a6418,#4fb4ee,#4fb4ee,#4fb4ee,#8a6418,#506f8d,#537695,#537695,#537695,#9fe0ff,#ffffff,#9fe0ff,#537695,#506f8d,#2e4152,#537695,#2e4152,#506f8d,#2e4152,#537695,#050a18,#9edaf8,#050a18,#537695,#4a5272,#506f8d,#4a5272,#537695,#2e4152,#506f8d,#2e4152,#537695,#2e4152,#506f8d,#2e4152,#537695,#4a5272,#506f8d,#4a5272,#537695,#4a5272,#506f8d,#2e4152,#537695,#505e7f,#506f8d,#537695,#537695,#6facd0,#506f8d,#537695,#537695,#6facd0,#506f8d,#537695,#537695,#537695,#8a6418,#4fb4ee,#4fb4ee,#4fb4ee,#8a6418,#8a6418
#8a6418,#4fb4ee,#4fb4ee,#ffffff,#4fb4ee,#4fb4ee,#8a6418,#537695,#dff4ff,#537695,#dff4ff,#9fe0ff,#dff4ff,#537695,#dff4ff,#537695,#dff4ff,#537695,#dff4ff,#8695d0,#dff4ff,#050a18,#9edaf8,#050a18,#dff4ff,#537695,#dff4ff,#537695,#cbeeff,#537695,#7b868c,#537695,#cbeeff,#537695,#dff4ff,#537695,#dff4ff,#537695,#dff4ff,#537695,#dff4ff,#537695,#dff4ff,#91abe7,#dff4ff,#537695,#dff4ff,#91abe7,#dff4ff,#6facd0,#dff4ff,#6facd0,#dff4ff,#537695,#dff4ff,#6facd0,#dff4ff,#8a6418,#4fb4ee,#4fb4ee,#ffffff,#4fb4ee,#4fb4ee,#8a6418
#fff3a8,#8a6418,#4fb4ee,#4fb4ee,#4fb4ee,#8a6418,#8a6418,#8a6418,#8a6418,#8a6418,#8a6418,#8a6418,#8a6418,#8a6418,#8a6418,#8a6418,#8a6418,#8a6418,#8a6418,#8a6418,#8a6418,#8a6418,#8a6418,#8a6418,#8a6418,#8a6418,#8a6418,#8a6418,#8a6418,#8a6418,#8a6418,#8a6418,#8a6418,#8a6418,#8a6418,#8a6418,#8a6418,#8a6418,#8a6418,#8a6418,#8a6418,#8a6418,#8a6418,#8a6418,#8a6418,#8a6418,#8a6418,#8a6418,#8a6418,#8a6418,#8a6418,#8a6418,#8a6418,#8a6418,#8a6418,#8a6418,#8a6418,#8a6418,#8a6418,#4fb4ee,#4fb4ee,#4fb4ee,#8a6418,#8a6418
#fff3a8,#8a6418,#8a6418,#4fb4ee,#8a6418,#8a6418,#e8b830,#e8b830,#e8b830,#e8b830,#e8b830,#e8b830,#e8b830,#e8b830,#e8b830,#e8b830,#e8b830,#e8b830,#e8b830,#e8b830,#e8b830,#e8b830,#e8b830,#e8b830,#e8b830,#e8b830,#e8b830,#e8b830,#e8b830,#e8b830,#e8b830,#e8b830,#e8b830,#e8b830,#e8b830,#e8b830,#e8b830,#e8b830,#e8b830,#e8b830,#e8b830,#e8b830,#e8b830,#e8b830,#e8b830,#e8b830,#e8b830,#e8b830,#e8b830,#e8b830,#e8b830,#e8b830,#e8b830,#e8b830,#e8b830,#e8b830,#e8b830,#e8b830,#8a6418,#8a6418,#4fb4ee,#8a6418,#8a6418,#8a6418
#fff3a8,#8a6418,#8a6418,#8a6418,#8a6418,#8a6418,#8a6418,#8a6418,#8a6418,#8a6418,#8a6418,#8a6418,#8a6418,#8a6418,#8a6418,#8a6418,#8a6418,#8a6418,#8a6418,#8a6418,#8a6418,#8a6418,#8a6418,#8a6418,#8a6418,#8a6418,#8a6418,#8a6418,#8a6418,#8a6418,#8a6418,#8a6418,#8a6418,#8a6418,#8a6418,#8a6418,#8a6418,#8a6418,#8a6418,#8a6418,#8a6418,#8a6418,#8a6418,#8a6418,#8a6418,#8a6418,#8a6418,#8a6418,#8a6418,#8a6418,#8a6418,#8a6418,#8a6418,#8a6418,#8a6418,#8a6418,#8a6418,#8a6418,#8a6418,#8a6418,#8a6418,#8a6418,#8a6418,#8a6418
