#ffe066,#b08a2a,#ffe066,#b08a2a,#ffe066,#b08a2a,#ffe066,#b08a2a,#ffe066,#b08a2a,#ffe066,#b08a2a,#ffe066,#b08a2a,#ffe066,#b08a2a,#ffe066,#b08a2a,#ffe066,#b08a2a,#ffe066,#b08a2a,#ffe066,#b08a2a,#ffe066,#b08a2a,#ffe066,#b08a2a,#ffe066,#b08a2a,#ffe066,#b08a2a
#b08a2a,#fff6c8,#141620,#141620,#141620,#141620,#141620,#141620,#141620,#141620,#141620,#4c5060,#4c5060,#141620,#141620,#141620,#141620,#141620,#141620,#141620,#141620,#141620,#141620,#141620,#141620,#141620,#141620,#8a8ea0,#141620,#141620,#fff6c8,#ffe066
#ffe066,#141620,#2e3240,#141620,#141620,#141620,#2e3240,#141620,#141620,#141620,#2e3240,#141620,#141620,#141620,#6c707e,#141620,#141620,#141620,#6c707e,#141620,#141620,#141620,#2e3240,#141620,#141620,#141620,#2e3240,#141620,#141620,#141620,#2e3240,#b08a2a
#b08a2a,#141620,#141620,#141620,#141620,#141620,#141620,#141620,#141620,#141620,#141620,#141620,#141620,#141620,#141620,#07080c,#07080c,#141620,#141620,#141620,#141620,#141620,#141620,#141620,#141620,#141620,#141620,#141620,#141620,#141620,#141620,#ffe066
#ffe066,#141620,#2e3240,#141620,#2e3240,#141620,#2e3240,#4c5060,#808492,#141620,#6c707e,#141620,#6c707e,#141620,#07080c,#e0e4f0,#e0e4f0,#07080c,#6c707e,#141620,#6c707e,#141620,#2e3240,#141620,#6c707e,#141620,#2e3240,#141620,#4c5060,#4c5060,#2e3240,#b08a2a
#b08a2a,#141620,#141620,#141620,#141620,#141620,#8a8ea0,#141620,#141620,#141620,#141620,#141620,#141620,#07080c,#e0e4f0,#e0e4f0,#e0e4f0,#e0e4f0,#07080c,#141620,#141620,#141620,#141620,#141620,#141620,#141620,#141620,#141620,#141620,#141620,#141620,#ffe066
#ffe066,#141620,#2e3240,#141620,#2e3240,#141620,#6c707e,#141620,#6c707e,#141620,#6c707e,#141620,#6c707e,#07080c,#e0e4f0,#e0e4f0,#e0e4f0,#e0e4f0,#07080c,#141620,#6c707e,#141620,#6c707e,#141620,#2e3240,#141620,#2e3240,#141620,#2e3240,#141620,#2e3240,#b08a2a
#b08a2a,#4c5060,#4c5060,#141620,#141620,#141620,#141620,#141620,#141620,#141620,#141620,#5b5e69,#141620,#141620,#07080c,#e0e4f0,#e0e4f0,#07080c,#141620,#5b5e69,#141620,#141620,#141620,#141620,#141620,#141620,#141620,#141620,#141620,#141620,#141620,#ffe066
#ffe066,#141620,#2e3240,#141620,#6c707e,#141620,#6c707e,#141620,#6c707e,#141620,#6c707e,#141620,#6c707e,#141620,#07080c,#edd591,#edd591,#07080c,#6c707e,#141620,#6c707e,#141620,#6c707e,#141620,#6c707e,#141620,#6c707e,#141620,#6c707e,#141620,#2e3240,#b08a2a
#b08a2a,#2e3240,#141620,#141620,#141620,#2e3240,#141620,#141620,#141620,#6c707e,#141620,#5b5e69,#141620,#07080c,#edd591,#edd591,#e0b641,#edd591,#07080c,#5b5e69,#141620,#6c707e,#141620,#141620,#4c5060,#4c5060,#141620,#141620,#141620,#2e3240,#141620,#ffe066
#ffe066,#141620,#2e3240,#141620,#2e3240,#141620,#6c707e,#141620,#6c707e,#141620,#6c707e,#141620,#6c707e,#07080c,#edd591,#e0b641,#e0b641,#a08133,#07080c,#5b5e69,#6c707e,#141620,#6c707e,#141620,#6c707e,#141620,#6c707e,#07080c,#2e3240,#141620,#2e3240,#b08a2a
#b08a2a,#141620,#141620,#2e3240,#07080c,#141620,#141620,#6c707e,#141620,#5b5e69,#141620,#6c707e,#07080c,#edd591,#edd591,#e0b641,#e0b641,#e0b641,#edd591,#07080c,#141620,#5b5e69,#141620,#6c707e,#141620,#141620,#07080c,#edd591,#07080c,#141620,#141620,#ffe066
#ffe066,#141620,#2e3240,#07080c,#edd591,#07080c,#6c707e,#141620,#6c707e,#5b5e69,#6c707e,#07080c,#edd591,#edd591,#e0b641,#e0b641,#e0b641,#e0b641,#e0b641,#edd591,#07080c,#5b5e69,#6c707e,#141620,#6c707e,#07080c,#edd591,#edd591,#07080c,#141620,#2e3240,#b08a2a
#b08a2a,#2e3240,#141620,#07080c,#edd591,#edd591,#07080c,#6c707e,#141620,#6c707e,#141620,#07080c,#edd591,#e0b641,#e0b641,#e0b641,#e0b641,#e0b641,#e0b641,#a08133,#07080c,#6c707e,#141620,#6c707e,#07080c,#edd591,#edd591,#a08133,#07080c,#2e3240,#141620,#ffe066
#ffe066,#141620,#6c707e,#07080c,#edd591,#e0b641,#edd591,#07080c,#6c707e,#141620,#07080c,#edd591,#edd591,#e0b641,#e0b641,#e0b641,#e0b641,#e0b641,#e0b641,#e0b641,#edd591,#07080c,#6c707e,#07080c,#edd591,#edd591,#e0b641,#a08133,#07080c,#141620,#2e3240,#b08a2a
#b08a2a,#2e3240,#141620,#07080c,#edd591,#e0b641,#e0b641,#edd591,#07080c,#6c707e,#07080c,#edd591,#e0b641,#e0b641,#e0b641,#e0b641,#e0b641,#e0b641,#e0b641,#e0b641,#a08133,#07080c,#07080c,#edd591,#edd591,#e0b641,#e0b641,#a08133,#07080c,#2e3240,#141620,#ffe066
#ffe066,#2e3240,#2e3240,#07080c,#edd591,#e0b641,#e0b641,#e0b641,#edd591,#07080c,#edd591,#edd591,#e0b641,#e0b641,#e0b641,#e0b641,#e0b641,#e0b641,#e0b641,#e0b641,#e0b641,#edd591,#edd591,#edd591,#e0b641,#e0b641,#e0b641,#a08133,#07080c,#2e3240,#2e3240,#b08a2a
#b08a2a,#2e3240,#141620,#07080c,#edd591,#e0b641,#e0b641,#e0b641,#e0b641,#edd591,#edd591,#e0b641,#e0b641,#e0b641,#e0b641,#e0b641,#e0b641,#e0b641,#e0b641,#e0b641,#e0b641,#e0b641,#e0b641,#e0b641,#e0b641,#e0b641,#e0b641,#a08133,#07080c,#2e3240,#141620,#ffe066
#ffe066,#141620,#6c707e,#07080c,#edd591,#e0b641,#e0b641,#e0b641,#5b4924,#a08133,#e0b641,#e0b641,#e0b641,#e0b641,#e0b641,#5b4924,#a08133,#e0b641,#e0b641,#e0b641,#e0b641,#e0b641,#5b4924,#a08133,#e0b641,#e0b641,#e0b641,#a08133,#07080c,#141620,#2e3240,#b08a2a
#b08a2a,#2e3240,#141620,#07080c,#edd591,#e0b641,#e0b641,#5b4924,#d98c96,#d98c96,#a08133,#e0b641,#e0b641,#e0b641,#5b4924,#a4aabe,#a4aabe,#a08133,#e0b641,#e0b641,#e0b641,#5b4924,#cde5f3,#cde5f3,#a08133,#e0b641,#e0b641,#a08133,#07080c,#2e3240,#141620,#ffe066
#ffe066,#2e3240,#2e3240,#07080c,#edd591,#e0b641,#a08133,#d98c96,#d98c96,#bd394a,#d98c96,#e0b641,#e0b641,#a08133,#a4aabe,#a4aabe,#a4aabe,#a4aabe,#e0b641,#e0b641,#a08133,#cde5f3,#cde5f3,#a8d2ea,#cde5f3,#e0b641,#e0b641,#a08133,#07080c,#2e3240,#2e3240,#b08a2a
#b08a2a,#2e3240,#141620,#07080c,#edd591,#e0b641,#a08133,#d98c96,#bd394a,#bd394a,#4e1927,#edd591,#e0b641,#a08133,#a4aabe,#a4aabe,#a4aabe,#a4aabe,#edd591,#e0b641,#a08133,#cde5f3,#a8d2ea,#a8d2ea,#465464,#edd591,#e0b641,#a08133,#07080c,#2e3240,#141620,#ffe066
#ffe066,#2e3240,#8a8ea0,#07080c,#edd591,#e0b641,#e0b641,#edd591,#4e1927,#4e1927,#edd591,#edd591,#e0b641,#e0b641,#edd591,#a4aabe,#a4aabe,#edd591,#edd591,#e0b641,#e0b641,#edd591,#465464,#465464,#edd591,#edd591,#e0b641,#a08133,#07080c,#2e3240,#2e3240,#b08a2a
#b08a2a,#2e3240,#141620,#07080c,#edd591,#e0b641,#e0b641,#e0b641,#edd591,#edd591,#edd591,#e0b641,#e0b641,#e0b641,#e0b641,#edd591,#edd591,#edd591,#e0b641,#e0b641,#e0b641,#e0b641,#edd591,#edd591,#edd591,#e0b641,#e0b641,#a08133,#07080c,#2e3240,#141620,#ffe066
#ffe066,#2e3240,#2e3240,#07080c,#edd591,#e0b641,#e0b641,#e0b641,#e0b641,#e0b641,#e0b641,#e0b641,#e0b641,#e0b641,#e0b641,#e0b641,#e0b641,#e0b641,#e0b641,#e0b641,#e0b641,#e0b641,#e0b641,#e0b641,#e0b641,#e0b641,#e0b641,#e0b641,#edd591,#07080c,#2e3240,#b08a2a
#b08a2a,#2e3240,#141620,#07080c,#edd591,#e0b641,#e0b641,#e0b641,#e0b641,#e0b641,#e0b641,#e0b641,#e0b641,#e0b641,#e0b641,#e0b641,#e0b641,#e0b641,#e0b641,#e0b641,#e0b641,#e0b641,#e0b641,#e0b641,#e0b641,#e0b641,#e0b641,#e0b641,#a08133,#07080c,#141620,#ffe066
#ffe066,#8a8ea0,#3a3c46,#07080c,#edd591,#e0b641,#e0b641,#e0b641,#e0b641,#e0b641,#e0b641,#e0b641,#e0b641,#e0b641,#e0b641,#e0b641,#e0b641,#e0b641,#e0b641,#e0b641,#e0b641,#e0b641,#e0b641,#e0b641,#e0b641,#e0b641,#e0b641,#e0b641,#a08133,#07080c,#3a3c46,#b08a2a
#b08a2a,#3a3c46,#3a3c46,#07080c,#edd591,#5b4924,#5b4924,#5b4924,#5b4924,#5b4924,#5b4924,#5b4924,#5b4924,#5b4924,#5b4924,#5b4924,#5b4924,#5b4924,#5b4924,#5b4924,#5b4924,#5b4924,#5b4924,#5b4924,#5b4924,#5b4924,#5b4924,#5b4924,#5b4924,#07080c,#3a3c46,#ffe066
#ffe066,#3a3c46,#3a3c46,#3a3c46,#07080c,#07080c,#07080c,#07080c,#07080c,#07080c,#07080c,#07080c,#07080c,#07080c,#07080c,#07080c,#07080c,#07080c,#07080c,#07080c,#07080c,#07080c,#07080c,#07080c,#07080c,#07080c,#07080c,#07080c,#07080c,#3a3c46,#3a3c46,#b08a2a
#b08a2a,#3a3c46,#3a3c46,#3a3c46,#3a3c46,#3a3c46,#3a3c46,#3a3c46,#3a3c46,#5a5c68,#3a3c46,#3a3c46,#3a3c46,#3a3c46,#3a3c46,#3a3c46,#3a3c46,#3a3c46,#3a3c46,#3a3c46,#3a3c46,#3a3c46,#5a5c68,#3a3c46,#3a3c46,#3a3c46,#3a3c46,#3a3c46,#3a3c46,#3a3c46,#3a3c46,#ffe066
#ffe066,#fff6c8,#3a3c46,#3a3c46,#3a3c46,#3a3c46,#3a3c46,#3a3c46,#3a3c46,#3a3c46,#3a3c46,#3a3c46,#5a5c68,#3a3c46,#3a3c46,#3a3c46,#3a3c46,#3a3c46,#3a3c46,#3a3c46,#3a3c46,#3a3c46,#3a3c46,#3a3c46,#3a3c46,#5a5c68,#3a3c46,#3a3c46,#3a3c46,#3a3c46,#fff6c8,#b08a2a
#b08a2a,#ffe066,#b08a2a,#ffe066,#b08a2a,#ffe066,#b08a2a,#ffe066,#b08a2a,#ffe066,#b08a2a,#ffe066,#b08a2a,#ffe066,#b08a2a,#ffe066,#b08a2a,#ffe066,#b08a2a,#ffe066,#b08a2a,#ffe066,#b08a2a,#ffe066,#b08a2a,#ffe066,#b08a2a,#ffe066,#b08a2a,#ffe066,#b08a2a,#ffe066
