#2c2d30,#2c2d30,#2c2d30,#2c2d30,#2c2d30,#2c2d30,#2c2d30,#2c2d30,#2c2d30,#2c2d30,#2c2d30,#2c2d30,#2c2d30,#2c2d30,#2c2d30,#2c2d30,#2c2d30,#2c2d30,#2c2d30,#2c2d30,#2c2d30,#2c2d30,#2c2d30,#2c2d30,#2c2d30,#2c2d30,#2c2d30,#2c2d30,#2c2d30,#2c2d30,#2c2d30,#2c2d30,#2c2d30,#2c2d30,#2c2d30,#2c2d30,#2c2d30,#2c2d30,#2c2d30,#2c2d30,#2c2d30,#2c2d30,#2c2d30,#2c2d30,#2c2d30,#2c2d30,#2c2d30,#2c2d30,#2c2d30,#2c2d30,#2c2d30,#2c2d30,#2c2d30,#2c2d30,#2c2d30,#2c2d30,#2c2d30,#2c2d30,#2c2d30,#2c2d30,#2c2d30,#2c2d30,#2c2d30,#2c2d30
#2c2d30,#141620,#141620,#141620,#141620,#141620,#141620,#141620,#141620,#141620,#ffffff,#141620,#141620,#141620,#141620,#141620,#141620,#141620,#141620,#141620,#141620,#141620,#141620,#141620,#141620,#141620,#141620,#141620,#141620,#141620,#141620,#141620,#141620,#141620,#141620,#141620,#141620,#141620,#141620,#141620,#141620,#141620,#141620,#141620,#141620,#141620,#141620,#141620,#141620,#141620,#141620,#141620,#141620,#141620,#141620,#141620,#141620,#141620,#141620,#141620,#141620,#141620,#141620,#07080c
#2c2d30,#141620,#1b1d28,#141620,#141620,#141620,#1b1d28,#141620,#141620,#141620,#1b1d28,#141620,#141620,#141620,#1b1d28,#141620,#141620,#141620,#1b1d28,#141620,#141620,#141620,#1b1d28,#141620,#141620,#141620,#1b1d28,#141620,#141620,#141620,#1b1d28,#141620,#141620,#141620,#1b1d28,#141620,#141620,#141620,#1b1d28,#141620,#141620,#141620,#1b1d28,#141620,#141620,#141620,#1b1d28,#141620,#141620,#141620,#1b1d28,#141620,#141620,#141620,#1b1d28,#141620,#141620,#141620,#1b1d28,#141620,#141620,#141620,#1b1d28,#07080c
#2c2d30,#141620,#141620,#141620,#141620,#141620,#141620,#141620,#141620,#141620,#141620,#141620,#141620,#141620,#141620,#141620,#141620,#141620,#141620,#141620,#141620,#07080c,#141620,#141620,#141620,#141620,#141620,#141620,#141620,#141620,#141620,#ffffff,#141620,#141620,#141620,#141620,#141620,#141620,#141620,#141620,#141620,#141620,#141620,#07080c,#141620,#141620,#141620,#141620,#141620,#141620,#141620,#141620,#141620,#141620,#141620,#141620,#141620,#141620,#141620,#141620,#141620,#141620,#141620,#07080c
#2c2d30,#141620,#ffffff,#dff4ff,#1b1d28,#141620,#1b1d28,#141620,#1b1d28,#141620,#1b1d28,#141620,#1b1d28,#141620,#1b1d28,#141620,#1b1d28,#141620,#1b1d28,#141620,#07080c,#e0e1ed,#07080c,#141620,#1b1d28,#141620,#1b1d28,#141620,#1b1d28,#141620,#1b1d28,#141620,#1b1d28,#141620,#1b1d28,#141620,#1b1d28,#141620,#1b1d28,#141620,#1b1d28,#141620,#07080c,#e0e1ed,#07080c,#141620,#1b1d28,#141620,#1b1d28,#141620,#1b1d28,#141620,#1b1d28,#141620,#1b1d28,#141620,#1b1d28,#141620,#1b1d28,#141620,#1b1d28,#141620,#1b1d28,#07080c
#2c2d30,#1b1d28,#dff4ff,#1b1d28,#141620,#1b1d28,#141620,#1b1d28,#141620,#1b1d28,#141620,#1b1d28,#141620,#1b1d28,#141620,#1b1d28,#141620,#1b1d28,#141620,#1b1d28,#07080c,#f3f2f7,#e0e1ed,#07080c,#141620,#1b1d28,#141620,#1b1d28,#141620,#1b1d28,#141620,#1b1d28,#141620,#1b1d28,#141620,#1b1d28,#141620,#1b1d28,#141620,#1b1d28,#141620,#07080c,#f3f2f7,#e0e1ed,#07080c,#1b1d28,#141620,#1b1d28,#141620,#1b1d28,#141620,#1b1d28,#141620,#1b1d28,#141620,#1b1d28,#141620,#1b1d28,#141620,#1b1d28,#141620,#1b1d28,#141620,#07080c
#2c2d30,#141620,#1b1d28,#141620,#1b1d28,#141620,#1b1d28,#141620,#1b1d28,#141620,#1b1d28,#141620,#1b1d28,#141620,#1b1d28,#141620,#1b1d28,#141620,#1b1d28,#141620,#07080c,#f3f2f7,#9c98a5,#e0e1ed,#07080c,#141620,#1b1d28,#141620,#1b1d28,#141620,#1b1d28,#141620,#1b1d28,#141620,#1b1d28,#141620,#1b1d28,#141620,#1b1d28,#141620,#07080c,#f3f2f7,#eae8f1,#e0e1ed,#07080c,#141620,#1b1d28,#141620,#1b1d28,#141620,#1b1d28,#141620,#1b1d28,#141620,#1b1d28,#141620,#1b1d28,#141620,#1b1d28,#141620,#1b1d28,#141620,#1b1d28,#07080c
#2c2d30,#1b1d28,#141620,#1b1d28,#141620,#1b1d28,#141620,#1b1d28,#141620,#1b1d28,#141620,#1b1d28,#141620,#1b1d28,#141620,#1b1d28,#141620,#1b1d28,#141620,#1b1d28,#07080c,#f3f2f7,#9c98a5,#e0e1ed,#07080c,#1b1d28,#141620,#1b1d28,#141620,#1b1d28,#141620,#1b1d28,#141620,#1b1d28,#141620,#1b1d28,#141620,#1b1d28,#141620,#1b1d28,#07080c,#f3f2f7,#9c98a5,#e0e1ed,#07080c,#1b1d28,#141620,#1b1d28,#141620,#1b1d28,#141620,#1b1d28,#141620,#1b1d28,#141620,#1b1d28,#141620,#1b1d28,#141620,#1b1d28,#141620,#1b1d28,#141620,#07080c
#2c2d30,#1b1d28,#1b1d28,#1b1d28,#1b1d28,#1b1d28,#1b1d28,#1b1d28,#1b1d28,#1b1d28,#1b1d28,#1b1d28,#1b1d28,#1b1d28,#1b1d28,#1b1d28,#1b1d28,#1b1d28,#1b1d28,#1b1d28,#07080c,#f3f2f7,#eae8f1,#9c98a5,#e0e1ed,#07080c,#1b1d28,#1b1d28,#1b1d28,#1b1d28,#1b1d28,#1b1d28,#1b1d28,#1b1d28,#1b1d28,#1b1d28,#1b1d28,#1b1d28,#1b1d28,#07080c,#f3f2f7,#eae8f1,#9c98a5,#e0e1ed,#07080c,#1b1d28,#1b1d28,#1b1d28,#1b1d28,#1b1d28,#1b1d28,#1b1d28,#1b1d28,#1b1d28,#1b1d28,#1b1d28,#1b1d28,#1b1d28,#1b1d28,#1b1d28,#1b1d28,#1b1d28,#1b1d28,#07080c
#2c2d30,#1b1d28,#141620,#1b1d28,#141620,#1b1d28,#141620,#1b1d28,#141620,#1b1d28,#141620,#1b1d28,#141620,#1b1d28,#141620,#1b1d28,#141620,#1b1d28,#141620,#1b1d28,#07080c,#f3f2f7,#eae8f1,#9c98a5,#9c98a5,#e0e1ed,#07080c,#1b1d28,#141620,#1b1d28,#141620,#1b1d28,#141620,#1b1d28,#141620,#1b1d28,#141620,#1b1d28,#07080c,#f3f2f7,#eae8f1,#eae8f1,#9c98a5,#e0e1ed,#07080c,#1b1d28,#141620,#1b1d28,#141620,#1b1d28,#141620,#1b1d28,#141620,#1b1d28,#141620,#1b1d28,#141620,#1b1d28,#141620,#1b1d28,#141620,#1b1d28,#141620,#07080c
#2c2d30,#1b1d28,#1b1d28,#1b1d28,#1b1d28,#1b1d28,#1b1d28,#1b1d28,#1b1d28,#1b1d28,#1b1d28,#1b1d28,#1b1d28,#1b1d28,#1b1d28,#1b1d28,#1b1d28,#1b1d28,#1b1d28,#1b1d28,#07080c,#f3f2f7,#eae8f1,#9c98a5,#9c98a5,#e0e1ed,#07080c,#1b1d28,#1b1d28,#1b1d28,#1b1d28,#1b1d28,#1b1d28,#1b1d28,#1b1d28,#1b1d28,#1b1d28,#07080c,#f3f2f7,#eae8f1,#eae8f1,#5b5864,#9c98a5,#e0e1ed,#07080c,#1b1d28,#1b1d28,#1b1d28,#1b1d28,#1b1d28,#1b1d28,#1b1d28,#1b1d28,#1b1d28,#1b1d28,#1b1d28,#1b1d28,#1b1d28,#1b1d28,#1b1d28,#1b1d28,#1b1d28,#1b1d28,#07080c
#2c2d30,#1b1d28,#1b1d28,#1b1d28,#141620,#1b1d28,#1b1d28,#1b1d28,#141620,#1b1d28,#1b1d28,#1b1d28,#141620,#1b1d28,#1b1d28,#1b1d28,#141620,#1b1d28,#1b1d28,#1b1d28,#07080c,#e0e1ed,#eae8f1,#9c98a5,#e0ddea,#9c98a5,#e0e1ed,#07080c,#141620,#1b1d28,#07080c,#07080c,#07080c,#07080c,#07080c,#1b1d28,#141620,#07080c,#f3f2f7,#eae8f1,#eae8f1,#9c98a5,#5b5864,#e0e1ed,#07080c,#1b1d28,#1b1d28,#1b1d28,#141620,#1b1d28,#1b1d28,#1b1d28,#141620,#1b1d28,#1b1d28,#1b1d28,#141620,#1b1d28,#1b1d28,#1b1d28,#141620,#1b1d28,#1b1d28,#07080c
#2c2d30,#1b1d28,#1b1d28,#1b1d28,#1b1d28,#1b1d28,#1b1d28,#1b1d28,#1b1d28,#1b1d28,#1b1d28,#1b1d28,#1b1d28,#1b1d28,#1b1d28,#1b1d28,#1b1d28,#1b1d28,#1b1d28,#1b1d28,#1b1d28,#07080c,#f3f2f7,#9c98a5,#9c98a5,#e0ddea,#9c98a5,#e0e1ed,#07080c,#07080c,#f3f2f7,#f3f2f7,#f3f2f7,#f3f2f7,#e0e1ed,#07080c,#07080c,#f3f2f7,#eae8f1,#9c98a5,#9c98a5,#9c98a5,#e0e1ed,#07080c,#1b1d28,#1b1d28,#1b1d28,#1b1d28,#1b1d28,#1b1d28,#1b1d28,#1b1d28,#1b1d28,#1b1d28,#1b1d28,#1b1d28,#1b1d28,#1b1d28,#1b1d28,#1b1d28,#1b1d28,#1b1d28,#1b1d28,#07080c
#2c2d30,#1b1d28,#1b1d28,#1b1d28,#1b1d28,#1b1d28,#1b1d28,#1b1d28,#1b1d28,#1b1d28,#1b1d28,#1b1d28,#1b1d28,#1b1d28,#1b1d28,#1b1d28,#1b1d28,#1b1d28,#1b1d28,#1b1d28,#1b1d28,#07080c,#f3f2f7,#e0e1ed,#e0e1ed,#eae8f1,#e0ddea,#eae8f1,#f3f2f7,#f3f2f7,#eae8f1,#eae8f1,#eae8f1,#eae8f1,#eae8f1,#f3f2f7,#eae8f1,#eae8f1,#eae8f1,#5b5864,#e0e1ed,#e0e1ed,#e0e1ed,#07080c,#1b1d28,#1b1d28,#1b1d28,#1b1d28,#1b1d28,#1b1d28,#1b1d28,#1b1d28,#1b1d28,#1b1d28,#1b1d28,#1b1d28,#1b1d28,#1b1d28,#1b1d28,#1b1d28,#1b1d28,#1b1d28,#1b1d28,#07080c
#2c2d30,#1b1d28,#212430,#1b1d28,#1b1d28,#1b1d28,#212430,#1b1d28,#1b1d28,#1b1d28,#212430,#1b1d28,#1b1d28,#1b1d28,#212430,#1b1d28,#1b1d28,#1b1d28,#212430,#1b1d28,#ffffff,#07080c,#e0e1ed,#07080c,#07080c,#f3f2f7,#eae8f1,#9c98a5,#eae8f1,#eae8f1,#eae8f1,#eae8f1,#eae8f1,#e0ddea,#eae8f1,#eae8f1,#eae8f1,#eae8f1,#9c98a5,#e0e1ed,#07080c,#07080c,#e0e1ed,#07080c,#1b1d28,#1b1d28,#212430,#1b1d28,#1b1d28,#1b1d28,#212430,#1b1d28,#1b1d28,#1b1d28,#212430,#1b1d28,#1b1d28,#1b1d28,#212430,#1b1d28,#1b1d28,#1b1d28,#212430,#07080c
#2c2d30,#1b1d28,#1b1d28,#1b1d28,#1b1d28,#1b1d28,#1b1d28,#1b1d28,#1b1d28,#1b1d28,#1b1d28,#1b1d28,#1b1d28,#1b1d28,#1b1d28,#1b1d28,#1b1d28,#1b1d28,#1b1d28,#1b1d28,#1b1d28,#1b1d28,#07080c,#07080c,#f3f2f7,#eae8f1,#e0ddea,#eae8f1,#e0ddea,#e0ddea,#e0ddea,#eae8f1,#e0ddea,#e0ddea,#e0ddea,#eae8f1,#e0ddea,#9c98a5,#e0ddea,#9c98a5,#e0e1ed,#07080c,#07080c,#1b1d28,#1b1d28,#1b1d28,#1b1d28,#1b1d28,#1b1d28,#1b1d28,#1b1d28,#1b1d28,#1b1d28,#1b1d28,#1b1d28,#1b1d28,#1b1d28,#1b1d28,#1b1d28,#1b1d28,#1b1d28,#1b1d28,#1b1d28,#07080c
#2c2d30,#1b1d28,#212430,#1b1d28,#212430,#1b1d28,#212430,#1b1d28,#212430,#1b1d28,#212430,#1b1d28,#212430,#1b1d28,#212430,#1b1d28,#212430,#1b1d28,#212430,#1b1d28,#212430,#1b1d28,#07080c,#f3f2f7,#eae8f1,#eae8f1,#eae8f1,#e0ddea,#eae8f1,#e0ddea,#e0ddea,#e0ddea,#eae8f1,#e0ddea,#e0ddea,#e0ddea,#eae8f1,#e0ddea,#9c98a5,#e0ddea,#9c98a5,#e0e1ed,#07080c,#1b1d28,#212430,#1b1d28,#212430,#1b1d28,#212430,#1b1d28,#212430,#1b1d28,#212430,#1b1d28,#212430,#1b1d28,#212430,#1b1d28,#212430,#1b1d28,#212430,#1b1d28,#212430,#07080c
#2c2d30,#212430,#1b1d28,#1b1d28,#1b1d28,#212430,#1b1d28,#1b1d28,#1b1d28,#212430,#1b1d28,#1b1d28,#1b1d28,#212430,#1b1d28,#1b1d28,#1b1d28,#212430,#1b1d28,#1b1d28,#1b1d28,#07080c,#f3f2f7,#eae8f1,#eae8f1,#eae8f1,#e0ddea,#9c98a5,#e0ddea,#e0ddea,#e0ddea,#e0ddea,#e0ddea,#e0ddea,#e0ddea,#9c98a5,#e0ddea,#e0ddea,#e0ddea,#9c98a5,#e0ddea,#9c98a5,#e0e1ed,#07080c,#1b1d28,#212430,#1b1d28,#1b1d28,#1b1d28,#212430,#1b1d28,#1b1d28,#1b1d28,#212430,#1b1d28,#1b1d28,#1b1d28,#212430,#1b1d28,#1b1d28,#1b1d28,#212430,#1b1d28,#07080c
#2c2d30,#1b1d28,#212430,#1b1d28,#212430,#1b1d28,#212430,#1b1d28,#212430,#1b1d28,#212430,#1b1d28,#212430,#1b1d28,#212430,#1b1d28,#212430,#1b1d28,#212430,#1b1d28,#212430,#07080c,#f3f2f7,#eae8f1,#eae8f1,#e0ddea,#eae8f1,#e0ddea,#9c98a5,#e0ddea,#e0ddea,#e0ddea,#e0ddea,#e0ddea,#9c98a5,#e0ddea,#9c98a5,#e0ddea,#9c98a5,#e0ddea,#9c98a5,#9c98a5,#e0e1ed,#07080c,#212430,#1b1d28,#212430,#1b1d28,#212430,#1b1d28,#212430,#1b1d28,#212430,#1b1d28,#212430,#1b1d28,#212430,#1b1d28,#212430,#1b1d28,#212430,#1b1d28,#212430,#07080c
#2c2d30,#212430,#1b1d28,#212430,#1b1d28,#212430,#1b1d28,#212430,#1b1d28,#212430,#1b1d28,#212430,#1b1d28,#212430,#1b1d28,#212430,#1b1d28,#212430,#1b1d28,#212430,#1b1d28,#07080c,#f3f2f7,#eae8f1,#e0ddea,#9c98a5,#9c98a5,#9c98a5,#9c98a5,#e0ddea,#e0ddea,#9c98a5,#e0ddea,#e0ddea,#e0ddea,#9c98a5,#9c98a5,#9c98a5,#9c98a5,#9c98a5,#e0ddea,#9c98a5,#e0e1ed,#07080c,#1b1d28,#212430,#1b1d28,#212430,#1b1d28,#212430,#1b1d28,#212430,#1b1d28,#212430,#1b1d28,#212430,#1b1d28,#212430,#1b1d28,#212430,#1b1d28,#212430,#1b1d28,#07080c
#2c2d30,#212430,#212430,#1b1d28,#212430,#07080c,#212430,#1b1d28,#212430,#212430,#212430,#1b1d28,#212430,#212430,#212430,#1b1d28,#212430,#212430,#212430,#1b1d28,#212430,#07080c,#f3f2f7,#eae8f1,#9c98a5,#9c98a5,#5b5864,#5b5864,#5b5864,#e0ddea,#e0ddea,#e0ddea,#e0ddea,#e0ddea,#9c98a5,#e0ddea,#9c98a5,#5b5864,#5b5864,#5b5864,#9c98a5,#9c98a5,#e0e1ed,#07080c,#212430,#212430,#212430,#1b1d28,#212430,#212430,#212430,#1b1d28,#212430,#212430,#212430,#1b1d28,#212430,#212430,#212430,#07080c,#212430,#212430,#212430,#07080c
#2c2d30,#212430,#1b1d28,#212430,#07080c,#e0e1ed,#07080c,#212430,#1b1d28,#212430,#1b1d28,#212430,#1b1d28,#212430,#1b1d28,#212430,#1b1d28,#212430,#1b1d28,#212430,#1b1d28,#07080c,#eae8f1,#eae8f1,#e0ddea,#9c98a5,#5b5864,#ffffff,#ffffff,#eae8f1,#eae8f1,#e0ddea,#e0ddea,#e0ddea,#e0ddea,#9c98a5,#9c98a5,#5b5864,#ffffff,#ffffff,#eae8f1,#9c98a5,#e0e1ed,#07080c,#1b1d28,#212430,#1b1d28,#212430,#1b1d28,#212430,#1b1d28,#212430,#1b1d28,#212430,#1b1d28,#212430,#1b1d28,#07080c,#07080c,#e0e1ed,#07080c,#212430,#1b1d28,#07080c
#2c2d30,#212430,#212430,#212430,#07080c,#eae8f1,#e0e1ed,#07080c,#07080c,#212430,#212430,#212430,#212430,#212430,#212430,#212430,#212430,#212430,#212430,#212430,#212430,#07080c,#f3f2f7,#eae8f1,#9c98a5,#9c98a5,#5b5864,#ffffff,#ffffff,#eae8f1,#eae8f1,#e0ddea,#eae8f1,#e0ddea,#9c98a5,#e0ddea,#9c98a5,#5b5864,#ffffff,#ffffff,#eae8f1,#9c98a5,#e0e1ed,#07080c,#212430,#212430,#212430,#212430,#212430,#212430,#212430,#212430,#212430,#212430,#212430,#3a3e4d,#07080c,#f3f2f7,#f3f2f7,#e0e1ed,#07080c,#3a3e4d,#3a3e4d,#07080c
#2c2d30,#212430,#212430,#212430,#07080c,#e0e1ed,#eae8f1,#f3f2f7,#e0e1ed,#07080c,#07080c,#212430,#1b1d28,#212430,#212430,#212430,#1b1d28,#212430,#212430,#212430,#1b1d28,#07080c,#f3f2f7,#eae8f1,#e0ddea,#9c98a5,#5b5864,#827e8c,#827e8c,#eae8f1,#eae8f1,#eae8f1,#e0ddea,#e0ddea,#e0ddea,#9c98a5,#9c98a5,#5b5864,#827e8c,#827e8c,#eae8f1,#9c98a5,#e0e1ed,#07080c,#1b1d28,#212430,#212430,#212430,#1b1d28,#212430,#212430,#212430,#1b1d28,#212430,#07080c,#07080c,#f3f2f7,#eae8f1,#e0e1ed,#07080c,#3a3e4d,#3a3e4d,#3a3e4d,#07080c
#2c2d30,#212430,#212430,#212430,#212430,#07080c,#f3f2f7,#eae8f1,#eae8f1,#f3f2f7,#e0e1ed,#07080c,#07080c,#212430,#212430,#212430,#212430,#212430,#212430,#212430,#212430,#07080c,#f3f2f7,#eae8f1,#9c98a5,#9c98a5,#5b5864,#827e8c,#211d2c,#e0ddea,#eae8f1,#e0ddea,#9c98a5,#e0ddea,#9c98a5,#e0ddea,#9c98a5,#5b5864,#827e8c,#211d2c,#eae8f1,#9c98a5,#e0e1ed,#07080c,#212430,#212430,#212430,#212430,#212430,#212430,#212430,#212430,#07080c,#07080c,#f3f2f7,#f3f2f7,#eae8f1,#9c98a5,#e0e1ed,#07080c,#484c5c,#484c5c,#212430,#07080c
#2c2d30,#212430,#212430,#212430,#212430,#07080c,#f3f2f7,#eae8f1,#9c98a5,#eae8f1,#eae8f1,#f3f2f7,#e0e1ed,#07080c,#07080c,#3a3e4d,#212430,#212430,#212430,#212430,#212430,#07080c,#f3f2f7,#eae8f1,#e0ddea,#9c98a5,#e0ddea,#eae8f1,#eae8f1,#eae8f1,#eae8f1,#9c98a5,#e0ddea,#9c98a5,#e0ddea,#9c98a5,#e0ddea,#9c98a5,#eae8f1,#eae8f1,#eae8f1,#9c98a5,#e0e1ed,#07080c,#212430,#212430,#212430,#212430,#212430,#212430,#07080c,#07080c,#f3f2f7,#f3f2f7,#eae8f1,#eae8f1,#9c98a5,#9c98a5,#e0e1ed,#07080c,#484c5c,#484c5c,#212430,#07080c
#2c2d30,#212430,#282b38,#212430,#212430,#07080c,#f3f2f7,#eae8f1,#eae8f1,#e0ddea,#eae8f1,#eae8f1,#eae8f1,#f3f2f7,#e0e1ed,#07080c,#212430,#212430,#282b38,#212430,#212430,#07080c,#f3f2f7,#eae8f1,#9c98a5,#e0ddea,#9c98a5,#9c98a5,#9c98a5,#9c98a5,#9c98a5,#9c98a5,#9c98a5,#9c98a5,#9c98a5,#9c98a5,#9c98a5,#9c98a5,#eae8f1,#eae8f1,#9c98a5,#9c98a5,#e0e1ed,#07080c,#212430,#212430,#282b38,#212430,#07080c,#07080c,#f3f2f7,#f3f2f7,#eae8f1,#eae8f1,#eae8f1,#eae8f1,#9c98a5,#5b5864,#e0e1ed,#07080c,#0d0e15,#0d0e15,#282b38,#07080c
#2c2d30,#212430,#212430,#212430,#212430,#07080c,#e0e1ed,#eae8f1,#e0ddea,#e0ddea,#e0ddea,#eae8f1,#e0ddea,#eae8f1,#9c98a5,#e0e1ed,#07080c,#07080c,#212430,#212430,#212430,#07080c,#e0e1ed,#9c98a5,#e0ddea,#e0ddea,#e0ddea,#9c98a5,#5b5864,#5b5864,#5b5864,#5b5864,#5b5864,#5b5864,#5b5864,#5b5864,#5b5864,#5b5864,#e0ddea,#5b5864,#9c98a5,#5b5864,#e0e1ed,#07080c,#212430,#212430,#212430,#07080c,#f3f2f7,#f3f2f7,#eae8f1,#eae8f1,#eae8f1,#eae8f1,#e0ddea,#9c98a5,#9c98a5,#e0e1ed,#07080c,#484c5c,#484c5c,#484c5c,#212430,#07080c
#2c2d30,#212430,#282b38,#212430,#282b38,#212430,#07080c,#f3f2f7,#eae8f1,#e0ddea,#eae8f1,#e0ddea,#eae8f1,#e0ddea,#9c98a5,#eae8f1,#f3f2f7,#e0e1ed,#07080c,#07080c,#282b38,#212430,#07080c,#e0e1ed,#9c98a5,#9c98a5,#9c98a5,#9c98a5,#5b5864,#827e8c,#827e8c,#827e8c,#474256,#474256,#827e8c,#827e8c,#827e8c,#827e8c,#eae8f1,#9c98a5,#5b5864,#e0e1ed,#07080c,#212430,#282b38,#07080c,#07080c,#f3f2f7,#eae8f1,#eae8f1,#eae8f1,#eae8f1,#eae8f1,#e0ddea,#9c98a5,#e0ddea,#9c98a5,#e0e1ed,#07080c,#484c5c,#484c5c,#484c5c,#282b38,#07080c
#2c2d30,#282b38,#212430,#212430,#212430,#282b38,#07080c,#f3f2f7,#eae8f1,#e0ddea,#e0ddea,#e0ddea,#e0ddea,#eae8f1,#e0ddea,#e0ddea,#eae8f1,#eae8f1,#f3f2f7,#e0e1ed,#07080c,#282b38,#3a3e4d,#07080c,#e0e1ed,#eae8f1,#e0ddea,#9c98a5,#5b5864,#827e8c,#211d2c,#211d2c,#211d2c,#211d2c,#211d2c,#211d2c,#211d2c,#211d2c,#eae8f1,#5b5864,#e0e1ed,#07080c,#212430,#07080c,#07080c,#f3f2f7,#f3f2f7,#eae8f1,#eae8f1,#eae8f1,#9c98a5,#9c98a5,#e0ddea,#eae8f1,#e0ddea,#9c98a5,#9c98a5,#e0e1ed,#07080c,#484c5c,#484c5c,#484c5c,#212430,#07080c
#2c2d30,#212430,#282b38,#212430,#282b38,#212430,#07080c,#f3f2f7,#eae8f1,#e0ddea,#eae8f1,#e0ddea,#e0ddea,#e0ddea,#e0ddea,#e0ddea,#eae8f1,#e0ddea,#eae8f1,#9c98a5,#e0e1ed,#07080c,#282b38,#484c5c,#07080c,#f3f2f7,#eae8f1,#e0ddea,#eae8f1,#eae8f1,#eae8f1,#eae8f1,#eae8f1,#eae8f1,#eae8f1,#eae8f1,#eae8f1,#eae8f1,#eae8f1,#e0e1ed,#07080c,#484c5c,#07080c,#f3f2f7,#f3f2f7,#eae8f1,#eae8f1,#e0ddea,#eae8f1,#e0ddea,#eae8f1,#9c98a5,#e0ddea,#e0ddea,#9c98a5,#e0ddea,#9c98a5,#e0e1ed,#07080c,#0d0e15,#0d0e15,#0d0e15,#282b38,#07080c
#2c2d30,#282b38,#212430,#282b38,#212430,#282b38,#07080c,#f3f2f7,#eae8f1,#e0ddea,#e0ddea,#e0ddea,#e0ddea,#e0ddea,#e0ddea,#e0ddea,#e0ddea,#9c98a5,#e0ddea,#9c98a5,#9c98a5,#e0e1ed,#07080c,#07080c,#f3f2f7,#eae8f1,#e0ddea,#eae8f1,#e0ddea,#eae8f1,#eae8f1,#eae8f1,#eae8f1,#eae8f1,#eae8f1,#eae8f1,#eae8f1,#eae8f1,#eae8f1,#9c98a5,#e0e1ed,#07080c,#07080c,#f3f2f7,#eae8f1,#eae8f1,#eae8f1,#eae8f1,#e0ddea,#e0ddea,#e0ddea,#eae8f1,#e0ddea,#e0ddea,#e0ddea,#9c98a5,#9c98a5,#e0e1ed,#07080c,#484c5c,#484c5c,#484c5c,#212430,#07080c
#2c2d30,#282b38,#282b38,#212430,#282b38,#282b38,#07080c,#e0e1ed,#eae8f1,#e0ddea,#eae8f1,#e0ddea,#e0ddea,#e0ddea,#e0ddea,#e0ddea,#e0ddea,#e0ddea,#eae8f1,#e0ddea,#eae8f1,#eae8f1,#f3f2f7,#f3f2f7,#eae8f1,#eae8f1,#eae8f1,#e0ddea,#e0ddea,#e0ddea,#eae8f1,#e0ddea,#eae8f1,#e0ddea,#eae8f1,#e0ddea,#eae8f1,#e0ddea,#eae8f1,#e0ddea,#eae8f1,#f3f2f7,#f3f2f7,#eae8f1,#eae8f1,#e0ddea,#eae8f1,#e0ddea,#eae8f1,#e0ddea,#eae8f1,#e0ddea,#e0ddea,#e0ddea,#9c98a5,#e0ddea,#9c98a5,#e0e1ed,#07080c,#484c5c,#484c5c,#484c5c,#282b38,#07080c
#2c2d30,#282b38,#212430,#282b38,#212430,#282b38,#212430,#07080c,#f3f2f7,#eae8f1,#e0ddea,#e0ddea,#e0ddea,#e0ddea,#e0ddea,#e0ddea,#e0ddea,#e0ddea,#e0ddea,#e0ddea,#e0ddea,#eae8f1,#eae8f1,#eae8f1,#eae8f1,#eae8f1,#e0ddea,#e0ddea,#e0ddea,#eae8f1,#e0ddea,#e0ddea,#e0ddea,#eae8f1,#e0ddea,#e0ddea,#e0ddea,#eae8f1,#e0ddea,#e0ddea,#e0ddea,#eae8f1,#eae8f1,#eae8f1,#eae8f1,#eae8f1,#e0ddea,#e0ddea,#e0ddea,#e0ddea,#9c98a5,#e0ddea,#e0ddea,#e0ddea,#e0ddea,#9c98a5,#9c98a5,#e0e1ed,#07080c,#484c5c,#484c5c,#484c5c,#212430,#07080c
#2c2d30,#282b38,#282b38,#282b38,#282b38,#282b38,#282b38,#07080c,#f3f2f7,#eae8f1,#eae8f1,#e0ddea,#e0ddea,#e0ddea,#e0ddea,#e0ddea,#e0ddea,#e0ddea,#e0ddea,#e0ddea,#e0ddea,#e0ddea,#eae8f1,#e0ddea,#eae8f1,#e0ddea,#eae8f1,#e0ddea,#eae8f1,#e0ddea,#9c98a5,#e0ddea,#e0ddea,#e0ddea,#9c98a5,#e0ddea,#e0ddea,#e0ddea,#e0ddea,#e0ddea,#eae8f1,#e0ddea,#eae8f1,#e0ddea,#eae8f1,#e0ddea,#eae8f1,#e0ddea,#e0ddea,#e0ddea,#e0ddea,#e0ddea,#e0ddea,#e0ddea,#9c98a5,#e0ddea,#9c98a5,#e0e1ed,#07080c,#0d0e15,#0d0e15,#0d0e15,#282b38,#07080c
#2c2d30,#282b38,#212430,#282b38,#212430,#282b38,#212430,#07080c,#f3f2f7,#e0ddea,#e0ddea,#eae8f1,#e0ddea,#e0ddea,#e0ddea,#e0ddea,#e0ddea,#e0ddea,#e0ddea,#e0ddea,#e0ddea,#e0ddea,#e0ddea,#eae8f1,#e0ddea,#e0ddea,#e0ddea,#eae8f1,#e0ddea,#e0ddea,#e0ddea,#e0ddea,#e0ddea,#e0ddea,#e0ddea,#e0ddea,#e0ddea,#9c98a5,#e0ddea,#e0ddea,#e0ddea,#e0ddea,#e0ddea,#e0ddea,#e0ddea,#e0ddea,#e0ddea,#e0ddea,#e0ddea,#9c98a5,#e0ddea,#e0ddea,#e0ddea,#9c98a5,#e0ddea,#9c98a5,#9c98a5,#e0e1ed,#07080c,#484c5c,#484c5c,#484c5c,#212430,#07080c
#2c2d30,#282b38,#282b38,#282b38,#282b38,#282b38,#282b38,#07080c,#e0e1ed,#eae8f1,#9c98a5,#e0ddea,#e0ddea,#e0ddea,#e0ddea,#e0ddea,#e0ddea,#e0ddea,#e0ddea,#e0ddea,#e0ddea,#e0ddea,#e0ddea,#e0ddea,#e0ddea,#e0ddea,#e0ddea,#e0ddea,#e0ddea,#e0ddea,#e0ddea,#e0ddea,#e0ddea,#e0ddea,#9c98a5,#e0ddea,#e0ddea,#e0ddea,#e0ddea,#e0ddea,#e0ddea,#e0ddea,#e0ddea,#e0ddea,#e0ddea,#e0ddea,#e0ddea,#e0ddea,#9c98a5,#e0ddea,#e0ddea,#e0ddea,#9c98a5,#e0ddea,#9c98a5,#9c98a5,#9c98a5,#e0e1ed,#07080c,#484c5c,#484c5c,#484c5c,#282b38,#07080c
#2c2d30,#282b38,#282b38,#282b38,#282b38,#282b38,#282b38,#282b38,#07080c,#f3f2f7,#e0ddea,#9c98a5,#e0ddea,#9c98a5,#e0ddea,#e0ddea,#e0ddea,#9c98a5,#e0ddea,#e0ddea,#e0ddea,#e0ddea,#e0ddea,#e0ddea,#e0ddea,#e0ddea,#e0ddea,#e0ddea,#e0ddea,#e0ddea,#e0ddea,#e0ddea,#e0ddea,#e0ddea,#e0ddea,#e0ddea,#e0ddea,#e0ddea,#9c98a5,#e0ddea,#e0ddea,#e0ddea,#e0ddea,#e0ddea,#e0ddea,#9c98a5,#e0ddea,#9c98a5,#e0ddea,#9c98a5,#e0ddea,#9c98a5,#e0ddea,#9c98a5,#e0ddea,#9c98a5,#5b5864,#e0e1ed,#07080c,#484c5c,#484c5c,#484c5c,#282b38,#07080c
#2c2d30,#282b38,#282b38,#282b38,#282b38,#282b38,#282b38,#282b38,#07080c,#e0e1ed,#9c98a5,#9c98a5,#9c98a5,#e0ddea,#9c98a5,#e0ddea,#9c98a5,#e0ddea,#e0ddea,#e0ddea,#e0ddea,#e0ddea,#e0ddea,#e0ddea,#e0ddea,#e0ddea,#e0ddea,#e0ddea,#e0ddea,#e0ddea,#e0ddea,#e0ddea,#e0ddea,#e0ddea,#e0ddea,#e0ddea,#e0ddea,#9c98a5,#e0ddea,#e0ddea,#e0ddea,#e0ddea,#9c98a5,#e0ddea,#9c98a5,#9c98a5,#9c98a5,#e0ddea,#9c98a5,#e0ddea,#9c98a5,#9c98a5,#9c98a5,#9c98a5,#9c98a5,#9c98a5,#e0e1ed,#07080c,#0d0e15,#0d0e15,#0d0e15,#0d0e15,#282b38,#07080c
#2c2d30,#282b38,#282b38,#282b38,#282b38,#282b38,#282b38,#282b38,#282b38,#07080c,#e0e1ed,#e0e1ed,#9c98a5,#9c98a5,#9c98a5,#9c98a5,#e0ddea,#9c98a5,#e0ddea,#9c98a5,#e0ddea,#e0ddea,#e0ddea,#e0ddea,#e0ddea,#e0ddea,#e0ddea,#e0ddea,#e0ddea,#e0ddea,#e0ddea,#e0ddea,#e0ddea,#e0ddea,#e0ddea,#9c98a5,#e0ddea,#e0ddea,#e0ddea,#e0ddea,#e0ddea,#9c98a5,#e0ddea,#9c98a5,#e0ddea,#9c98a5,#e0ddea,#9c98a5,#9c98a5,#9c98a5,#9c98a5,#5b5864,#e0e1ed,#e0e1ed,#9c98a5,#9c98a5,#e0e1ed,#07080c,#484c5c,#484c5c,#484c5c,#484c5c,#282b38,#07080c
#2c2d30,#282b38,#2e3240,#282b38,#2e3240,#282b38,#ffffff,#dff4ff,#2e3240,#484c5c,#07080c,#07080c,#e0e1ed,#e0e1ed,#e0e1ed,#9c98a5,#9c98a5,#9c98a5,#9c98a5,#e0ddea,#e0ddea,#e0ddea,#e0ddea,#e0ddea,#e0ddea,#e0ddea,#e0ddea,#e0ddea,#e0ddea,#e0ddea,#e0ddea,#e0ddea,#e0ddea,#9c98a5,#e0ddea,#e0ddea,#e0ddea,#e0ddea,#e0ddea,#e0ddea,#e0ddea,#9c98a5,#9c98a5,#e0ddea,#9c98a5,#9c98a5,#9c98a5,#9c98a5,#5b5864,#e0e1ed,#e0e1ed,#e0e1ed,#07080c,#07080c,#f3f2f7,#5b5864,#e0e1ed,#07080c,#484c5c,#484c5c,#484c5c,#484c5c,#2e3240,#07080c
#2c2d30,#2e3240,#282b38,#282b38,#282b38,#2e3240,#dff4ff,#282b38,#282b38,#0d0e15,#0d0e15,#0d0e15,#07080c,#07080c,#07080c,#e0e1ed,#e0e1ed,#e0e1ed,#9c98a5,#9c98a5,#e0ddea,#e0ddea,#e0ddea,#e0ddea,#e0ddea,#e0ddea,#e0ddea,#e0ddea,#e0ddea,#e0ddea,#e0ddea,#e0ddea,#e0ddea,#e0ddea,#e0ddea,#e0ddea,#e0ddea,#9c98a5,#e0ddea,#e0ddea,#e0ddea,#9c98a5,#9c98a5,#9c98a5,#9c98a5,#5b5864,#e0e1ed,#e0e1ed,#e0e1ed,#07080c,#07080c,#07080c,#07080c,#f3f2f7,#eae8f1,#e0e1ed,#07080c,#484c5c,#484c5c,#484c5c,#484c5c,#484c5c,#282b38,#07080c
#2c2d30,#282b38,#2e3240,#282b38,#2e3240,#282b38,#2e3240,#282b38,#2e3240,#484c5c,#484c5c,#484c5c,#484c5c,#484c5c,#484c5c,#07080c,#07080c,#07080c,#e0e1ed,#e0e1ed,#9c98a5,#e0ddea,#e0ddea,#e0ddea,#e0ddea,#e0ddea,#9c98a5,#e0ddea,#e0ddea,#e0ddea,#e0ddea,#e0ddea,#9c98a5,#e0ddea,#e0ddea,#e0ddea,#e0ddea,#9c98a5,#e0ddea,#e0ddea,#9c98a5,#e0ddea,#9c98a5,#9c98a5,#5b5864,#e0e1ed,#07080c,#07080c,#07080c,#282b38,#2e3240,#07080c,#f3f2f7,#eae8f1,#e0e1ed,#07080c,#0d0e15,#0d0e15,#0d0e15,#0d0e15,#0d0e15,#0d0e15,#2e3240,#07080c
#2c2d30,#2e3240,#282b38,#2e3240,#282b38,#2e3240,#282b38,#2e3240,#282b38,#484c5c,#484c5c,#484c5c,#484c5c,#484c5c,#484c5c,#2e3240,#282b38,#2e3240,#07080c,#07080c,#f3f2f7,#eae8f1,#e0ddea,#eae8f1,#e0ddea,#e0ddea,#e0ddea,#e0ddea,#e0ddea,#e0ddea,#e0ddea,#e0ddea,#e0ddea,#e0ddea,#e0ddea,#e0ddea,#e0ddea,#e0ddea,#e0ddea,#9c98a5,#e0ddea,#9c98a5,#9c98a5,#9c98a5,#e0e1ed,#07080c,#282b38,#2e3240,#282b38,#07080c,#07080c,#f3f2f7,#eae8f1,#5b5864,#e0e1ed,#07080c,#484c5c,#484c5c,#484c5c,#484c5c,#484c5c,#484c5c,#282b38,#07080c
#2c2d30,#2e3240,#2e3240,#282b38,#2e3240,#2e3240,#2e3240,#282b38,#2e3240,#484c5c,#484c5c,#484c5c,#484c5c,#484c5c,#484c5c,#282b38,#2e3240,#2e3240,#2e3240,#07080c,#e0e1ed,#eae8f1,#eae8f1,#e0ddea,#e0ddea,#e0ddea,#e0ddea,#e0ddea,#e0ddea,#e0ddea,#e0ddea,#e0ddea,#e0ddea,#e0ddea,#e0ddea,#e0ddea,#e0ddea,#e0ddea,#e0ddea,#e0ddea,#9c98a5,#e0ddea,#9c98a5,#5b5864,#e0e1ed,#07080c,#2e3240,#07080c,#07080c,#f3f2f7,#f3f2f7,#eae8f1,#5b5864,#e0e1ed,#07080c,#282b38,#484c5c,#484c5c,#484c5c,#484c5c,#484c5c,#484c5c,#2e3240,#07080c
#2c2d30,#2e3240,#282b38,#2e3240,#282b38,#2e3240,#282b38,#2e3240,#282b38,#0d0e15,#0d0e15,#0d0e15,#0d0e15,#0d0e15,#0d0e15,#2e3240,#282b38,#2e3240,#282b38,#2e3240,#07080c,#f3f2f7,#eae8f1,#e0ddea,#e0ddea,#e0ddea,#e0ddea,#e0ddea,#e0ddea,#e0ddea,#e0ddea,#e0ddea,#e0ddea,#e0ddea,#e0ddea,#e0ddea,#e0ddea,#e0ddea,#e0ddea,#9c98a5,#e0ddea,#9c98a5,#9c98a5,#e0e1ed,#07080c,#2e3240,#07080c,#f3f2f7,#f3f2f7,#eae8f1,#9c98a5,#5b5864,#e0e1ed,#07080c,#282b38,#2e3240,#484c5c,#484c5c,#484c5c,#484c5c,#484c5c,#484c5c,#282b38,#07080c
#2c2d30,#282b38,#2e3240,#2e3240,#2e3240,#282b38,#2e3240,#2e3240,#2e3240,#484c5c,#484c5c,#484c5c,#484c5c,#484c5c,#484c5c,#2e3240,#2e3240,#282b38,#2e3240,#ffffff,#07080c,#e0e1ed,#eae8f1,#e0ddea,#eae8f1,#e0ddea,#e0ddea,#e0ddea,#e0ddea,#e0ddea,#e0ddea,#e0ddea,#9c98a5,#e0ddea,#e0ddea,#e0ddea,#e0ddea,#e0ddea,#9c98a5,#e0ddea,#9c98a5,#9c98a5,#5b5864,#e0e1ed,#07080c,#07080c,#e0e1ed,#e0e1ed,#e0e1ed,#e0e1ed,#e0e1ed,#e0e1ed,#07080c,#282b38,#2e3240,#2e3240,#0d0e15,#0d0e15,#0d0e15,#0d0e15,#0d0e15,#0d0e15,#2e3240,#07080c
#2c2d30,#2e3240,#282b38,#2e3240,#282b38,#2e3240,#282b38,#2e3240,#282b38,#484c5c,#484c5c,#484c5c,#484c5c,#484c5c,#484c5c,#2e3240,#282b38,#2e3240,#282b38,#2e3240,#282b38,#07080c,#f3f2f7,#eae8f1,#e0ddea,#e0ddea,#e0ddea,#e0ddea,#e0ddea,#e0ddea,#e0ddea,#e0ddea,#e0ddea,#e0ddea,#e0ddea,#e0ddea,#e0ddea,#9c98a5,#e0ddea,#9c98a5,#9c98a5,#9c98a5,#e0e1ed,#07080c,#282b38,#2e3240,#07080c,#07080c,#07080c,#07080c,#07080c,#07080c,#282b38,#2e3240,#282b38,#2e3240,#484c5c,#484c5c,#484c5c,#484c5c,#484c5c,#484c5c,#282b38,#07080c
#2c2d30,#2e3240,#2e3240,#2e3240,#2e3240,#2e3240,#2e3240,#2e3240,#2e3240,#484c5c,#484c5c,#484c5c,#484c5c,#484c5c,#484c5c,#2e3240,#2e3240,#2e3240,#2e3240,#2e3240,#2e3240,#07080c,#e0e1ed,#9c98a5,#9c98a5,#e0ddea,#9c98a5,#e0ddea,#e0ddea,#e0ddea,#e0ddea,#e0ddea,#e0ddea,#e0ddea,#9c98a5,#e0ddea,#9c98a5,#e0ddea,#9c98a5,#9c98a5,#9c98a5,#5b5864,#e0e1ed,#07080c,#2e3240,#2e3240,#2e3240,#2e3240,#2e3240,#2e3240,#2e3240,#2e3240,#2e3240,#2e3240,#2e3240,#2e3240,#484c5c,#484c5c,#484c5c,#484c5c,#484c5c,#484c5c,#2e3240,#07080c
#2c2d30,#2e3240,#2e3240,#2e3240,#2e3240,#2e3240,#2e3240,#2e3240,#2e3240,#0d0e15,#0d0e15,#0d0e15,#0d0e15,#0d0e15,#0d0e15,#2e3240,#2e3240,#2e3240,#2e3240,#2e3240,#2e3240,#2e3240,#07080c,#e0e1ed,#9c98a5,#9c98a5,#e0ddea,#9c98a5,#e0ddea,#e0ddea,#e0ddea,#e0ddea,#e0ddea,#9c98a5,#e0ddea,#9c98a5,#e0ddea,#9c98a5,#9c98a5,#9c98a5,#5b5864,#e0e1ed,#07080c,#2e3240,#2e3240,#2e3240,#2e3240,#2e3240,#2e3240,#2e3240,#2e3240,#2e3240,#2e3240,#2e3240,#2e3240,#2e3240,#484c5c,#484c5c,#484c5c,#484c5c,#484c5c,#484c5c,#2e3240,#07080c
#2c2d30,#3a3c46,#3a3c46,#3a3c46,#3a3c46,#3a3c46,#3a3c46,#3a3c46,#4a4c58,#4a4c58,#4a4c58,#4a4c58,#4a4c58,#4a4c58,#4a4c58,#4a4c58,#3a3c46,#3a3c46,#3a3c46,#3a3c46,#3a3c46,#3a3c46,#3a3c46,#07080c,#e0e1ed,#9c98a5,#9c98a5,#e0ddea,#9c98a5,#e0ddea,#9c98a5,#e0ddea,#9c98a5,#e0ddea,#9c98a5,#e0ddea,#9c98a5,#9c98a5,#5b5864,#5b5864,#e0e1ed,#07080c,#4a4c58,#4a4c58,#4a4c58,#4a4c58,#4a4c58,#4a4c58,#3a3c46,#3a3c46,#3a3c46,#3a3c46,#3a3c46,#3a3c46,#3a3c46,#3a3c46,#4a4c58,#4a4c58,#4a4c58,#4a4c58,#4a4c58,#4a4c58,#4a4c58,#07080c
#2c2d30,#3a3c46,#3a3c46,#3a3c46,#3a3c46,#3a3c46,#3a3c46,#3a3c46,#4a4c58,#4a4c58,#4a4c58,#4a4c58,#4a4c58,#4a4c58,#4a4c58,#292a30,#3a3c46,#202127,#3a3c46,#202127,#3a3c46,#202127,#3a3c46,#202127,#07080c,#e0e1ed,#e0e1ed,#9c98a5,#9c98a5,#9c98a5,#e0ddea,#9c98a5,#e0ddea,#9c98a5,#9c98a5,#9c98a5,#9c98a5,#5b5864,#e0e1ed,#e0e1ed,#07080c,#292a30,#4a4c58,#292a30,#4a4c58,#292a30,#4a4c58,#292a30,#3a3c46,#202127,#3a3c46,#3a3c46,#3a3c46,#3a3c46,#3a3c46,#3a3c46,#4a4c58,#4a4c58,#4a4c58,#4a4c58,#4a4c58,#4a4c58,#4a4c58,#07080c
#2c2d30,#4a4c58,#4a4c58,#4a4c58,#4a4c58,#4a4c58,#4a4c58,#4a4c58,#3a3c46,#202127,#202127,#202127,#202127,#202127,#202127,#202127,#292a30,#292a30,#292a30,#292a30,#292a30,#292a30,#292a30,#292a30,#202127,#07080c,#07080c,#e0e1ed,#e0e1ed,#9c98a5,#9c98a5,#9c98a5,#9c98a5,#9c98a5,#9c98a5,#5b5864,#e0e1ed,#e0e1ed,#07080c,#07080c,#202127,#202127,#202127,#202127,#202127,#202127,#202127,#202127,#292a30,#292a30,#292a30,#292a30,#292a30,#292a30,#292a30,#292a30,#3a3c46,#3a3c46,#3a3c46,#3a3c46,#3a3c46,#3a3c46,#3a3c46,#07080c
#2c2d30,#4a4c58,#4a4c58,#4a4c58,#4a4c58,#4a4c58,#4a4c58,#292a30,#3a3c46,#202127,#3a3c46,#202127,#3a3c46,#202127,#3a3c46,#202127,#4a4c58,#292a30,#4a4c58,#292a30,#4a4c58,#292a30,#4a4c58,#292a30,#3a3c46,#202127,#3a3c46,#07080c,#07080c,#e0e1ed,#e0e1ed,#e0e1ed,#e0e1ed,#e0e1ed,#e0e1ed,#e0e1ed,#07080c,#07080c,#4a4c58,#292a30,#3a3c46,#202127,#3a3c46,#202127,#3a3c46,#202127,#3a3c46,#202127,#4a4c58,#292a30,#4a4c58,#292a30,#4a4c58,#292a30,#4a4c58,#292a30,#3a3c46,#202127,#3a3c46,#3a3c46,#3a3c46,#3a3c46,#3a3c46,#07080c
#2c2d30,#4a4c58,#4a4c58,#4a4c58,#4a4c58,#4a4c58,#4a4c58,#4a4c58,#3a3c46,#202127,#202127,#202127,#202127,#202127,#202127,#202127,#292a30,#292a30,#292a30,#292a30,#292a30,#292a30,#292a30,#292a30,#202127,#202127,#202127,#202127,#202127,#07080c,#07080c,#07080c,#07080c,#07080c,#07080c,#07080c,#292a30,#292a30,#292a30,#292a30,#202127,#202127,#202127,#202127,#202127,#202127,#202127,#202127,#292a30,#292a30,#292a30,#292a30,#292a30,#292a30,#292a30,#292a30,#3a3c46,#3a3c46,#3a3c46,#3a3c46,#3a3c46,#3a3c46,#3a3c46,#07080c
#2c2d30,#4a4c58,#4a4c58,#4a4c58,#4a4c58,#4a4c58,#4a4c58,#4a4c58,#3a3c46,#3a3c46,#3a3c46,#3a3c46,#3a3c46,#3a3c46,#3a3c46,#202127,#4a4c58,#292a30,#4a4c58,#292a30,#4a4c58,#292a30,#4a4c58,#292a30,#3a3c46,#202127,#3a3c46,#202127,#3a3c46,#202127,#3a3c46,#202127,#4a4c58,#292a30,#4a4c58,#292a30,#4a4c58,#292a30,#4a4c58,#292a30,#3a3c46,#202127,#3a3c46,#202127,#3a3c46,#202127,#3a3c46,#202127,#4a4c58,#292a30,#4a4c58,#4a4c58,#4a4c58,#4a4c58,#4a4c58,#4a4c58,#3a3c46,#3a3c46,#3a3c46,#3a3c46,#3a3c46,#3a3c46,#3a3c46,#07080c
#2c2d30,#3a3c46,#3a3c46,#3a3c46,#3a3c46,#3a3c46,#3a3c46,#3a3c46,#4a4c58,#4a4c58,#4a4c58,#4a4c58,#4a4c58,#4a4c58,#4a4c58,#4a4c58,#3a3c46,#3a3c46,#3a3c46,#3a3c46,#3a3c46,#ffffff,#3a3c46,#3a3c46,#4a4c58,#4a4c58,#4a4c58,#4a4c58,#4a4c58,#4a4c58,#4a4c58,#4a4c58,#202127,#3a3c46,#3a3c46,#3a3c46,#3a3c46,#3a3c46,#3a3c46,#3a3c46,#4a4c58,#4a4c58,#4a4c58,#4a4c58,#4a4c58,#4a4c58,#4a4c58,#4a4c58,#3a3c46,#3a3c46,#3a3c46,#3a3c46,#3a3c46,#3a3c46,#3a3c46,#3a3c46,#4a4c58,#4a4c58,#4a4c58,#4a4c58,#4a4c58,#4a4c58,#4a4c58,#07080c
#2c2d30,#3a3c46,#3a3c46,#3a3c46,#3a3c46,#3a3c46,#3a3c46,#3a3c46,#4a4c58,#4a4c58,#4a4c58,#4a4c58,#4a4c58,#4a4c58,#4a4c58,#4a4c58,#3a3c46,#3a3c46,#3a3c46,#3a3c46,#3a3c46,#3a3c46,#3a3c46,#3a3c46,#4a4c58,#4a4c58,#4a4c58,#4a4c58,#4a4c58,#4a4c58,#4a4c58,#4a4c58,#3a3c46,#3a3c46,#3a3c46,#3a3c46,#3a3c46,#3a3c46,#3a3c46,#3a3c46,#4a4c58,#4a4c58,#4a4c58,#4a4c58,#4a4c58,#4a4c58,#4a4c58,#4a4c58,#3a3c46,#3a3c46,#3a3c46,#3a3c46,#3a3c46,#3a3c46,#3a3c46,#3a3c46,#4a4c58,#4a4c58,#4a4c58,#4a4c58,#4a4c58,#4a4c58,#4a4c58,#07080c
#2c2d30,#3a3c46,#3a3c46,#3a3c46,#3a3c46,#3a3c46,#3a3c46,#3a3c46,#4a4c58,#4a4c58,#4a4c58,#4a4c58,#4a4c58,#4a4c58,#4a4c58,#4a4c58,#3a3c46,#3a3c46,#3a3c46,#3a3c46,#3a3c46,#3a3c46,#3a3c46,#3a3c46,#4a4c58,#4a4c58,#4a4c58,#4a4c58,#4a4c58,#4a4c58,#4a4c58,#4a4c58,#3a3c46,#3a3c46,#3a3c46,#3a3c46,#3a3c46,#3a3c46,#3a3c46,#3a3c46,#4a4c58,#4a4c58,#4a4c58,#4a4c58,#4a4c58,#4a4c58,#4a4c58,#4a4c58,#3a3c46,#3a3c46,#3a3c46,#3a3c46,#3a3c46,#3a3c46,#3a3c46,#3a3c46,#4a4c58,#4a4c58,#4a4c58,#4a4c58,#4a4c58,#ffffff,#4a4c58,#07080c
#2c2d30,#3a3c46,#3a3c46,#3a3c46,#3a3c46,#3a3c46,#3a3c46,#3a3c46,#4a4c58,#4a4c58,#4a4c58,#4a4c58,#4a4c58,#4a4c58,#4a4c58,#4a4c58,#3a3c46,#3a3c46,#3a3c46,#3a3c46,#3a3c46,#3a3c46,#3a3c46,#3a3c46,#4a4c58,#4a4c58,#4a4c58,#4a4c58,#4a4c58,#4a4c58,#4a4c58,#ffffff,#dff4ff,#3a3c46,#3a3c46,#3a3c46,#3a3c46,#3a3c46,#3a3c46,#3a3c46,#4a4c58,#4a4c58,#4a4c58,#4a4c58,#4a4c58,#4a4c58,#4a4c58,#4a4c58,#3a3c46,#3a3c46,#3a3c46,#3a3c46,#3a3c46,#3a3c46,#3a3c46,#3a3c46,#4a4c58,#4a4c58,#4a4c58,#4a4c58,#4a4c58,#4a4c58,#4a4c58,#07080c
#2c2d30,#4a4c58,#4a4c58,#4a4c58,#4a4c58,#4a4c58,#4a4c58,#4a4c58,#3a3c46,#3a3c46,#3a3c46,#3a3c46,#3a3c46,#3a3c46,#3a3c46,#3a3c46,#4a4c58,#4a4c58,#4a4c58,#4a4c58,#4a4c58,#4a4c58,#4a4c58,#4a4c58,#3a3c46,#3a3c46,#3a3c46,#3a3c46,#3a3c46,#3a3c46,#3a3c46,#dff4ff,#4a4c58,#4a4c58,#4a4c58,#4a4c58,#4a4c58,#4a4c58,#4a4c58,#4a4c58,#3a3c46,#3a3c46,#3a3c46,#3a3c46,#3a3c46,#3a3c46,#3a3c46,#3a3c46,#4a4c58,#4a4c58,#4a4c58,#4a4c58,#4a4c58,#4a4c58,#4a4c58,#4a4c58,#3a3c46,#3a3c46,#3a3c46,#3a3c46,#3a3c46,#3a3c46,#3a3c46,#07080c
#2c2d30,#4a4c58,#4a4c58,#4a4c58,#4a4c58,#4a4c58,#4a4c58,#4a4c58,#3a3c46,#3a3c46,#3a3c46,#3a3c46,#3a3c46,#3a3c46,#3a3c46,#3a3c46,#4a4c58,#4a4c58,#4a4c58,#4a4c58,#4a4c58,#4a4c58,#4a4c58,#4a4c58,#3a3c46,#3a3c46,#3a3c46,#3a3c46,#3a3c46,#3a3c46,#3a3c46,#3a3c46,#4a4c58,#4a4c58,#4a4c58,#4a4c58,#4a4c58,#4a4c58,#4a4c58,#4a4c58,#3a3c46,#3a3c46,#3a3c46,#3a3c46,#3a3c46,#3a3c46,#3a3c46,#3a3c46,#4a4c58,#4a4c58,#4a4c58,#4a4c58,#4a4c58,#4a4c58,#4a4c58,#4a4c58,#3a3c46,#3a3c46,#3a3c46,#3a3c46,#3a3c46,#3a3c46,#3a3c46,#07080c
#2c2d30,#4a4c58,#4a4c58,#4a4c58,#4a4c58,#4a4c58,#4a4c58,#4a4c58,#3a3c46,#3a3c46,#3a3c46,#3a3c46,#3a3c46,#3a3c46,#3a3c46,#3a3c46,#4a4c58,#4a4c58,#4a4c58,#4a4c58,#4a4c58,#4a4c58,#4a4c58,#4a4c58,#3a3c46,#3a3c46,#3a3c46,#3a3c46,#3a3c46,#3a3c46,#3a3c46,#3a3c46,#4a4c58,#4a4c58,#4a4c58,#4a4c58,#4a4c58,#4a4c58,#4a4c58,#4a4c58,#3a3c46,#3a3c46,#3a3c46,#3a3c46,#3a3c46,#3a3c46,#3a3c46,#3a3c46,#4a4c58,#4a4c58,#4a4c58,#4a4c58,#4a4c58,#4a4c58,#4a4c58,#4a4c58,#3a3c46,#3a3c46,#3a3c46,#3a3c46,#3a3c46,#3a3c46,#3a3c46,#07080c
#2c2d30,#07080c,#07080c,#07080c,#07080c,#07080c,#07080c,#07080c,#07080c,#07080c,#07080c,#07080c,#07080c,#07080c,#07080c,#07080c,#07080c,#07080c,#07080c,#07080c,#07080c,#07080c,#07080c,#07080c,#07080c,#07080c,#07080c,#07080c,#07080c,#07080c,#07080c,#07080c,#07080c,#07080c,#07080c,#07080c,#07080c,#07080c,#07080c,#07080c,#07080c,#07080c,#07080c,#07080c,#07080c,#07080c,#07080c,#07080c,#07080c,#07080c,#07080c,#07080c,#07080c,#07080c,#07080c,#07080c,#07080c,#07080c,#07080c,#07080c,#07080c,#07080c,#07080c,#07080c
