#0a1430,#0a1430,#0a1430,#0a1430,#0a1430,#0a1430,#0a1430,#0a1430,#0a1430,#0a1430,#0a1430,#0a1430,#ffffff,#0a1430,#0a1430,#0a1430,#0a1430,#0a1430,#0a1430,#0a1430,#0a1430,#0a1430,#0a1430,#0a1430,#0a1430,#0a1430,#0a1430,#0a1430,#ffffff,#0a1430,#0a1430,#0a1430
#0a1430,#0a1430,#0a1430,#0a1430,#0a1430,#0a1430,#0a1430,#0a1430,#0a1430,#0a1430,#0a1430,#0a1430,#0a1430,#0a1430,#0a1430,#0a1430,#dff4ff,#0a1430,#0a1430,#0a1430,#0a1430,#0a1430,#0a1430,#0a1430,#0a1430,#0a1430,#0a1430,#0a1430,#0a1430,#0a1430,#0a1430,#0a1430
#0a1430,#0a1430,#1e4468,#0a1430,#0a1430,#0a1430,#1e4468,#0a1430,#0a1430,#0a1430,#1e4468,#0a1430,#0a1430,#0a1430,#1e4468,#dff4ff,#ffffff,#dff4ff,#1e4468,#0a1430,#0a1430,#0a1430,#1e4468,#0a1430,#0a1430,#0a1430,#1e4468,#0a1430,#0a1430,#0a1430,#1e4468,#0a1430
#0a1430,#0a1430,#0a1430,#0a1430,#0a1430,#050a18,#0a1430,#0a1430,#0a1430,#0a1430,#0a1430,#0a1430,#0a1430,#0a1430,#0a1430,#0a1430,#dff4ff,#0a1430,#0a1430,#0a1430,#0a1430,#0a1430,#0a1430,#0a1430,#0a1430,#0a1430,#0a1430,#0a1430,#0a1430,#0a1430,#0a1430,#0a1430
#1e4468,#0a1430,#1e4468,#0a1430,#050a18,#9fe0ff,#050a18,#050a18,#050a18,#0a1430,#1e4468,#0a1430,#1e4468,#0a1430,#1e4468,#0a1430,#1e4468,#0a1430,#1e4468,#0a1430,#1e4468,#0a1430,#1e4468,#0a1430,#1e4468,#0a1430,#1e4468,#0a1430,#1e4468,#0a1430,#1e4468,#0a1430
#0a1430,#0a1430,#0a1430,#050a18,#9fe0ff,#b7a692,#b7a692,#b7a692,#b7a692,#050a18,#0a1430,#0a1430,#0a1430,#0a1430,#0a1430,#0a1430,#0a1430,#0a1430,#0a1430,#0a1430,#0a1430,#0a1430,#0a1430,#0a1430,#0a1430,#0a1430,#0a1430,#0a1430,#0a1430,#0a1430,#0a1430,#0a1430
#1e4468,#0a1430,#050a18,#ffffff,#b7a692,#050a18,#050a18,#050a18,#382a25,#b7a692,#050a18,#050a18,#1e4468,#0a1430,#1e4468,#0a1430,#1e4468,#0a1430,#1e4468,#0a1430,#1e4468,#0a1430,#1e4468,#0a1430,#1e4468,#0a1430,#1e4468,#0a1430,#1e4468,#0a1430,#1e4468,#0a1430
#0a1430,#0a1430,#0a1430,#050a18,#050a18,#0a1430,#0a1430,#0a1430,#050a18,#050a18,#b7a692,#b7a692,#050a18,#050a18,#050a18,#0a1430,#0a1430,#0a1430,#0a1430,#0a1430,#0a1430,#0a1430,#0a1430,#0a1430,#0a1430,#0a1430,#0a1430,#0a1430,#0a1430,#0a1430,#0a1430,#0a1430
#1e4468,#0a1430,#1e4468,#0a1430,#1e4468,#0a1430,#1e4468,#0a1430,#1e4468,#050a18,#b7bbc9,#5f4834,#b7bbc9,#b7bbc9,#b7bbc9,#050a18,#1e4468,#0a1430,#1e4468,#0a1430,#1e4468,#0a1430,#1e4468,#0a1430,#1e4468,#0a1430,#1e4468,#0a1430,#1e4468,#0a1430,#1e4468,#0a1430
#0a1430,#1e4468,#0a1430,#0a1430,#0a1430,#1e4468,#0a1430,#0a1430,#0a1430,#050a18,#b7bbc9,#b7a692,#b7bbc9,#8389a2,#5f6277,#050a18,#050a18,#050a18,#050a18,#050a18,#0a1430,#1e4468,#0a1430,#0a1430,#0a1430,#1e4468,#0a1430,#0a1430,#0a1430,#1e4468,#0a1430,#e8f4ff
#e8f4ff,#0a1430,#1e4468,#0a1430,#1e4468,#0a1430,#1e4468,#0a1430,#1e4468,#050a18,#b7bbc9,#b7bbc9,#b7bbc9,#8389a2,#5f6277,#8e92a0,#8e92a0,#8e92a0,#8e92a0,#8e92a0,#050a18,#050a18,#1e4468,#0a1430,#1e4468,#0a1430,#1e4468,#0a1430,#1e4468,#e8f4ff,#e8f4ff,#e8f4ff
#e8f4ff,#0a1430,#0a1430,#1e4468,#0a1430,#0a1430,#0a1430,#1e4468,#0a1430,#050a18,#b7bbc9,#383849,#383849,#383849,#383849,#8e92a0,#3d435c,#3d435c,#3d435c,#3d435c,#8e92a0,#8e92a0,#050a18,#1e4468,#0a1430,#0a1430,#0a1430,#e8f4ff,#0a1430,#e8f4ff,#e8f4ff,#e8f4ff
#e8f4ff,#0a1430,#e8f4ff,#0a1430,#1e4468,#0a1430,#1e4468,#0a1430,#1e4468,#0a1430,#050a18,#8e92a0,#8e92a0,#8e92a0,#8e92a0,#8e92a0,#3d435c,#3d435c,#3d435c,#2e3146,#3d435c,#3d435c,#8e92a0,#050a18,#1e4468,#0a1430,#1e4468,#e8f4ff,#e8f4ff,#e8f4ff,#e8f4ff,#2a608a
#2a608a,#e8f4ff,#e8f4ff,#e8f4ff,#0a1430,#1e4468,#0a1430,#1e4468,#0a1430,#050a18,#8e92a0,#8e92a0,#3d435c,#3d435c,#3d435c,#3d435c,#3d435c,#3d435c,#2e3146,#e7ecf6,#2e3146,#3d435c,#3d435c,#8e92a0,#050a18,#1e4468,#e8f4ff,#e8f4ff,#e8f4ff,#2a608a,#2a608a,#2a608a
#2a608a,#e8f4ff,#e8f4ff,#e8f4ff,#1e4468,#0a1430,#1e4468,#0a1430,#1e4468,#050a18,#8e92a0,#3d435c,#3d435c,#3d435c,#3d435c,#3d435c,#3d435c,#3d435c,#3d435c,#8e92a0,#e7ecf6,#3d435c,#3d435c,#2e3146,#050a18,#e8f4ff,#e8f4ff,#2a608a,#e8f4ff,#2a608a,#2a608a,#2a608a
#2a608a,#e8f4ff,#2a608a,#e8f4ff,#e8f4ff,#e8f4ff,#0a1430,#1e4468,#050a18,#8e92a0,#8e92a0,#3d435c,#3d435c,#3d435c,#3d435c,#3d435c,#3d435c,#3d435c,#3d435c,#3d435c,#8e92a0,#8e92a0,#3d435c,#3d435c,#8e92a0,#050a18,#e8f4ff,#2a608a,#2a608a,#2a608a,#2a608a,#2a608a
#2a608a,#2a608a,#2a608a,#2a608a,#e8f4ff,#e8f4ff,#1e4468,#e8f4ff,#050a18,#8e92a0,#3d435c,#3d435c,#3d435c,#3d435c,#3d435c,#3d435c,#3d435c,#3d435c,#3d435c,#3d435c,#3d435c,#3d435c,#3d435c,#3d435c,#2e3146,#050a18,#2a608a,#2a608a,#2a608a,#2a608a,#2a608a,#2a608a
#2a608a,#2a608a,#2a608a,#2a608a,#e8f4ff,#e8f4ff,#e8f4ff,#e8f4ff,#050a18,#8e92a0,#3d435c,#3d435c,#3d435c,#3d435c,#3d435c,#3d435c,#3d435c,#3d435c,#3d435c,#3d435c,#3d435c,#3d435c,#3d435c,#3d435c,#2e3146,#050a18,#2a608a,#2a608a,#2a608a,#2a608a,#2a608a,#2a608a
#2a608a,#2a608a,#2a608a,#2a608a,#2a608a,#2a608a,#e8f4ff,#e8f4ff,#050a18,#8e92a0,#3d435c,#3d435c,#3d435c,#3d435c,#3d435c,#3d435c,#3d435c,#3d435c,#3d435c,#3d435c,#3d435c,#3d435c,#3d435c,#3d435c,#2e3146,#050a18,#2a608a,#2a608a,#2a608a,#2a608a,#2a608a,#2a608a
#2a608a,#2a608a,#2a608a,#2a608a,#2a608a,#2a608a,#e8f4ff,#2a608a,#050a18,#8e92a0,#3d435c,#3d435c,#3d435c,#3d435c,#3d435c,#3d435c,#3d435c,#3d435c,#3d435c,#3d435c,#3d435c,#3d435c,#3d435c,#3d435c,#2e3146,#050a18,#2a608a,#2a608a,#2a608a,#2a608a,#2a608a,#2a608a
#2a608a,#2a608a,#2a608a,#2a608a,#2a608a,#2a608a,#2a608a,#2a608a,#050a18,#8e92a0,#3d435c,#3d435c,#3d435c,#3d435c,#3d435c,#3d435c,#3d435c,#3d435c,#3d435c,#3d435c,#3d435c,#3d435c,#3d435c,#3d435c,#1d1d2e,#050a18,#2a608a,#2a608a,#2a608a,#2a608a,#2a608a,#2a608a
#2a608a,#2a608a,#2a608a,#2a608a,#2a608a,#2a608a,#2a608a,#2a608a,#2a608a,#050a18,#3d435c,#3d435c,#3d435c,#3d435c,#3d435c,#3d435c,#3d435c,#3d435c,#3d435c,#3d435c,#3d435c,#3d435c,#3d435c,#2e3146,#050a18,#2a608a,#2a608a,#2a608a,#2a608a,#2a608a,#2a608a,#2a608a
#2a608a,#2a608a,#2a608a,#2a608a,#2a608a,#2a608a,#2a608a,#2a608a,#2a608a,#050a18,#8e92a0,#3d435c,#3d435c,#3d435c,#3d435c,#3d435c,#3d435c,#3d435c,#3d435c,#3d435c,#3d435c,#3d435c,#3d435c,#1d1d2e,#050a18,#2a608a,#2a608a,#2a608a,#2a608a,#2a608a,#2a608a,#2a608a
#2a608a,#2a608a,#2a608a,#2a608a,#2a608a,#2a608a,#2a608a,#2a608a,#2a608a,#2a608a,#050a18,#2e3146,#3d435c,#3d435c,#3d435c,#3d435c,#3d435c,#3d435c,#3d435c,#3d435c,#3d435c,#3d435c,#1d1d2e,#050a18,#2a608a,#2a608a,#2a608a,#2a608a,#2a608a,#2a608a,#2a608a,#2a608a
#dbe8f4,#dbe8f4,#dbe8f4,#dbe8f4,#dbe8f4,#dbe8f4,#dbe8f4,#dbe8f4,#dbe8f4,#dbe8f4,#dbe8f4,#050a18,#1d1d2e,#2e3146,#3d435c,#3d435c,#3d435c,#3d435c,#3d435c,#3d435c,#1d1d2e,#1d1d2e,#050a18,#dbe8f4,#dbe8f4,#dbe8f4,#dbe8f4,#dbe8f4,#dbe8f4,#dbe8f4,#dbe8f4,#dbe8f4
#dbe8f4,#dbe8f4,#b8d4ea,#dbe8f4,#dbe8f4,#dbe8f4,#b8d4ea,#dbe8f4,#dbe8f4,#dbe8f4,#b8d4ea,#dbe8f4,#050a18,#050a18,#1d1d2e,#1d1d2e,#1d1d2e,#1d1d2e,#1d1d2e,#1d1d2e,#050a18,#050a18,#b8d4ea,#dbe8f4,#dbe8f4,#dbe8f4,#b8d4ea,#dff4ff,#dbe8f4,#dbe8f4,#b8d4ea,#dbe8f4
#dbe8f4,#dbe8f4,#dbe8f4,#dbe8f4,#dbe8f4,#dbe8f4,#dbe8f4,#dbe8f4,#dbe8f4,#dbe8f4,#dbe8f4,#dbe8f4,#dbe8f4,#dbe8f4,#050a18,#050a18,#050a18,#050a18,#050a18,#050a18,#dbe8f4,#dbe8f4,#dbe8f4,#dbe8f4,#dbe8f4,#dff4ff,#dbe8f4,#dff4ff,#dbe8f4,#dff4ff,#dbe8f4,#dbe8f4
#b8d4ea,#dbe8f4,#b8d4ea,#dbe8f4,#b8d4ea,#dbe8f4,#b8d4ea,#dbe8f4,#b8d4ea,#dbe8f4,#b8d4ea,#dbe8f4,#b8d4ea,#dbe8f4,#b8d4ea,#dbe8f4,#b8d4ea,#dbe8f4,#b8d4ea,#dbe8f4,#b8d4ea,#dbe8f4,#b8d4ea,#dbe8f4,#b8d4ea,#dbe8f4,#dff4ff,#dff4ff,#dff4ff,#dbe8f4,#b8d4ea,#dbe8f4
#dbe8f4,#dff4ff,#dbe8f4,#dbe8f4,#dbe8f4,#dbe8f4,#dbe8f4,#dbe8f4,#dbe8f4,#dbe8f4,#dbe8f4,#dbe8f4,#dbe8f4,#dbe8f4,#dbe8f4,#dbe8f4,#dbe8f4,#dbe8f4,#dbe8f4,#dbe8f4,#dbe8f4,#dbe8f4,#dbe8f4,#dbe8f4,#dbe8f4,#dff4ff,#dbe8f4,#dff4ff,#dbe8f4,#dff4ff,#dbe8f4,#dbe8f4
#dff4ff,#ffffff,#dff4ff,#dbe8f4,#dbe8f4,#dbe8f4,#b8d4ea,#dbe8f4,#dbe8f4,#dbe8f4,#b8d4ea,#dbe8f4,#dbe8f4,#dbe8f4,#b8d4ea,#dbe8f4,#dbe8f4,#dbe8f4,#b8d4ea,#dbe8f4,#dbe8f4,#dbe8f4,#b8d4ea,#dbe8f4,#dbe8f4,#dbe8f4,#b8d4ea,#dff4ff,#dbe8f4,#dbe8f4,#b8d4ea,#dbe8f4
#dbe8f4,#dff4ff,#dbe8f4,#dbe8f4,#dbe8f4,#dbe8f4,#dbe8f4,#dbe8f4,#dbe8f4,#dbe8f4,#dbe8f4,#dbe8f4,#dbe8f4,#dbe8f4,#dbe8f4,#dbe8f4,#dbe8f4,#dbe8f4,#dbe8f4,#dbe8f4,#dbe8f4,#dbe8f4,#dbe8f4,#dbe8f4,#dbe8f4,#dbe8f4,#dbe8f4,#dbe8f4,#dbe8f4,#dbe8f4,#dbe8f4,#dbe8f4
#b8d4ea,#dbe8f4,#b8d4ea,#dbe8f4,#b8d4ea,#dbe8f4,#b8d4ea,#dbe8f4,#b8d4ea,#dbe8f4,#b8d4ea,#dbe8f4,#b8d4ea,#dbe8f4,#b8d4ea,#dbe8f4,#b8d4ea,#dbe8f4,#b8d4ea,#dbe8f4,#b8d4ea,#dbe8f4,#b8d4ea,#dbe8f4,#b8d4ea,#dbe8f4,#b8d4ea,#dbe8f4,#b8d4ea,#dbe8f4,#b8d4ea,#dbe8f4
