id,name,color,type,rarity,motif,file
ember_dart,Ember Dart,fire,strike,common,arrow,ember_dart.csv
cinder_lance,Cinder Lance,fire,strike,common,arrow,cinder_lance.csv
flame_fan,Flame Fan,fire,strike,uncommon,fan,flame_fan.csv
blaze_bolt,Blaze Bolt,fire,strike,rare,arrow,blaze_bolt.csv
fire_pot,Fire Pot,fire,lob,common,bomb,fire_pot.csv
ember_wall,Ember Wall,fire,ward,common,thorns,ember_wall.csv
brazier,Brazier,fire,sentry,uncommon,tower,brazier.csv
kindle,Kindle,fire,boon,uncommon,sword,kindle.csv
meteor,Meteor,fire,lob,legendary,bomb,meteor.csv
ice_shard,Ice Shard,frost,strike,common,arrow,ice_shard.csv
frost_lance,Frost Lance,frost,strike,uncommon,beam,frost_lance.csv
hail_lob,Hail Lob,frost,lob,common,bomb,hail_lob.csv
rime_wall,Rime Wall,frost,ward,common,wall,rime_wall.csv
frost_ward,Frost Ward,frost,ward,common,shield,frost_ward.csv
icicle_spire,Icicle Spire,frost,sentry,uncommon,tower,icicle_spire.csv
glacial_veil,Glacial Veil,frost,boon,common,wing,glacial_veil.csv
absolute_zero,Absolute Zero,frost,strike,legendary,burst,absolute_zero.csv
spark,Spark,storm,strike,common,arrow,spark.csv
thunder_row,Thunder Row,storm,strike,uncommon,beam,thunder_row.csv
chain_light,Chain Lightning,storm,strike,uncommon,burst,chain_light.csv
ball_light,Ball Lightning,storm,lob,common,bomb,ball_light.csv
static_ward,Static Ward,storm,ward,common,shield,static_ward.csv
coil_sentry,Coil Sentry,storm,sentry,common,tower,coil_sentry.csv
tailwind,Tailwind,storm,boon,common,wing,tailwind.csv
stormcall,Stormcall,storm,lob,legendary,bomb,stormcall.csv
thorn_dart,Thorn Dart,verdant,strike,common,arrow,thorn_dart.csv
vine_lash,Vine Lash,verdant,strike,uncommon,fan,vine_lash.csv
briar_bomb,Briar Bomb,verdant,lob,common,bomb,briar_bomb.csv
bramble_wall,Bramble Wall,verdant,ward,common,thorns,bramble_wall.csv
bark_skin,Bark Skin,verdant,ward,uncommon,shield,bark_skin.csv
spore_pod,Spore Pod,verdant,sentry,common,tower,spore_pod.csv
regrowth,Regrowth,verdant,boon,uncommon,heart,regrowth.csv
mend,Mend,verdant,boon,common,heart,mend.csv
world_tree,World Tree,verdant,boon,legendary,heart,world_tree.csv
holy_bolt,Holy Bolt,light,strike,common,arrow,holy_bolt.csv
radiant_motes,Radiant Motes,light,strike,uncommon,orbs,radiant_motes.csv
judgment,Judgment,light,lob,common,bomb,judgment.csv
sanctuary,Sanctuary,light,ward,common,shield,sanctuary.csv
beacon_hope,Beacon of Hope,light,sentry,uncommon,tower,beacon_hope.csv
blessing,Blessing,light,boon,common,heart,blessing.csv
courage,Courage,light,boon,uncommon,sword,courage.csv
intervention,Divine Intervention,light,boon,rare,halo,intervention.csv
dawnbreaker,Dawnbreaker,light,strike,legendary,burst,dawnbreaker.csv
hex_bolt,Hex Bolt,shadow,strike,common,arrow,hex_bolt.csv
soul_drain,Soul Drain,shadow,strike,common,arrow,soul_drain.csv
blood_lance,Blood Lance,shadow,strike,rare,beam,blood_lance.csv
grave_pit,Grave Pit,shadow,lob,uncommon,bomb,grave_pit.csv
bone_wall,Bone Wall,shadow,ward,common,wall,bone_wall.csv
wraith_totem,Wraith Totem,shadow,sentry,uncommon,tower,wraith_totem.csv
dark_pact,Dark Pact,shadow,boon,uncommon,skull,dark_pact.csv
eclipse,Eclipse,shadow,strike,legendary,burst,eclipse.csv
fire_strike_01,Blaze Lash,fire,strike,common,arrow,fire_strike_01.csv
fire_strike_02,Flare Lash,fire,strike,legendary,arrow,fire_strike_02.csv
fire_strike_03,Sunfire Ray,fire,strike,rare,arrow,fire_strike_03.csv
fire_strike_04,Flare Dart,fire,strike,common,fan,fire_strike_04.csv
fire_strike_05,Wildfire Bolt,fire,strike,common,beam,fire_strike_05.csv
fire_strike_06,Ignis Fang,fire,strike,common,fan,fire_strike_06.csv
fire_strike_07,Brand Ray,fire,strike,common,arrow,fire_strike_07.csv
fire_strike_08,Ember Beam,fire,strike,common,zigzag,fire_strike_08.csv
fire_strike_09,Molten Fang,fire,strike,common,zigzag,fire_strike_09.csv
fire_strike_10,Pyre Beam,fire,strike,uncommon,fan,fire_strike_10.csv
fire_strike_11,Inferno Blade,fire,strike,legendary,fan,fire_strike_11.csv
fire_strike_12,Smolder Bolt,fire,strike,common,zigzag,fire_strike_12.csv
fire_strike_13,Blaze Spike,fire,strike,common,beam,fire_strike_13.csv
fire_strike_14,Ignis Spear,fire,strike,uncommon,fan,fire_strike_14.csv
fire_strike_15,Flare Spear,fire,strike,rare,fan,fire_strike_15.csv
fire_strike_16,Pyre Javelin,fire,strike,common,arrow,fire_strike_16.csv
fire_strike_17,Blaze Dart,fire,strike,legendary,arrow,fire_strike_17.csv
fire_strike_18,Kindling Needle,fire,strike,common,zigzag,fire_strike_18.csv
fire_strike_19,Sunfire Spear,fire,strike,uncommon,zigzag,fire_strike_19.csv
fire_strike_20,Ignis Dart,fire,strike,uncommon,fan,fire_strike_20.csv
fire_strike_21,Pyre Blade,fire,strike,uncommon,arrow,fire_strike_21.csv
fire_strike_22,Ember Claw,fire,strike,common,zigzag,fire_strike_22.csv
fire_lob_01,Cinder Burst,fire,lob,common,bomb,fire_lob_01.csv
fire_lob_02,Sunfire Orb,fire,lob,uncommon,bomb,fire_lob_02.csv
fire_lob_03,Ember Bomb,fire,lob,rare,bomb,fire_lob_03.csv
fire_lob_04,Wildfire Comet,fire,lob,common,bomb,fire_lob_04.csv
fire_lob_05,Ash Stone,fire,lob,uncommon,bomb,fire_lob_05.csv
fire_lob_06,Flare Seed,fire,lob,common,bomb,fire_lob_06.csv
fire_lob_07,Hearth Pot,fire,lob,common,bomb,fire_lob_07.csv
fire_lob_08,Hearth Comet,fire,lob,common,bomb,fire_lob_08.csv
fire_lob_09,Sunfire Seed,fire,lob,uncommon,bomb,fire_lob_09.csv
fire_lob_10,Ember Globe,fire,lob,rare,bomb,fire_lob_10.csv
fire_ward_01,Smolder Screen,fire,ward,rare,shield,fire_ward_01.csv
fire_ward_02,Blaze Aegis,fire,ward,common,wall,fire_ward_02.csv
fire_ward_03,Molten Ward,fire,ward,rare,wall,fire_ward_03.csv
fire_ward_04,Kindling Aegis,fire,ward,common,thorns,fire_ward_04.csv
fire_ward_05,Cinder Bulwark,fire,ward,uncommon,shield,fire_ward_05.csv
fire_ward_06,Blaze Ward,fire,ward,legendary,wall,fire_ward_06.csv
fire_ward_07,Magma Wall,fire,ward,common,thorns,fire_ward_07.csv
fire_ward_08,Ember Bulwark,fire,ward,common,wall,fire_ward_08.csv
fire_ward_09,Scorch Screen,fire,ward,uncommon,thorns,fire_ward_09.csv
fire_sentry_01,Hearth Totem,fire,sentry,common,tower,fire_sentry_01.csv
fire_sentry_02,Flare Idol,fire,sentry,uncommon,tower,fire_sentry_02.csv
fire_sentry_03,Brand Pylon,fire,sentry,rare,tower,fire_sentry_03.csv
fire_sentry_04,Searing Idol,fire,sentry,uncommon,tower,fire_sentry_04.csv
fire_sentry_05,Magma Totem,fire,sentry,uncommon,tower,fire_sentry_05.csv
fire_sentry_06,Flame Spire,fire,sentry,common,tower,fire_sentry_06.csv
fire_sentry_07,Wildfire Lantern,fire,sentry,rare,tower,fire_sentry_07.csv
fire_sentry_08,Molten Sentry,fire,sentry,uncommon,tower,fire_sentry_08.csv
fire_boon_01,Sunfire Gift,fire,boon,common,sword,fire_boon_01.csv
fire_boon_02,Scorch Trance,fire,boon,common,sword,fire_boon_02.csv
fire_boon_03,Ignis Blessing,fire,boon,uncommon,sword,fire_boon_03.csv
fire_boon_04,Wildfire Rite,fire,boon,rare,skull,fire_boon_04.csv
fire_boon_05,Smolder Focus,fire,boon,uncommon,skull,fire_boon_05.csv
fire_boon_06,Wildfire Oath,fire,boon,uncommon,wing,fire_boon_06.csv
fire_boon_07,Inferno Oath,fire,boon,common,skull,fire_boon_07.csv
fire_boon_08,Cinder Focus,fire,boon,uncommon,sword,fire_boon_08.csv
fire_boon_09,Ash Stride,fire,boon,uncommon,wing,fire_boon_09.csv
fire_charge_01,Sunfire Pouch,fire,charge,uncommon,flask,fire_charge_01.csv
fire_charge_02,Flare Bundle,fire,charge,common,flask,fire_charge_02.csv
fire_charge_03,Ember Cask,fire,charge,common,flask,fire_charge_03.csv
fire_charge_04,Ember Pouch,fire,charge,rare,flask,fire_charge_04.csv
fire_charge_05,Ember Charm,fire,charge,common,flask,fire_charge_05.csv
fire_charge_06,Brand Pouch,fire,charge,uncommon,flask,fire_charge_06.csv
fire_charge_07,Inferno Bundle,fire,charge,common,flask,fire_charge_07.csv
fire_charge_08,Flare Cask,fire,charge,common,flask,fire_charge_08.csv
fire_charge_09,Smolder Pouch,fire,charge,uncommon,flask,fire_charge_09.csv
fire_charge_10,Pyre Satchel,fire,charge,rare,flask,fire_charge_10.csv
fire_charge_11,Ash Charm,fire,charge,common,flask,fire_charge_11.csv
fire_charge_12,Scorch Censer,fire,charge,rare,flask,fire_charge_12.csv
fire_charge_13,Wildfire Satchel,fire,charge,rare,flask,fire_charge_13.csv
fire_charge_14,Ash Pouch,fire,charge,rare,flask,fire_charge_14.csv
fire_utility_01,Smolder Map,fire,utility,uncommon,scroll,fire_utility_01.csv
fire_utility_02,Brand Key,fire,utility,common,scroll,fire_utility_02.csv
fire_utility_03,Sunfire Scroll,fire,utility,rare,scroll,fire_utility_03.csv
fire_utility_04,Pyre Lens,fire,utility,uncommon,scroll,fire_utility_04.csv
fire_utility_05,Scorch Key,fire,utility,uncommon,scroll,fire_utility_05.csv
fire_trap_01,Brand Trap,fire,trap,common,mine,fire_trap_01.csv
fire_trap_02,Searing Pitfall,fire,trap,rare,jaw,fire_trap_02.csv
fire_trap_03,Ignis Trap,fire,trap,legendary,mine,fire_trap_03.csv
fire_trap_04,Blaze Snare,fire,trap,uncommon,jaw,fire_trap_04.csv
fire_trap_05,Inferno Jaw,fire,trap,rare,mine,fire_trap_05.csv
fire_environment_01,Molten Field,fire,environment,common,flames,fire_environment_01.csv
fire_environment_02,Kindling Mire,fire,environment,rare,flames,fire_environment_02.csv
fire_environment_03,Ember Mire,fire,environment,common,flames,fire_environment_03.csv
fire_environment_04,Inferno Field,fire,environment,uncommon,crack,fire_environment_04.csv
fire_environment_05,Flame Field,fire,environment,rare,flames,fire_environment_05.csv
fire_piece_01,Heart of the Brand,fire,piece,legendary,heart,fire_piece_01.csv
fire_piece_02,Heart of the Cinder,fire,piece,legendary,heart,fire_piece_02.csv
fire_piece_03,Crown of the Brand,fire,piece,legendary,crown,fire_piece_03.csv
fire_piece_04,Eye of the Kindling,fire,piece,legendary,eye,fire_piece_04.csv
frost_strike_01,Hoarfrost Needle,frost,strike,rare,beam,frost_strike_01.csv
frost_strike_02,Rime Fang,frost,strike,uncommon,beam,frost_strike_02.csv
frost_strike_03,Hoarfrost Spear,frost,strike,rare,beam,frost_strike_03.csv
frost_strike_04,Sleet Needle,frost,strike,uncommon,beam,frost_strike_04.csv
frost_strike_05,Sleet Javelin,frost,strike,rare,beam,frost_strike_05.csv
frost_strike_06,Snow Bolt,frost,strike,rare,drill,frost_strike_06.csv
frost_strike_07,Polar Shot,frost,strike,common,drill,frost_strike_07.csv
frost_strike_08,Crystal Shot,frost,strike,common,fan,frost_strike_08.csv
frost_strike_09,Hail Javelin,frost,strike,uncommon,arrow,frost_strike_09.csv
frost_strike_10,Winter Fang,frost,strike,uncommon,arrow,frost_strike_10.csv
frost_strike_11,Sleet Fang,frost,strike,legendary,beam,frost_strike_11.csv
frost_strike_12,Arctic Bolt,frost,strike,uncommon,arrow,frost_strike_12.csv
frost_strike_13,Ice Spike,frost,strike,common,beam,frost_strike_13.csv
frost_strike_14,Icicle Claw,frost,strike,rare,arrow,frost_strike_14.csv
frost_strike_15,Hoarfrost Dart,frost,strike,rare,fan,frost_strike_15.csv
frost_strike_16,Hoarfrost Arrow,frost,strike,common,beam,frost_strike_16.csv
frost_strike_17,Pale Javelin,frost,strike,uncommon,beam,frost_strike_17.csv
frost_strike_18,Hail Needle,frost,strike,common,fan,frost_strike_18.csv
frost_strike_19,Frost Lash,frost,strike,uncommon,drill,frost_strike_19.csv
frost_strike_20,Arctic Javelin,frost,strike,common,beam,frost_strike_20.csv
frost_strike_21,Glacial Lash,frost,strike,legendary,beam,frost_strike_21.csv
frost_strike_22,Frost Javelin,frost,strike,uncommon,fan,frost_strike_22.csv
frost_strike_23,Chill Needle,frost,strike,common,fan,frost_strike_23.csv
frost_lob_01,Icicle Comet,frost,lob,common,bomb,frost_lob_01.csv
frost_lob_02,Hail Globe,frost,lob,common,bomb,frost_lob_02.csv
frost_lob_03,Crystal Pot,frost,lob,common,bomb,frost_lob_03.csv
frost_lob_04,Polar Pot,frost,lob,uncommon,bomb,frost_lob_04.csv
frost_lob_05,Arctic Globe,frost,lob,common,bomb,frost_lob_05.csv
frost_lob_06,Frost Burst,frost,lob,common,bomb,frost_lob_06.csv
frost_lob_07,Glacial Comet,frost,lob,uncommon,bomb,frost_lob_07.csv
frost_lob_08,Frozen Pot,frost,lob,common,bomb,frost_lob_08.csv
frost_lob_09,Polar Burst,frost,lob,uncommon,bomb,frost_lob_09.csv
frost_lob_10,Icicle Pot,frost,lob,uncommon,bomb,frost_lob_10.csv
frost_lob_11,Chill Seed,frost,lob,common,bomb,frost_lob_11.csv
frost_ward_01,Ice Bulwark,frost,ward,uncommon,shield,frost_ward_01.csv
frost_ward_02,Icicle Mantle,frost,ward,uncommon,shield,frost_ward_02.csv
frost_ward_03,Boreal Mantle,frost,ward,common,wall,frost_ward_03.csv
frost_ward_04,Chill Aegis,frost,ward,common,wall,frost_ward_04.csv
frost_ward_05,Pale Ward,frost,ward,rare,shield,frost_ward_05.csv
frost_ward_06,Sleet Rampart,frost,ward,uncommon,shield,frost_ward_06.csv
frost_ward_07,Crystal Veil,frost,ward,rare,shield,frost_ward_07.csv
frost_ward_08,Pale Veil,frost,ward,uncommon,shield,frost_ward_08.csv
frost_sentry_01,Frost Beacon,frost,sentry,uncommon,tower,frost_sentry_01.csv
frost_sentry_02,Winter Pylon,frost,sentry,legendary,tower,frost_sentry_02.csv
frost_sentry_03,Polar Obelisk,frost,sentry,uncommon,tower,frost_sentry_03.csv
frost_sentry_04,Hoarfrost Beacon,frost,sentry,rare,tower,frost_sentry_04.csv
frost_sentry_05,Snow Sentry,frost,sentry,uncommon,tower,frost_sentry_05.csv
frost_sentry_06,Permafrost Sentry,frost,sentry,rare,tower,frost_sentry_06.csv
frost_sentry_07,Chill Obelisk,frost,sentry,common,tower,frost_sentry_07.csv
frost_sentry_08,Chill Totem,frost,sentry,common,tower,frost_sentry_08.csv
frost_boon_01,Crystal Vigor,frost,boon,common,heart,frost_boon_01.csv
frost_boon_02,Hoarfrost Blessing,frost,boon,uncommon,wing,frost_boon_02.csv
frost_boon_03,Boreal Trance,frost,boon,common,swirl,frost_boon_03.csv
frost_boon_04,Frost Vigor,frost,boon,common,wing,frost_boon_04.csv
frost_boon_05,Snow Stride,frost,boon,uncommon,wing,frost_boon_05.csv
frost_boon_06,Pale Blessing,frost,boon,uncommon,swirl,frost_boon_06.csv
frost_boon_07,Numbing Trance,frost,boon,common,swirl,frost_boon_07.csv
frost_boon_08,Polar Rite,frost,boon,uncommon,wing,frost_boon_08.csv
frost_boon_09,Boreal Focus,frost,boon,legendary,swirl,frost_boon_09.csv
frost_charge_01,Crystal Flask,frost,charge,common,flask,frost_charge_01.csv
frost_charge_02,Polar Bundle,frost,charge,common,flask,frost_charge_02.csv
frost_charge_03,Numbing Censer,frost,charge,rare,flask,frost_charge_03.csv
frost_charge_04,Frozen Bundle,frost,charge,uncommon,flask,frost_charge_04.csv
frost_charge_05,Crystal Charm,frost,charge,common,flask,frost_charge_05.csv
frost_charge_06,Icicle Cask,frost,charge,common,flask,frost_charge_06.csv
frost_charge_07,Pale Charm,frost,charge,legendary,flask,frost_charge_07.csv
frost_charge_08,Frost Cask,frost,charge,rare,flask,frost_charge_08.csv
frost_charge_09,Ice Charm,frost,charge,rare,flask,frost_charge_09.csv
frost_charge_10,Pale Quiver,frost,charge,rare,flask,frost_charge_10.csv
frost_charge_11,Ice Pouch,frost,charge,common,flask,frost_charge_11.csv
frost_charge_12,Glacial Satchel,frost,charge,rare,flask,frost_charge_12.csv
frost_charge_13,Polar Cask,frost,charge,common,flask,frost_charge_13.csv
frost_charge_14,Polar Charm,frost,charge,common,flask,frost_charge_14.csv
frost_utility_01,Frozen Tome,frost,utility,rare,scroll,frost_utility_01.csv
frost_utility_02,Crystal Lens,frost,utility,common,scroll,frost_utility_02.csv
frost_utility_03,Polar Map,frost,utility,rare,scroll,frost_utility_03.csv
frost_utility_04,Arctic Candle,frost,utility,uncommon,scroll,frost_utility_04.csv
frost_utility_05,Hail Key,frost,utility,uncommon,scroll,frost_utility_05.csv
frost_trap_01,Crystal Snare,frost,trap,rare,snare,frost_trap_01.csv
frost_trap_02,Sleet Pitfall,frost,trap,common,snare,frost_trap_02.csv
frost_trap_03,Crystal Mine,frost,trap,uncommon,jaw,frost_trap_03.csv
frost_trap_04,Rime Snare,frost,trap,common,jaw,frost_trap_04.csv
frost_trap_05,Snow Jaw,frost,trap,uncommon,snare,frost_trap_05.csv
frost_environment_01,Polar Mire,frost,environment,rare,crystal,frost_environment_01.csv
frost_environment_02,Icicle Field,frost,environment,common,crystal,frost_environment_02.csv
frost_environment_03,Polar Ground,frost,environment,common,crystal,frost_environment_03.csv
frost_environment_04,Pale Rain,frost,environment,rare,crack,frost_environment_04.csv
frost_environment_05,Boreal Rain,frost,environment,common,crystal,frost_environment_05.csv
frost_piece_01,Sigil of the Numbing,frost,piece,legendary,sigil,frost_piece_01.csv
frost_piece_02,Sigil of the Rime,frost,piece,legendary,sigil,frost_piece_02.csv
frost_piece_03,Heart of the Icicle,frost,piece,legendary,heart,frost_piece_03.csv
frost_piece_04,Heart of the Winter,frost,piece,legendary,heart,frost_piece_04.csv
storm_strike_01,Flash Spike,storm,strike,common,burst,storm_strike_01.csv
storm_strike_02,Static Needle,storm,strike,common,cross,storm_strike_02.csv
storm_strike_03,Crackling Arrow,storm,strike,legendary,zigzag,storm_strike_03.csv
storm_strike_04,Lightning Arrow,storm,strike,common,burst,storm_strike_04.csv
storm_strike_05,Squall Spike,storm,strike,uncommon,arrow,storm_strike_05.csv
storm_strike_06,Cyclone Needle,storm,strike,common,arrow,storm_strike_06.csv
storm_strike_07,Spark Spike,storm,strike,rare,beam,storm_strike_07.csv
storm_strike_08,Spark Lance,storm,strike,uncommon,burst,storm_strike_08.csv
storm_strike_09,Flash Javelin,storm,strike,uncommon,beam,storm_strike_09.csv
storm_strike_10,Cyclone Shot,storm,strike,rare,arrow,storm_strike_10.csv
storm_strike_11,Ion Beam,storm,strike,rare,arrow,storm_strike_11.csv
storm_strike_12,Sky Arrow,storm,strike,uncommon,cross,storm_strike_12.csv
storm_strike_13,Zephyr Claw,storm,strike,uncommon,cross,storm_strike_13.csv
storm_strike_14,Galvanic Shot,storm,strike,common,arrow,storm_strike_14.csv
storm_strike_15,Monsoon Beam,storm,strike,legendary,beam,storm_strike_15.csv
storm_strike_16,Arc Spear,storm,strike,uncommon,cross,storm_strike_16.csv
storm_strike_17,Tempest Dart,storm,strike,uncommon,beam,storm_strike_17.csv
storm_strike_18,Zephyr Spike,storm,strike,rare,cross,storm_strike_18.csv
storm_strike_19,Tempest Fang,storm,strike,legendary,burst,storm_strike_19.csv
storm_strike_20,Cyclone Dart,storm,strike,uncommon,arrow,storm_strike_20.csv
storm_strike_21,Ion Blade,storm,strike,common,burst,storm_strike_21.csv
storm_strike_22,Gale Lash,storm,strike,rare,arrow,storm_strike_22.csv
storm_strike_23,Squall Needle,storm,strike,rare,arrow,storm_strike_23.csv
storm_lob_01,Lightning Globe,storm,lob,rare,bomb,storm_lob_01.csv
storm_lob_02,Zephyr Orb,storm,lob,uncommon,bomb,storm_lob_02.csv
storm_lob_03,Static Mortar,storm,lob,common,bomb,storm_lob_03.csv
storm_lob_04,Zephyr Comet,storm,lob,rare,bomb,storm_lob_04.csv
storm_lob_05,Flash Mortar,storm,lob,uncommon,bomb,storm_lob_05.csv
storm_lob_06,Zephyr Mortar,storm,lob,common,bomb,storm_lob_06.csv
storm_lob_07,Sky Burst,storm,lob,rare,bomb,storm_lob_07.csv
storm_lob_08,Static Bomb,storm,lob,rare,bomb,storm_lob_08.csv
storm_lob_09,Cyclone Bomb,storm,lob,common,bomb,storm_lob_09.csv
storm_lob_10,Static Orb,storm,lob,uncommon,bomb,storm_lob_10.csv
storm_ward_01,Surge Rampart,storm,ward,common,shield,storm_ward_01.csv
storm_ward_02,Ion Bulwark,storm,ward,rare,shield,storm_ward_02.csv
storm_ward_03,Surge Screen,storm,ward,common,wall,storm_ward_03.csv
storm_ward_04,Arc Ward,storm,ward,common,wall,storm_ward_04.csv
storm_ward_05,Charged Bulwark,storm,ward,common,shield,storm_ward_05.csv
storm_ward_06,Static Aegis,storm,ward,common,shield,storm_ward_06.csv
storm_ward_07,Flash Screen,storm,ward,common,shield,storm_ward_07.csv
storm_ward_08,Charged Rampart,storm,ward,common,wall,storm_ward_08.csv
storm_ward_09,Static Mantle,storm,ward,common,shield,storm_ward_09.csv
storm_sentry_01,Static Pylon,storm,sentry,rare,tower,storm_sentry_01.csv
storm_sentry_02,Thunder Lantern,storm,sentry,rare,tower,storm_sentry_02.csv
storm_sentry_03,Gale Totem,storm,sentry,uncommon,tower,storm_sentry_03.csv
storm_sentry_04,Flash Sentry,storm,sentry,common,tower,storm_sentry_04.csv
storm_sentry_05,Static Spire,storm,sentry,uncommon,tower,storm_sentry_05.csv
storm_sentry_06,Static Lantern,storm,sentry,common,tower,storm_sentry_06.csv
storm_sentry_07,Static Beacon,storm,sentry,uncommon,tower,storm_sentry_07.csv
storm_sentry_08,Charged Watcher,storm,sentry,common,tower,storm_sentry_08.csv
storm_boon_01,Spark Gift,storm,boon,common,hourglass,storm_boon_01.csv
storm_boon_02,Spark Vigor,storm,boon,rare,wing,storm_boon_02.csv
storm_boon_03,Surge Trance,storm,boon,common,hourglass,storm_boon_03.csv
storm_boon_04,Surge Hymn,storm,boon,common,sword,storm_boon_04.csv
storm_boon_05,Monsoon Rite,storm,boon,uncommon,sword,storm_boon_05.csv
storm_boon_06,Lightning Trance,storm,boon,common,wing,storm_boon_06.csv
storm_boon_07,Ion Blessing,storm,boon,rare,sword,storm_boon_07.csv
storm_boon_08,Ion Focus,storm,boon,uncommon,sword,storm_boon_08.csv
storm_boon_09,Lightning Blessing,storm,boon,uncommon,sword,storm_boon_09.csv
storm_charge_01,Galvanic Vial,storm,charge,uncommon,flask,storm_charge_01.csv
storm_charge_02,Charged Pouch,storm,charge,uncommon,flask,storm_charge_02.csv
storm_charge_03,Flash Pouch,storm,charge,common,flask,storm_charge_03.csv
storm_charge_04,Charged Satchel,storm,charge,rare,flask,storm_charge_04.csv
storm_charge_05,Zephyr Vial,storm,charge,rare,flask,storm_charge_05.csv
storm_charge_06,Crackling Pouch,storm,charge,common,flask,storm_charge_06.csv
storm_charge_07,Sky Bundle,storm,charge,uncommon,flask,storm_charge_07.csv
storm_charge_08,Storm Censer,storm,charge,common,flask,storm_charge_08.csv
storm_charge_09,Storm Quiver,storm,charge,common,flask,storm_charge_09.csv
storm_charge_10,Monsoon Quiver,storm,charge,legendary,flask,storm_charge_10.csv
storm_charge_11,Ion Bundle,storm,charge,uncommon,flask,storm_charge_11.csv
storm_charge_12,Lightning Satchel,storm,charge,uncommon,flask,storm_charge_12.csv
storm_charge_13,Volt Quiver,storm,charge,rare,flask,storm_charge_13.csv
storm_charge_14,Ion Flask,storm,charge,uncommon,flask,storm_charge_14.csv
storm_utility_01,Tempest Map,storm,utility,legendary,scroll,storm_utility_01.csv
storm_utility_02,Lightning Map,storm,utility,rare,scroll,storm_utility_02.csv
storm_utility_03,Spark Map,storm,utility,common,scroll,storm_utility_03.csv
storm_utility_04,Lightning Tome,storm,utility,common,scroll,storm_utility_04.csv
storm_utility_05,Zephyr Tome,storm,utility,uncommon,scroll,storm_utility_05.csv
storm_trap_01,Sky Snare,storm,trap,common,snare,storm_trap_01.csv
storm_trap_02,Static Glyph,storm,trap,rare,mine,storm_trap_02.csv
storm_trap_03,Arc Mine,storm,trap,common,snare,storm_trap_03.csv
storm_trap_04,Charged Jaw,storm,trap,common,mine,storm_trap_04.csv
storm_trap_05,Lightning Rune,storm,trap,uncommon,mine,storm_trap_05.csv
storm_environment_01,Gale Mire,storm,environment,common,flames,storm_environment_01.csv
storm_environment_02,Lightning Mire,storm,environment,uncommon,crack,storm_environment_02.csv
storm_environment_03,Crackling Field,storm,environment,uncommon,crack,storm_environment_03.csv
storm_environment_04,Flash Quake,storm,environment,common,flames,storm_environment_04.csv
storm_environment_05,Cyclone Tide,storm,environment,uncommon,crack,storm_environment_05.csv
storm_piece_01,Crown of the Flash,storm,piece,legendary,crown,storm_piece_01.csv
storm_piece_02,Heart of the Arc,storm,piece,legendary,heart,storm_piece_02.csv
storm_piece_03,Crown of the Arc,storm,piece,legendary,crown,storm_piece_03.csv
storm_piece_04,Heart of the Gale,storm,piece,legendary,heart,storm_piece_04.csv
verdant_strike_01,Verdant Beam,verdant,strike,legendary,fan,verdant_strike_01.csv
verdant_strike_02,Wild Spike,verdant,strike,common,drill,verdant_strike_02.csv
verdant_strike_03,Bramble Lash,verdant,strike,common,arrow,verdant_strike_03.csv
verdant_strike_04,Bloom Claw,verdant,strike,uncommon,fan,verdant_strike_04.csv
verdant_strike_05,Thorn Claw,verdant,strike,common,fan,verdant_strike_05.csv
verdant_strike_06,Briar Claw,verdant,strike,common,fan,verdant_strike_06.csv
verdant_strike_07,Seed Fang,verdant,strike,uncommon,fan,verdant_strike_07.csv
verdant_strike_08,Sap Claw,verdant,strike,common,arrow,verdant_strike_08.csv
verdant_strike_09,Spore Needle,verdant,strike,rare,arrow,verdant_strike_09.csv
verdant_strike_10,Grove Spear,verdant,strike,common,fan,verdant_strike_10.csv
verdant_strike_11,Wild Beam,verdant,strike,rare,fan,verdant_strike_11.csv
verdant_strike_12,Ivy Needle,verdant,strike,legendary,arrow,verdant_strike_12.csv
verdant_strike_13,Nettle Javelin,verdant,strike,common,arrow,verdant_strike_13.csv
verdant_strike_14,Verdant Blade,verdant,strike,uncommon,drill,verdant_strike_14.csv
verdant_strike_15,Spore Spear,verdant,strike,uncommon,drill,verdant_strike_15.csv
verdant_strike_16,Briar Javelin,verdant,strike,rare,drill,verdant_strike_16.csv
verdant_strike_17,Ivy Javelin,verdant,strike,rare,drill,verdant_strike_17.csv
verdant_strike_18,Root Beam,verdant,strike,rare,arrow,verdant_strike_18.csv
verdant_strike_19,Nettle Blade,verdant,strike,common,drill,verdant_strike_19.csv
verdant_strike_20,Sap Shot,verdant,strike,rare,arrow,verdant_strike_20.csv
verdant_strike_21,Spore Bolt,verdant,strike,rare,fan,verdant_strike_21.csv
verdant_strike_22,Sap Javelin,verdant,strike,uncommon,fan,verdant_strike_22.csv
verdant_strike_23,Grove Fang,verdant,strike,common,fan,verdant_strike_23.csv
verdant_strike_24,Fern Beam,verdant,strike,uncommon,arrow,verdant_strike_24.csv
verdant_lob_01,Hollow Burst,verdant,lob,legendary,bomb,verdant_lob_01.csv
verdant_lob_02,Wild Pot,verdant,lob,rare,bomb,verdant_lob_02.csv
verdant_lob_03,Oak Seed,verdant,lob,common,bomb,verdant_lob_03.csv
verdant_lob_04,Ivy Pot,verdant,lob,rare,bomb,verdant_lob_04.csv
verdant_lob_05,Wild Globe,verdant,lob,uncommon,bomb,verdant_lob_05.csv
verdant_lob_06,Verdant Burst,verdant,lob,uncommon,bomb,verdant_lob_06.csv
verdant_lob_07,Thorn Burst,verdant,lob,common,bomb,verdant_lob_07.csv
verdant_lob_08,Ivy Comet,verdant,lob,common,bomb,verdant_lob_08.csv
verdant_lob_09,Verdant Globe,verdant,lob,legendary,bomb,verdant_lob_09.csv
verdant_lob_10,Hollow Stone,verdant,lob,legendary,bomb,verdant_lob_10.csv
verdant_lob_11,Thistle Seed,verdant,lob,rare,bomb,verdant_lob_11.csv
verdant_ward_01,Seed Aegis,verdant,ward,rare,wall,verdant_ward_01.csv
verdant_ward_02,Oak Rampart,verdant,ward,common,wall,verdant_ward_02.csv
verdant_ward_03,Root Aegis,verdant,ward,common,shield,verdant_ward_03.csv
verdant_ward_04,Willow Ward,verdant,ward,common,thorns,verdant_ward_04.csv
verdant_ward_05,Sap Rampart,verdant,ward,common,thorns,verdant_ward_05.csv
verdant_ward_06,Oak Mantle,verdant,ward,common,shield,verdant_ward_06.csv
verdant_ward_07,Bloom Aegis,verdant,ward,rare,shield,verdant_ward_07.csv
verdant_ward_08,Fern Screen,verdant,ward,uncommon,thorns,verdant_ward_08.csv
verdant_sentry_01,Verdant Beacon,verdant,sentry,rare,tower,verdant_sentry_01.csv
verdant_sentry_02,Fern Totem,verdant,sentry,rare,tower,verdant_sentry_02.csv
verdant_sentry_03,Oak Idol,verdant,sentry,rare,tower,verdant_sentry_03.csv
verdant_sentry_04,Willow Watcher,verdant,sentry,common,tower,verdant_sentry_04.csv
verdant_sentry_05,Spore Idol,verdant,sentry,uncommon,tower,verdant_sentry_05.csv
verdant_sentry_06,Wild Obelisk,verdant,sentry,rare,tower,verdant_sentry_06.csv
verdant_sentry_07,Willow Idol,verdant,sentry,common,tower,verdant_sentry_07.csv
verdant_sentry_08,Oak Spire,verdant,sentry,uncommon,tower,verdant_sentry_08.csv
verdant_boon_01,Ivy Focus,verdant,boon,uncommon,heart,verdant_boon_01.csv
verdant_boon_02,Moss Gift,verdant,boon,uncommon,heart,verdant_boon_02.csv
verdant_boon_03,Bramble Trance,verdant,boon,uncommon,heart,verdant_boon_03.csv
verdant_boon_04,Bloom Stride,verdant,boon,uncommon,heart,verdant_boon_04.csv
verdant_boon_05,Vine Vigor,verdant,boon,common,heart,verdant_boon_05.csv
verdant_boon_06,Thistle Gift,verdant,boon,uncommon,heart,verdant_boon_06.csv
verdant_boon_07,Bramble Blessing,verdant,boon,common,heart,verdant_boon_07.csv
verdant_charge_01,Bramble Censer,verdant,charge,rare,flask,verdant_charge_01.csv
verdant_charge_02,Grove Cask,verdant,charge,rare,flask,verdant_charge_02.csv
verdant_charge_03,Wild Censer,verdant,charge,rare,flask,verdant_charge_03.csv
verdant_charge_04,Seed Vial,verdant,charge,common,flask,verdant_charge_04.csv
verdant_charge_05,Sap Charm,verdant,charge,uncommon,flask,verdant_charge_05.csv
verdant_charge_06,Wild Satchel,verdant,charge,common,flask,verdant_charge_06.csv
verdant_charge_07,Nettle Bundle,verdant,charge,uncommon,flask,verdant_charge_07.csv
verdant_charge_08,Oak Charm,verdant,charge,rare,flask,verdant_charge_08.csv
verdant_charge_09,Vine Satchel,verdant,charge,uncommon,flask,verdant_charge_09.csv
verdant_charge_10,Ivy Bundle,verdant,charge,uncommon,flask,verdant_charge_10.csv
verdant_charge_11,Fern Charm,verdant,charge,uncommon,flask,verdant_charge_11.csv
verdant_charge_12,Spore Pouch,verdant,charge,common,flask,verdant_charge_12.csv
verdant_charge_13,Oak Flask,verdant,charge,common,flask,verdant_charge_13.csv
verdant_charge_14,Thistle Pouch,verdant,charge,uncommon,flask,verdant_charge_14.csv
verdant_utility_01,Thistle Tome,verdant,utility,common,scroll,verdant_utility_01.csv
verdant_utility_02,Thistle Candle,verdant,utility,common,scroll,verdant_utility_02.csv
verdant_utility_03,Briar Codex,verdant,utility,uncommon,scroll,verdant_utility_03.csv
verdant_utility_04,Bloom Lens,verdant,utility,uncommon,scroll,verdant_utility_04.csv
verdant_utility_05,Sap Codex,verdant,utility,common,scroll,verdant_utility_05.csv
verdant_trap_01,Moss Trap,verdant,trap,common,jaw,verdant_trap_01.csv
verdant_trap_02,Sap Tripwire,verdant,trap,common,jaw,verdant_trap_02.csv
verdant_trap_03,Hollow Tripwire,verdant,trap,common,jaw,verdant_trap_03.csv
verdant_trap_04,Sap Trap,verdant,trap,uncommon,jaw,verdant_trap_04.csv
verdant_trap_05,Hollow Snare,verdant,trap,common,jaw,verdant_trap_05.csv
verdant_environment_01,Verdant Rain,verdant,environment,common,crystal,verdant_environment_01.csv
verdant_environment_02,Grove Rain,verdant,environment,common,crystal,verdant_environment_02.csv
verdant_environment_03,Hollow Quake,verdant,environment,common,crystal,verdant_environment_03.csv
verdant_environment_04,Root Rain,verdant,environment,uncommon,crystal,verdant_environment_04.csv
verdant_environment_05,Bramble Rain,verdant,environment,uncommon,vine,verdant_environment_05.csv
verdant_piece_01,Sigil of the Seed,verdant,piece,legendary,sigil,verdant_piece_01.csv
verdant_piece_02,Crown of the Oak,verdant,piece,legendary,crown,verdant_piece_02.csv
verdant_piece_03,Crown of the Vine,verdant,piece,legendary,crown,verdant_piece_03.csv
verdant_piece_04,Heart of the Wild,verdant,piece,legendary,heart,verdant_piece_04.csv
light_strike_01,Luminous Ray,light,strike,uncommon,burst,light_strike_01.csv
light_strike_02,Radiant Beam,light,strike,uncommon,arrow,light_strike_02.csv
light_strike_03,Blessed Claw,light,strike,common,orbs,light_strike_03.csv
light_strike_04,Valiant Shot,light,strike,common,burst,light_strike_04.csv
light_strike_05,Blessed Spear,light,strike,common,cross,light_strike_05.csv
light_strike_06,Holy Spear,light,strike,common,arrow,light_strike_06.csv
light_strike_07,Pure Lance,light,strike,common,arrow,light_strike_07.csv
light_strike_08,Dawnlit Lance,light,strike,common,arrow,light_strike_08.csv
light_strike_09,Shining Lash,light,strike,common,arrow,light_strike_09.csv
light_strike_10,Dawnlit Spear,light,strike,uncommon,orbs,light_strike_10.csv
light_strike_11,Brave Ray,light,strike,rare,arrow,light_strike_11.csv
light_strike_12,Pure Claw,light,strike,uncommon,cross,light_strike_12.csv
light_strike_13,Gleaming Beam,light,strike,common,arrow,light_strike_13.csv
light_strike_14,Gleaming Arrow,light,strike,rare,arrow,light_strike_14.csv
light_strike_15,Valiant Spear,light,strike,legendary,cross,light_strike_15.csv
light_strike_16,Hallowed Blade,light,strike,legendary,arrow,light_strike_16.csv
light_strike_17,Bright Lash,light,strike,uncommon,orbs,light_strike_17.csv
light_strike_18,Gleaming Blade,light,strike,common,orbs,light_strike_18.csv
light_strike_19,Aurora Claw,light,strike,common,burst,light_strike_19.csv
light_strike_20,Dawn Shot,light,strike,legendary,burst,light_strike_20.csv
light_strike_21,Blessed Lance,light,strike,rare,arrow,light_strike_21.csv
light_strike_22,Bright Dart,light,strike,common,arrow,light_strike_22.csv
light_strike_23,Luminous Bolt,light,strike,common,arrow,light_strike_23.csv
light_lob_01,Sacred Burst,light,lob,uncommon,bomb,light_lob_01.csv
light_lob_02,Vigil Pot,light,lob,uncommon,bomb,light_lob_02.csv
light_lob_03,Luminous Seed,light,lob,legendary,bomb,light_lob_03.csv
light_lob_04,Dawnlit Globe,light,lob,rare,bomb,light_lob_04.csv
light_lob_05,Luminous Stone,light,lob,uncommon,bomb,light_lob_05.csv
light_lob_06,Sacred Comet,light,lob,common,bomb,light_lob_06.csv
light_lob_07,Sacred Pot,light,lob,common,bomb,light_lob_07.csv
light_lob_08,Hallowed Burst,light,lob,common,bomb,light_lob_08.csv
light_lob_09,Holy Stone,light,lob,common,bomb,light_lob_09.csv
light_lob_10,Gleaming Mortar,light,lob,uncommon,bomb,light_lob_10.csv
light_lob_11,Solar Bomb,light,lob,rare,bomb,light_lob_11.csv
light_ward_01,Dawn Veil,light,ward,common,wall,light_ward_01.csv
light_ward_02,Holy Mantle,light,ward,uncommon,shield,light_ward_02.csv
light_ward_03,Dawn Wall,light,ward,legendary,shield,light_ward_03.csv
light_ward_04,Solar Screen,light,ward,common,wall,light_ward_04.csv
light_ward_05,Vigil Veil,light,ward,uncommon,shield,light_ward_05.csv
light_ward_06,Vigil Mantle,light,ward,rare,shield,light_ward_06.csv
light_ward_07,Solar Barrier,light,ward,common,shield,light_ward_07.csv
light_ward_08,Blessed Veil,light,ward,common,shield,light_ward_08.csv
light_ward_09,Halo Bulwark,light,ward,rare,shield,light_ward_09.csv
light_sentry_01,Shining Pylon,light,sentry,uncommon,tower,light_sentry_01.csv
light_sentry_02,Aurora Obelisk,light,sentry,rare,tower,light_sentry_02.csv
light_sentry_03,Dawn Beacon,light,sentry,common,tower,light_sentry_03.csv
light_sentry_04,Blessed Beacon,light,sentry,uncommon,tower,light_sentry_04.csv
light_sentry_05,Brave Lantern,light,sentry,uncommon,tower,light_sentry_05.csv
light_sentry_06,Dawn Idol,light,sentry,common,tower,light_sentry_06.csv
light_sentry_07,Dawn Obelisk,light,sentry,common,tower,light_sentry_07.csv
light_sentry_08,Radiant Sentry,light,sentry,uncommon,tower,light_sentry_08.csv
light_boon_01,Dawn Rite,light,boon,uncommon,halo,light_boon_01.csv
light_boon_02,Gilded Oath,light,boon,rare,halo,light_boon_02.csv
light_boon_03,Hallowed Hymn,light,boon,common,heart,light_boon_03.csv
light_boon_04,Dawn Hymn,light,boon,uncommon,heart,light_boon_04.csv
light_boon_05,Halo Trance,light,boon,rare,heart,light_boon_05.csv
light_boon_06,Brave Trance,light,boon,uncommon,heart,light_boon_06.csv
light_boon_07,Seraph Rite,light,boon,uncommon,halo,light_boon_07.csv
light_charge_01,Dawn Charm,light,charge,rare,flask,light_charge_01.csv
light_charge_02,Holy Flask,light,charge,common,flask,light_charge_02.csv
light_charge_03,Shining Pouch,light,charge,common,flask,light_charge_03.csv
light_charge_04,Blessed Censer,light,charge,uncommon,flask,light_charge_04.csv
light_charge_05,Sacred Pouch,light,charge,rare,flask,light_charge_05.csv
light_charge_06,Gilded Charm,light,charge,rare,flask,light_charge_06.csv
light_charge_07,Pure Charm,light,charge,uncommon,flask,light_charge_07.csv
light_charge_08,Gilded Cask,light,charge,common,flask,light_charge_08.csv
light_charge_09,Valiant Charm,light,charge,rare,flask,light_charge_09.csv
light_charge_10,Gilded Pouch,light,charge,rare,flask,light_charge_10.csv
light_charge_11,Gleaming Vial,light,charge,common,flask,light_charge_11.csv
light_charge_12,Brave Cask,light,charge,uncommon,flask,light_charge_12.csv
light_charge_13,Dawnlit Vial,light,charge,common,flask,light_charge_13.csv
light_charge_14,Pure Quiver,light,charge,rare,flask,light_charge_14.csv
light_utility_01,Brave Lens,light,utility,common,cards,light_utility_01.csv
light_utility_02,Hallowed Candle,light,utility,uncommon,scroll,light_utility_02.csv
light_utility_03,Bright Tome,light,utility,rare,scroll,light_utility_03.csv
light_utility_04,Luminous Candle,light,utility,common,scroll,light_utility_04.csv
light_utility_05,Halo Map,light,utility,uncommon,cards,light_utility_05.csv
light_trap_01,Shining Glyph,light,trap,uncommon,snare,light_trap_01.csv
light_trap_02,Luminous Mine,light,trap,common,snare,light_trap_02.csv
light_trap_03,Gilded Tripwire,light,trap,rare,snare,light_trap_03.csv
light_trap_04,Dawn Glyph,light,trap,common,snare,light_trap_04.csv
light_trap_05,Dawnlit Trap,light,trap,rare,snare,light_trap_05.csv
light_environment_01,Brave Rain,light,environment,common,crack,light_environment_01.csv
light_environment_02,Solar Storm,light,environment,common,flames,light_environment_02.csv
light_environment_03,Brave Field,light,environment,uncommon,crack,light_environment_03.csv
light_environment_04,Shining Rain,light,environment,common,crack,light_environment_04.csv
light_environment_05,Pure Mire,light,environment,uncommon,flames,light_environment_05.csv
light_piece_01,Sigil of the Solar,light,piece,legendary,sigil,light_piece_01.csv
light_piece_02,Heart of the Valiant,light,piece,legendary,heart,light_piece_02.csv
light_piece_03,Crown of the Solar,light,piece,legendary,crown,light_piece_03.csv
light_piece_04,Heart of the Blessed,light,piece,legendary,heart,light_piece_04.csv
shadow_strike_01,Raven Lance,shadow,strike,common,arrow,shadow_strike_01.csv
shadow_strike_02,Blood Dart,shadow,strike,uncommon,arrow,shadow_strike_02.csv
shadow_strike_03,Bone Ray,shadow,strike,uncommon,burst,shadow_strike_03.csv
shadow_strike_04,Vile Javelin,shadow,strike,common,arrow,shadow_strike_04.csv
shadow_strike_05,Raven Beam,shadow,strike,common,beam,shadow_strike_05.csv
shadow_strike_06,Night Lash,shadow,strike,rare,arrow,shadow_strike_06.csv
shadow_strike_07,Hex Ray,shadow,strike,common,arrow,shadow_strike_07.csv
shadow_strike_08,Raven Needle,shadow,strike,rare,drill,shadow_strike_08.csv
shadow_strike_09,Soul Bolt,shadow,strike,common,drill,shadow_strike_09.csv
shadow_strike_10,Dusk Dart,shadow,strike,legendary,arrow,shadow_strike_10.csv
shadow_strike_11,Crypt Lash,shadow,strike,rare,drill,shadow_strike_11.csv
shadow_strike_12,Dread Lash,shadow,strike,rare,drill,shadow_strike_12.csv
shadow_strike_13,Hex Shot,shadow,strike,common,beam,shadow_strike_13.csv
shadow_strike_14,Cursed Lash,shadow,strike,common,burst,shadow_strike_14.csv
shadow_strike_15,Dusk Spike,shadow,strike,uncommon,arrow,shadow_strike_15.csv
shadow_strike_16,Shade Lash,shadow,strike,uncommon,arrow,shadow_strike_16.csv
shadow_strike_17,Grave Shot,shadow,strike,uncommon,burst,shadow_strike_17.csv
shadow_strike_18,Night Shot,shadow,strike,common,beam,shadow_strike_18.csv
shadow_strike_19,Bone Javelin,shadow,strike,common,arrow,shadow_strike_19.csv
shadow_strike_20,Eclipse Lance,shadow,strike,common,arrow,shadow_strike_20.csv
shadow_strike_21,Dread Claw,shadow,strike,uncommon,drill,shadow_strike_21.csv
shadow_strike_22,Gloom Lance,shadow,strike,legendary,arrow,shadow_strike_22.csv
shadow_lob_01,Eclipse Burst,shadow,lob,rare,bomb,shadow_lob_01.csv
shadow_lob_02,Grave Bomb,shadow,lob,common,bomb,shadow_lob_02.csv
shadow_lob_03,Cursed Globe,shadow,lob,common,bomb,shadow_lob_03.csv
shadow_lob_04,Raven Pot,shadow,lob,rare,bomb,shadow_lob_04.csv
shadow_lob_05,Crypt Seed,shadow,lob,common,bomb,shadow_lob_05.csv
shadow_lob_06,Dusk Bomb,shadow,lob,uncommon,bomb,shadow_lob_06.csv
shadow_lob_07,Cursed Stone,shadow,lob,common,bomb,shadow_lob_07.csv
shadow_lob_08,Hex Mortar,shadow,lob,common,bomb,shadow_lob_08.csv
shadow_lob_09,Blood Bomb,shadow,lob,uncommon,bomb,shadow_lob_09.csv
shadow_lob_10,Dusk Globe,shadow,lob,uncommon,bomb,shadow_lob_10.csv
shadow_lob_11,Dread Burst,shadow,lob,uncommon,bomb,shadow_lob_11.csv
shadow_ward_01,Eclipse Ward,shadow,ward,uncommon,wall,shadow_ward_01.csv
shadow_ward_02,Crypt Barrier,shadow,ward,uncommon,wall,shadow_ward_02.csv
shadow_ward_03,Gloom Mantle,shadow,ward,uncommon,wall,shadow_ward_03.csv
shadow_ward_04,Tomb Rampart,shadow,ward,common,wall,shadow_ward_04.csv
shadow_ward_05,Shade Screen,shadow,ward,rare,thorns,shadow_ward_05.csv
shadow_ward_06,Shade Ward,shadow,ward,uncommon,wall,shadow_ward_06.csv
shadow_ward_07,Raven Rampart,shadow,ward,uncommon,thorns,shadow_ward_07.csv
shadow_ward_08,Dusk Aegis,shadow,ward,common,wall,shadow_ward_08.csv
shadow_ward_09,Vile Mantle,shadow,ward,rare,wall,shadow_ward_09.csv
shadow_sentry_01,Vile Lantern,shadow,sentry,rare,tower,shadow_sentry_01.csv
shadow_sentry_02,Grave Obelisk,shadow,sentry,common,tower,shadow_sentry_02.csv
shadow_sentry_03,Ghoul Idol,shadow,sentry,uncommon,tower,shadow_sentry_03.csv
shadow_sentry_04,Bone Lantern,shadow,sentry,uncommon,tower,shadow_sentry_04.csv
shadow_sentry_05,Shade Sentry,shadow,sentry,rare,tower,shadow_sentry_05.csv
shadow_sentry_06,Gloom Lantern,shadow,sentry,common,tower,shadow_sentry_06.csv
shadow_sentry_07,Soul Spire,shadow,sentry,rare,tower,shadow_sentry_07.csv
shadow_sentry_08,Grave Pylon,shadow,sentry,rare,tower,shadow_sentry_08.csv
shadow_boon_01,Dusk Trance,shadow,boon,common,skull,shadow_boon_01.csv
shadow_boon_02,Blood Hymn,shadow,boon,uncommon,heart,shadow_boon_02.csv
shadow_boon_03,Eclipse Oath,shadow,boon,rare,skull,shadow_boon_03.csv
shadow_boon_04,Bone Oath,shadow,boon,rare,heart,shadow_boon_04.csv
shadow_boon_05,Shade Rite,shadow,boon,legendary,heart,shadow_boon_05.csv
shadow_boon_06,Cursed Focus,shadow,boon,common,skull,shadow_boon_06.csv
shadow_boon_07,Ghoul Stride,shadow,boon,common,skull,shadow_boon_07.csv
shadow_boon_08,Cursed Hymn,shadow,boon,common,skull,shadow_boon_08.csv
shadow_boon_09,Blood Vigor,shadow,boon,common,skull,shadow_boon_09.csv
shadow_charge_01,Shade Cask,shadow,charge,uncommon,flask,shadow_charge_01.csv
shadow_charge_02,Hex Cask,shadow,charge,uncommon,flask,shadow_charge_02.csv
shadow_charge_03,Dusk Bundle,shadow,charge,uncommon,flask,shadow_charge_03.csv
shadow_charge_04,Dread Flask,shadow,charge,uncommon,flask,shadow_charge_04.csv
shadow_charge_05,Wraith Bundle,shadow,charge,common,flask,shadow_charge_05.csv
shadow_charge_06,Umbral Censer,shadow,charge,common,flask,shadow_charge_06.csv
shadow_charge_07,Tomb Charm,shadow,charge,rare,flask,shadow_charge_07.csv
shadow_charge_08,Dread Satchel,shadow,charge,common,flask,shadow_charge_08.csv
shadow_charge_09,Tomb Cask,shadow,charge,common,flask,shadow_charge_09.csv
shadow_charge_10,Wraith Vial,shadow,charge,uncommon,flask,shadow_charge_10.csv
shadow_charge_11,Bone Bundle,shadow,charge,common,flask,shadow_charge_11.csv
shadow_charge_12,Umbral Vial,shadow,charge,rare,flask,shadow_charge_12.csv
shadow_charge_13,Cursed Censer,shadow,charge,common,flask,shadow_charge_13.csv
shadow_charge_14,Hex Quiver,shadow,charge,common,flask,shadow_charge_14.csv
shadow_utility_01,Gloom Lens,shadow,utility,common,cards,shadow_utility_01.csv
shadow_utility_02,Grave Codex,shadow,utility,rare,cards,shadow_utility_02.csv
shadow_utility_03,Grave Compass,shadow,utility,common,scroll,shadow_utility_03.csv
shadow_utility_04,Blood Key,shadow,utility,legendary,scroll,shadow_utility_04.csv
shadow_utility_05,Dusk Lens,shadow,utility,legendary,scroll,shadow_utility_05.csv
shadow_trap_01,Soul Mine,shadow,trap,uncommon,jaw,shadow_trap_01.csv
shadow_trap_02,Cursed Tripwire,shadow,trap,uncommon,jaw,shadow_trap_02.csv
shadow_trap_03,Crypt Pitfall,shadow,trap,rare,snare,shadow_trap_03.csv
shadow_trap_04,Raven Glyph,shadow,trap,uncommon,snare,shadow_trap_04.csv
shadow_trap_05,Hex Mine,shadow,trap,uncommon,jaw,shadow_trap_05.csv
shadow_environment_01,Crypt Storm,shadow,environment,common,vine,shadow_environment_01.csv
shadow_environment_02,Dread Ground,shadow,environment,rare,vine,shadow_environment_02.csv
shadow_environment_03,Grave Storm,shadow,environment,common,flames,shadow_environment_03.csv
shadow_environment_04,Hex Blight,shadow,environment,common,flames,shadow_environment_04.csv
shadow_environment_05,Dread Rain,shadow,environment,common,flames,shadow_environment_05.csv
shadow_piece_01,Sigil of the Dusk,shadow,piece,legendary,sigil,shadow_piece_01.csv
shadow_piece_02,Crown of the Crypt,shadow,piece,legendary,crown,shadow_piece_02.csv
shadow_piece_03,Sigil of the Grave,shadow,piece,legendary,sigil,shadow_piece_03.csv
shadow_piece_04,Sigil of the Tomb,shadow,piece,legendary,sigil,shadow_piece_04.csv
gray_charge_01,Noble Bundle,gray,charge,uncommon,flask,gray_charge_01.csv
gray_charge_02,Tiny Pouch,gray,charge,common,flask,gray_charge_02.csv
gray_charge_03,Mossy Flask,gray,charge,uncommon,flask,gray_charge_03.csv
gray_charge_04,Brave Satchel,gray,charge,common,flask,gray_charge_04.csv
gray_charge_05,Tiny Charm,gray,charge,rare,flask,gray_charge_05.csv
gray_charge_06,Old Flask,gray,charge,uncommon,flask,gray_charge_06.csv
gray_piece_01,Crown of the Clever,gray,piece,legendary,crown,gray_piece_01.csv
gray_piece_02,Sigil of the Scrappy,gray,piece,legendary,sigil,gray_piece_02.csv
gray_piece_03,Heart of the Old,gray,piece,legendary,heart,gray_piece_03.csv
gray_piece_04,Crown of the Sly,gray,piece,legendary,crown,gray_piece_04.csv
gray_summon_01,Dire Spirit,gray,summon,common,blob,gray_summon_01.csv
gray_summon_02,Clever Hound,gray,summon,common,ears,gray_summon_02.csv
gray_summon_03,Tiny Sprite,gray,summon,common,horns,gray_summon_03.csv
gray_summon_04,Gentle Toad,gray,summon,common,blob,gray_summon_04.csv
gray_summon_05,Grim Bear,gray,summon,common,ears,gray_summon_05.csv
gray_summon_06,Tiny Fox,gray,summon,legendary,ears,gray_summon_06.csv
gray_summon_07,Scrappy Golem,gray,summon,uncommon,block,gray_summon_07.csv
gray_summon_08,Stone Spirit,gray,summon,common,blob,gray_summon_08.csv
gray_summon_09,Wild Spirit,gray,summon,common,blob,gray_summon_09.csv
gray_summon_10,Pale Fox,gray,summon,common,ears,gray_summon_10.csv
gray_summon_11,Tiny Squire,gray,summon,rare,helmet,gray_summon_11.csv
gray_summon_12,Sly Fox,gray,summon,common,ears,gray_summon_12.csv
gray_summon_13,Hungry Spirit,gray,summon,uncommon,blob,gray_summon_13.csv
gray_summon_14,Mossy Owl,gray,summon,common,beak,gray_summon_14.csv
gray_summon_15,Grim Imp,gray,summon,rare,horns,gray_summon_15.csv
gray_summon_16,Swift Bat,gray,summon,uncommon,batwing,gray_summon_16.csv
gray_summon_17,Loyal Beetle,gray,summon,common,batwing,gray_summon_17.csv
gray_summon_18,Ancient Rat,gray,summon,common,ears,gray_summon_18.csv
gray_summon_19,Stone Bat,gray,summon,uncommon,batwing,gray_summon_19.csv
gray_summon_20,Loyal Imp,gray,summon,rare,horns,gray_summon_20.csv
gray_summon_21,Wild Ogre,gray,summon,common,block,gray_summon_21.csv
gray_summon_22,Old Owl,gray,summon,common,beak,gray_summon_22.csv
gray_summon_23,Dire Beetle,gray,summon,uncommon,batwing,gray_summon_23.csv
gray_summon_24,Pale Toad,gray,summon,rare,blob,gray_summon_24.csv
gray_summon_25,Old Hawk,gray,summon,uncommon,beak,gray_summon_25.csv
gray_summon_26,Tiny Wolf,gray,summon,legendary,ears,gray_summon_26.csv
gray_summon_27,Swift Squire,gray,summon,common,helmet,gray_summon_27.csv
gray_summon_28,Gentle Imp,gray,summon,uncommon,horns,gray_summon_28.csv
gray_summon_29,Loyal Ogre,gray,summon,common,block,gray_summon_29.csv
gray_summon_30,Clever Knight,gray,summon,rare,helmet,gray_summon_30.csv
gray_summon_31,Feral Fox,gray,summon,legendary,ears,gray_summon_31.csv
gray_summon_32,Loyal Bear,gray,summon,rare,ears,gray_summon_32.csv
gray_summon_33,Lucky Mole,gray,summon,rare,blob,gray_summon_33.csv
gray_summon_34,Brave Hound,gray,summon,rare,ears,gray_summon_34.csv
gray_summon_35,Mossy Rat,gray,summon,common,ears,gray_summon_35.csv
gray_summon_36,Dire Boar,gray,summon,uncommon,ears,gray_summon_36.csv
gray_summon_37,Hungry Fox,gray,summon,uncommon,ears,gray_summon_37.csv
gray_summon_38,Hungry Ogre,gray,summon,rare,block,gray_summon_38.csv
gray_summon_39,Dire Bat,gray,summon,rare,batwing,gray_summon_39.csv
gray_summon_40,Old Mole,gray,summon,uncommon,blob,gray_summon_40.csv
gray_summon_41,Mossy Wolf,gray,summon,common,ears,gray_summon_41.csv
gray_summon_42,Loyal Toad,gray,summon,common,blob,gray_summon_42.csv
gray_summon_43,Brave Beetle,gray,summon,rare,batwing,gray_summon_43.csv
gray_summon_44,Feral Hawk,gray,summon,uncommon,beak,gray_summon_44.csv
gray_summon_45,Stone Rat,gray,summon,legendary,ears,gray_summon_45.csv
gray_summon_46,Tiny Knight,gray,summon,uncommon,helmet,gray_summon_46.csv
gray_summon_47,Scrappy Beetle,gray,summon,common,batwing,gray_summon_47.csv
gray_summon_48,Feral Squire,gray,summon,rare,helmet,gray_summon_48.csv
gray_summon_49,Swift Toad,gray,summon,uncommon,blob,gray_summon_49.csv
gray_summon_50,Wild Fox,gray,summon,common,ears,gray_summon_50.csv
gray_summon_51,Ancient Mole,gray,summon,uncommon,blob,gray_summon_51.csv
gray_summon_52,Lucky Spirit,gray,summon,common,blob,gray_summon_52.csv
gray_summon_53,Old Squire,gray,summon,common,helmet,gray_summon_53.csv
gray_summon_54,Noble Hawk,gray,summon,rare,beak,gray_summon_54.csv
gray_summon_55,Feral Owl,gray,summon,common,beak,gray_summon_55.csv
gray_summon_56,Clever Mole,gray,summon,uncommon,blob,gray_summon_56.csv
gray_summon_57,Old Rat,gray,summon,common,ears,gray_summon_57.csv
gray_summon_58,Mossy Squire,gray,summon,uncommon,helmet,gray_summon_58.csv
gray_summon_59,Scrappy Owl,gray,summon,common,beak,gray_summon_59.csv
gray_summon_60,Dire Rat,gray,summon,common,ears,gray_summon_60.csv
gray_summon_61,Feral Knight,gray,summon,uncommon,helmet,gray_summon_61.csv
gray_summon_62,Lucky Ogre,gray,summon,legendary,block,gray_summon_62.csv
gray_summon_63,Noble Wolf,gray,summon,uncommon,ears,gray_summon_63.csv
gray_summon_64,Mossy Boar,gray,summon,uncommon,ears,gray_summon_64.csv
gray_summon_65,Stone Bear,gray,summon,uncommon,ears,gray_summon_65.csv
gray_summon_66,Grim Knight,gray,summon,rare,helmet,gray_summon_66.csv
gray_summon_67,Brave Rat,gray,summon,common,ears,gray_summon_67.csv
gray_summon_68,Brave Serpent,gray,summon,uncommon,coil,gray_summon_68.csv
gray_summon_69,Scrappy Hound,gray,summon,common,ears,gray_summon_69.csv
gray_summon_70,Stone Squire,gray,summon,common,helmet,gray_summon_70.csv
gray_summon_71,Grim Sprite,gray,summon,common,horns,gray_summon_71.csv
gray_summon_72,Dire Serpent,gray,summon,uncommon,coil,gray_summon_72.csv
gray_summon_73,Gentle Hawk,gray,summon,uncommon,beak,gray_summon_73.csv
gray_summon_74,Hungry Toad,gray,summon,rare,blob,gray_summon_74.csv
gray_summon_75,Tiny Imp,gray,summon,common,horns,gray_summon_75.csv
gray_summon_76,Pale Golem,gray,summon,common,block,gray_summon_76.csv
gray_summon_77,Clever Squire,gray,summon,uncommon,helmet,gray_summon_77.csv
gray_summon_78,Dire Sprite,gray,summon,common,horns,gray_summon_78.csv
gray_summon_79,Dire Knight,gray,summon,legendary,helmet,gray_summon_79.csv
gray_summon_80,Mossy Imp,gray,summon,common,horns,gray_summon_80.csv
gray_summon_81,Ancient Toad,gray,summon,uncommon,blob,gray_summon_81.csv
gray_summon_82,Sly Squire,gray,summon,rare,helmet,gray_summon_82.csv
gray_summon_83,Old Spirit,gray,summon,common,blob,gray_summon_83.csv
gray_summon_84,Noble Bear,gray,summon,rare,ears,gray_summon_84.csv
gray_summon_85,Mossy Serpent,gray,summon,common,coil,gray_summon_85.csv
gray_summon_86,Gentle Boar,gray,summon,uncommon,ears,gray_summon_86.csv
gray_summon_87,Swift Rat,gray,summon,rare,ears,gray_summon_87.csv
gray_summon_88,Scrappy Sprite,gray,summon,common,horns,gray_summon_88.csv
gray_summon_89,Hungry Beetle,gray,summon,rare,batwing,gray_summon_89.csv
gray_summon_90,Ancient Serpent,gray,summon,uncommon,coil,gray_summon_90.csv
brown_charge_01,Brass Cask,brown,charge,common,flask,brown_charge_01.csv
brown_charge_02,Ratchet Flask,brown,charge,uncommon,flask,brown_charge_02.csv
brown_charge_03,Copper Charm,brown,charge,uncommon,flask,brown_charge_03.csv
brown_charge_04,Bolted Vial,brown,charge,rare,flask,brown_charge_04.csv
brown_charge_05,Iron Satchel,brown,charge,common,flask,brown_charge_05.csv
brown_charge_06,Cog Satchel,brown,charge,common,flask,brown_charge_06.csv
brown_piece_01,Crown of the Anvil,brown,piece,legendary,crown,brown_piece_01.csv
brown_piece_02,Eye of the Forge,brown,piece,legendary,eye,brown_piece_02.csv
brown_piece_03,Sigil of the Ratchet,brown,piece,legendary,sigil,brown_piece_03.csv
brown_piece_04,Sigil of the Valve,brown,piece,legendary,sigil,brown_piece_04.csv
brown_machine_01,Anvil Repeater,brown,machine,common,repeater,brown_machine_01.csv
brown_machine_02,Brass Tower,brown,machine,rare,turret,brown_machine_02.csv
brown_machine_03,Tin Tower,brown,machine,rare,turret,brown_machine_03.csv
brown_machine_04,Piston Mortar,brown,machine,common,mortar,brown_machine_04.csv
brown_machine_05,Piston Crossbow,brown,machine,rare,turret,brown_machine_05.csv
brown_machine_06,Clockwork Palisade,brown,machine,rare,plate,brown_machine_06.csv
brown_machine_07,Tin Catapult,brown,machine,common,mortar,brown_machine_07.csv
brown_machine_08,Anvil Tower,brown,machine,rare,turret,brown_machine_08.csv
brown_machine_09,Steam Tower,brown,machine,rare,turret,brown_machine_09.csv
brown_machine_10,Dwarven Trebuchet,brown,machine,common,mortar,brown_machine_10.csv
brown_machine_11,Ratchet Crossbow,brown,machine,common,turret,brown_machine_11.csv
brown_machine_12,Dwarven Gatling,brown,machine,legendary,repeater,brown_machine_12.csv
brown_machine_13,Ratchet Trebuchet,brown,machine,common,mortar,brown_machine_13.csv
brown_machine_14,Ratchet Rampart,brown,machine,common,plate,brown_machine_14.csv
brown_machine_15,Brass Trebuchet,brown,machine,uncommon,mortar,brown_machine_15.csv
brown_machine_16,Rusted Rampart,brown,machine,rare,plate,brown_machine_16.csv
brown_machine_17,Copper Crossbow,brown,machine,rare,turret,brown_machine_17.csv
brown_machine_18,Bolted Catapult,brown,machine,uncommon,mortar,brown_machine_18.csv
brown_machine_19,Cog Gatling,brown,machine,common,repeater,brown_machine_19.csv
brown_machine_20,Rusted Palisade,brown,machine,uncommon,plate,brown_machine_20.csv
brown_machine_21,Gyro Crossbow,brown,machine,common,turret,brown_machine_21.csv
brown_machine_22,Clockwork Bastion,brown,machine,uncommon,plate,brown_machine_22.csv
brown_machine_23,Tin Ballista,brown,machine,common,turret,brown_machine_23.csv
brown_machine_24,Tin Engine,brown,machine,common,mortar,brown_machine_24.csv
brown_machine_25,Rusted Turret,brown,machine,rare,turret,brown_machine_25.csv
brown_machine_26,Bolted Cannon,brown,machine,uncommon,turret,brown_machine_26.csv
brown_machine_27,Steam Bastion,brown,machine,common,plate,brown_machine_27.csv
brown_machine_28,Gyro Cannon,brown,machine,rare,turret,brown_machine_28.csv
brown_machine_29,Brass Cannon,brown,machine,rare,turret,brown_machine_29.csv
brown_machine_30,Gyro Gatling,brown,machine,common,repeater,brown_machine_30.csv
brown_machine_31,Copper Trebuchet,brown,machine,common,mortar,brown_machine_31.csv
brown_machine_32,Bolted Gatling,brown,machine,rare,repeater,brown_machine_32.csv
brown_machine_33,Iron Ballista,brown,machine,uncommon,turret,brown_machine_33.csv
brown_machine_34,Spring Catapult,brown,machine,uncommon,mortar,brown_machine_34.csv
brown_machine_35,Ratchet Tower,brown,machine,common,turret,brown_machine_35.csv
brown_machine_36,Steam Engine,brown,machine,uncommon,mortar,brown_machine_36.csv
brown_machine_37,Spring Palisade,brown,machine,rare,plate,brown_machine_37.csv
brown_machine_38,Dwarven Cannon,brown,machine,uncommon,turret,brown_machine_38.csv
brown_machine_39,Steam Automaton,brown,machine,legendary,repeater,brown_machine_39.csv
brown_machine_40,Ratchet Catapult,brown,machine,uncommon,mortar,brown_machine_40.csv
brown_machine_41,Copper Mortar,brown,machine,legendary,mortar,brown_machine_41.csv
brown_machine_42,Gear Ballista,brown,machine,common,turret,brown_machine_42.csv
brown_machine_43,Clockwork Ballista,brown,machine,common,turret,brown_machine_43.csv
brown_machine_44,Forge Gatling,brown,machine,legendary,repeater,brown_machine_44.csv
brown_machine_45,Valve Cannon,brown,machine,common,turret,brown_machine_45.csv
brown_machine_46,Clockwork Crossbow,brown,machine,uncommon,turret,brown_machine_46.csv
brown_machine_47,Piston Gatling,brown,machine,uncommon,repeater,brown_machine_47.csv
brown_machine_48,Anvil Cannon,brown,machine,common,turret,brown_machine_48.csv
brown_machine_49,Valve Repeater,brown,machine,legendary,repeater,brown_machine_49.csv
brown_machine_50,Valve Barricade,brown,machine,common,plate,brown_machine_50.csv
brown_machine_51,Bolted Tower,brown,machine,uncommon,turret,brown_machine_51.csv
brown_machine_52,Brass Turret,brown,machine,uncommon,turret,brown_machine_52.csv
brown_machine_53,Riveted Cannon,brown,machine,uncommon,turret,brown_machine_53.csv
brown_machine_54,Piston Turret,brown,machine,rare,turret,brown_machine_54.csv
brown_machine_55,Clockwork Gatling,brown,machine,common,repeater,brown_machine_55.csv
brown_machine_56,Riveted Drone,brown,machine,uncommon,repeater,brown_machine_56.csv
brown_machine_57,Ratchet Gatling,brown,machine,common,repeater,brown_machine_57.csv
brown_machine_58,Anvil Rampart,brown,machine,uncommon,plate,brown_machine_58.csv
brown_machine_59,Gear Cannon,brown,machine,uncommon,turret,brown_machine_59.csv
brown_machine_60,Gyro Bulwark,brown,machine,uncommon,plate,brown_machine_60.csv
brown_machine_61,Anvil Crossbow,brown,machine,common,turret,brown_machine_61.csv
brown_machine_62,Iron Palisade,brown,machine,rare,plate,brown_machine_62.csv
brown_machine_63,Brass Repeater,brown,machine,common,repeater,brown_machine_63.csv
brown_machine_64,Gyro Tower,brown,machine,common,turret,brown_machine_64.csv
brown_machine_65,Valve Mortar,brown,machine,uncommon,mortar,brown_machine_65.csv
brown_machine_66,Cog Drone,brown,machine,uncommon,repeater,brown_machine_66.csv
brown_machine_67,Clockwork Repeater,brown,machine,uncommon,repeater,brown_machine_67.csv
brown_machine_68,Brass Rampart,brown,machine,common,plate,brown_machine_68.csv
brown_machine_69,Piston Cannon,brown,machine,rare,turret,brown_machine_69.csv
brown_machine_70,Brass Barricade,brown,machine,common,plate,brown_machine_70.csv
brown_machine_71,Forge Mortar,brown,machine,common,mortar,brown_machine_71.csv
brown_machine_72,Riveted Engine,brown,machine,uncommon,mortar,brown_machine_72.csv
brown_machine_73,Steam Catapult,brown,machine,common,mortar,brown_machine_73.csv
brown_machine_74,Ratchet Cannon,brown,machine,uncommon,turret,brown_machine_74.csv
brown_machine_75,Gear Gatling,brown,machine,legendary,repeater,brown_machine_75.csv
brown_machine_76,Cog Crossbow,brown,machine,common,turret,brown_machine_76.csv
brown_machine_77,Gyro Drone,brown,machine,uncommon,repeater,brown_machine_77.csv
brown_machine_78,Iron Bulwark,brown,machine,common,plate,brown_machine_78.csv
brown_machine_79,Copper Rampart,brown,machine,rare,plate,brown_machine_79.csv
brown_machine_80,Iron Rampart,brown,machine,common,plate,brown_machine_80.csv
brown_machine_81,Rusted Bastion,brown,machine,common,plate,brown_machine_81.csv
brown_machine_82,Dwarven Drone,brown,machine,uncommon,repeater,brown_machine_82.csv
brown_machine_83,Cog Ballista,brown,machine,rare,turret,brown_machine_83.csv
brown_machine_84,Brass Ballista,brown,machine,common,turret,brown_machine_84.csv
brown_machine_85,Oiled Engine,brown,machine,rare,mortar,brown_machine_85.csv
brown_machine_86,Gear Barricade,brown,machine,common,plate,brown_machine_86.csv
brown_machine_87,Forge Turret,brown,machine,common,turret,brown_machine_87.csv
brown_machine_88,Piston Automaton,brown,machine,uncommon,repeater,brown_machine_88.csv
brown_machine_89,Cog Mortar,brown,machine,common,mortar,brown_machine_89.csv
brown_machine_90,Oiled Bulwark,brown,machine,uncommon,plate,brown_machine_90.csv
