#d8d4e4,#7a7488,#d8d4e4,#7a7488,#d8d4e4,#7a7488,#d8d4e4,#7a7488,#d8d4e4,#7a7488,#d8d4e4,#7a7488,#d8d4e4,#7a7488,#d8d4e4,#7a7488,#d8d4e4,#7a7488,#d8d4e4,#7a7488,#d8d4e4,#7a7488,#d8d4e4,#7a7488,#d8d4e4,#7a7488,#d8d4e4,#7a7488,#d8d4e4,#7a7488,#d8d4e4,#7a7488
#7a7488,#2a2240,#2a2240,#2a2240,#2a2240,#2a2240,#2a2240,#2a2240,#2a2240,#2a2240,#504858,#504858,#2a2240,#2a2240,#2a2240,#504858,#2a2240,#504858,#ffd966,#2a2240,#2a2240,#504858,#504858,#2a2240,#2a2240,#2a2240,#2a2240,#2a2240,#2a2240,#2a2240,#2a2240,#d8d4e4
#d8d4e4,#2a2240,#6a5a80,#2a2240,#2a2240,#2a2240,#6a5a80,#2a2240,#2a2240,#2a2240,#6a5a80,#2a2240,#504858,#504858,#6a5a80,#2a2240,#2a2240,#2a2240,#6a5a80,#504858,#504858,#2a2240,#6a5a80,#2a2240,#2a2240,#ffd966,#6a5a80,#2a2240,#2a2240,#ffd966,#6a5a80,#7a7488
#7a7488,#2a2240,#2a2240,#2a2240,#2a2240,#2a2240,#2a2240,#2a2240,#2a2240,#2a2240,#2a2240,#2a2240,#2a2240,#2a2240,#504858,#2a2240,#2a2240,#2a2240,#504858,#2a2240,#2a2240,#2a2240,#2a2240,#2a2240,#2a2240,#ffd966,#ffd966,#2a2240,#ffd966,#ffd966,#2a2240,#d8d4e4
#d8d4e4,#2a2240,#6a5a80,#2a2240,#6a5a80,#2a2240,#6a5a80,#2a2240,#6a5a80,#2a2240,#6a5a80,#2a2240,#6a5a80,#2a2240,#6a5a80,#2a2240,#9e9199,#2a2240,#6a5a80,#2a2240,#6a5a80,#2a2240,#6a5a80,#2a2240,#6a5a80,#2a2240,#ffd966,#ffd966,#ffd966,#2a2240,#6a5a80,#7a7488
#7a7488,#504858,#504858,#504858,#504858,#504858,#504858,#504858,#504858,#504858,#504858,#504858,#504858,#120e1c,#120e1c,#120e1c,#120e1c,#120e1c,#120e1c,#2a2240,#504858,#504858,#504858,#504858,#504858,#504858,#504858,#ffd966,#504858,#504858,#504858,#d8d4e4
#d8d4e4,#504858,#85768d,#504858,#85768d,#504858,#85768d,#504858,#85768d,#504858,#9e9199,#120e1c,#120e1c,#d2e8ec,#d2e8ec,#d2e8ec,#d2e8ec,#d2e8ec,#d2e8ec,#120e1c,#120e1c,#2a2240,#6a5a80,#504858,#85768d,#504858,#ffd966,#504858,#ffd966,#504858,#85768d,#7a7488
#7a7488,#ffd966,#504858,#504858,#504858,#504858,#2a2240,#2a2240,#2a2240,#120e1c,#120e1c,#d2e8ec,#d2e8ec,#d2e8ec,#b2d8df,#b2d8df,#b2d8df,#b2d8df,#b2d8df,#d2e8ec,#d2e8ec,#120e1c,#120e1c,#2a2240,#2a2240,#2a2240,#2a2240,#504858,#504858,#504858,#504858,#d8d4e4
#d8d4e4,#504858,#85768d,#2a2240,#6a5a80,#2a2240,#6a5a80,#2a2240,#120e1c,#d2e8ec,#d2e8ec,#d2e8ec,#b2d8df,#b2d8df,#b2d8df,#b2d8df,#b2d8df,#b2d8df,#8099a2,#ffd966,#b2d8df,#d2e8ec,#d2e8ec,#120e1c,#9e9199,#2a2240,#6a5a80,#2a2240,#6a5a80,#2a2240,#85768d,#7a7488
#7a7488,#6a5a80,#2a2240,#2a2240,#2a2240,#6a5a80,#2a2240,#120e1c,#d2e8ec,#d2e8ec,#b2d8df,#b2d8df,#b2d8df,#b2d8df,#b2d8df,#b2d8df,#b2d8df,#b2d8df,#b2d8df,#d2e8ec,#d2e8ec,#b2d8df,#b2d8df,#d2e8ec,#120e1c,#6a5a80,#2a2240,#2a2240,#2a2240,#6a5a80,#2a2240,#d8d4e4
#d8d4e4,#2a2240,#6a5a80,#2a2240,#6a5a80,#2a2240,#9e9199,#120e1c,#d2e8ec,#b2d8df,#b2d8df,#b2d8df,#b2d8df,#b2d8df,#8099a2,#b2d8df,#8099a2,#b2d8df,#4a5660,#ffffff,#ffffff,#4a5660,#8099a2,#8099a2,#120e1c,#2a2240,#6a5a80,#2a2240,#6a5a80,#2a2240,#6a5a80,#7a7488
#7a7488,#2a2240,#2a2240,#6a5a80,#2a2240,#2a2240,#120e1c,#d2e8ec,#d2e8ec,#b2d8df,#b2d8df,#b2d8df,#8099a2,#8099a2,#ffd966,#8099a2,#ffd966,#8099a2,#ffffff,#ffffff,#ffffff,#ffffff,#ffd966,#b2d8df,#d2e8ec,#120e1c,#2a2240,#6a5a80,#2a2240,#2a2240,#2a2240,#d8d4e4
#d8d4e4,#2a2240,#6a5a80,#2a2240,#6a5a80,#2a2240,#120e1c,#d2e8ec,#b2d8df,#b2d8df,#b2d8df,#8099a2,#ffd966,#b2d8df,#d2e8ec,#d2e8ec,#d2e8ec,#d2e8ec,#ffffff,#ffffff,#ffffff,#ffffff,#d2e8ec,#d2e8ec,#8099a2,#120e1c,#6a5a80,#2a2240,#6a5a80,#2a2240,#6a5a80,#7a7488
#7a7488,#6a5a80,#2a2240,#6a5a80,#ffd966,#120e1c,#d2e8ec,#d2e8ec,#b2d8df,#b2d8df,#b2d8df,#8099a2,#d2e8ec,#d2e8ec,#b2d8df,#b2d8df,#b2d8df,#8099a2,#ffd966,#ffffff,#ffffff,#d2e8ec,#d2e8ec,#b2d8df,#b2d8df,#d2e8ec,#120e1c,#6a5a80,#2a2240,#6a5a80,#2a2240,#d8d4e4
#d8d4e4,#2a2240,#6a5a80,#ffd966,#ffffff,#120e1c,#d2e8ec,#b2d8df,#b2d8df,#b2d8df,#8099a2,#ffd966,#b2d8df,#b2d8df,#b2d8df,#b2d8df,#b2d8df,#b2d8df,#d2e8ec,#ffd966,#d2e8ec,#d2e8ec,#b2d8df,#8099a2,#b2d8df,#8099a2,#120e1c,#2a2240,#6a5a80,#2a2240,#6a5a80,#7a7488
#7a7488,#6a5a80,#2a2240,#6a5a80,#ffd966,#120e1c,#d2e8ec,#b2d8df,#b2d8df,#b2d8df,#b2d8df,#d2e8ec,#d2e8ec,#b2d8df,#8099a2,#b2d8df,#b2d8df,#b2d8df,#b2d8df,#d2e8ec,#d2e8ec,#b2d8df,#8099a2,#ffd966,#b2d8df,#8099a2,#120e1c,#85768d,#2a2240,#6a5a80,#2a2240,#d8d4e4
#d8d4e4,#6a5a80,#6a5a80,#2a2240,#b0a3a2,#120e1c,#d2e8ec,#b2d8df,#b2d8df,#b2d8df,#8099a2,#b2d8df,#b2d8df,#8099a2,#ffd966,#8099a2,#b2d8df,#b2d8df,#8099a2,#ffd966,#b2d8df,#b2d8df,#b2d8df,#d2e8ec,#d2e8ec,#8099a2,#120e1c,#504858,#85768d,#6a5a80,#6a5a80,#7a7488
#7a7488,#6a5a80,#2a2240,#85768d,#504858,#120e1c,#d2e8ec,#b2d8df,#b2d8df,#8099a2,#ffd966,#b2d8df,#b2d8df,#b2d8df,#d2e8ec,#ffd966,#8099a2,#8099a2,#ffd966,#d2e8ec,#d2e8ec,#b2d8df,#b2d8df,#b2d8df,#b2d8df,#8099a2,#120e1c,#85768d,#504858,#85768d,#2a2240,#d8d4e4
#d8d4e4,#2a2240,#85768d,#85768d,#85768d,#120e1c,#d2e8ec,#b2d8df,#b2d8df,#b2d8df,#d2e8ec,#d2e8ec,#b2d8df,#b2d8df,#8099a2,#ffd966,#ffd966,#b2d8df,#d2e8ec,#d2e8ec,#b2d8df,#b2d8df,#8099a2,#b2d8df,#b2d8df,#4a5660,#120e1c,#85768d,#85768d,#504858,#ffd966,#7a7488
#7a7488,#85768d,#504858,#85768d,#504858,#85768d,#120e1c,#b2d8df,#b2d8df,#b2d8df,#8099a2,#ffd966,#b2d8df,#b2d8df,#b2d8df,#d2e8ec,#d2e8ec,#d2e8ec,#b2d8df,#b2d8df,#b2d8df,#8099a2,#ffd966,#b2d8df,#8099a2,#120e1c,#2a2240,#85768d,#504858,#85768d,#504858,#d8d4e4
#d8d4e4,#85768d,#85768d,#85768d,#85768d,#85768d,#120e1c,#d2e8ec,#b2d8df,#b2d8df,#b2d8df,#d2e8ec,#d2e8ec,#8099a2,#b2d8df,#b2d8df,#b2d8df,#b2d8df,#b2d8df,#b2d8df,#8099a2,#b2d8df,#d2e8ec,#d2e8ec,#4a5660,#120e1c,#6a5a80,#85768d,#85768d,#85768d,#85768d,#7a7488
#7a7488,#85768d,#504858,#85768d,#504858,#6a5a80,#2a2240,#120e1c,#b2d8df,#b2d8df,#b2d8df,#b2d8df,#8099a2,#ffd966,#b2d8df,#b2d8df,#8099a2,#b2d8df,#b2d8df,#8099a2,#ffd966,#b2d8df,#b2d8df,#8099a2,#120e1c,#6a5a80,#2a2240,#6a5a80,#504858,#85768d,#504858,#d8d4e4
#d8d4e4,#85768d,#85768d,#85768d,#6a5a80,#6a5a80,#6a5a80,#120e1c,#d2e8ec,#b2d8df,#b2d8df,#b2d8df,#b2d8df,#d2e8ec,#d2e8ec,#8099a2,#ffd966,#b2d8df,#b2d8df,#b2d8df,#d2e8ec,#d2e8ec,#b2d8df,#4a5660,#120e1c,#6a5a80,#6a5a80,#6a5a80,#6a5a80,#85768d,#85768d,#7a7488
#7a7488,#85768d,#504858,#85768d,#2a2240,#6a5a80,#2a2240,#6a5a80,#120e1c,#4a5660,#8099a2,#b2d8df,#b2d8df,#b2d8df,#b2d8df,#b2d8df,#d2e8ec,#d2e8ec,#b2d8df,#b2d8df,#b2d8df,#4a5660,#4a5660,#120e1c,#2a2240,#6a5a80,#2a2240,#6a5a80,#2a2240,#85768d,#504858,#d8d4e4
#d8d4e4,#85768d,#85768d,#6a5a80,#6a5a80,#6a5a80,#6a5a80,#6a5a80,#9e9199,#120e1c,#120e1c,#4a5660,#8099a2,#b2d8df,#b2d8df,#b2d8df,#b2d8df,#b2d8df,#b2d8df,#4a5660,#4a5660,#120e1c,#120e1c,#6a5a80,#6a5a80,#6a5a80,#6a5a80,#6a5a80,#6a5a80,#6a5a80,#85768d,#7a7488
#7a7488,#85768d,#2a2240,#6a5a80,#6a5a80,#6a5a80,#2a2240,#6a5a80,#6a5a80,#6a5a80,#2a2240,#120e1c,#120e1c,#4a5660,#4a5660,#4a5660,#4a5660,#4a5660,#4a5660,#120e1c,#120e1c,#6a5a80,#2a2240,#6a5a80,#6a5a80,#6a5a80,#2a2240,#6a5a80,#6a5a80,#6a5a80,#2a2240,#d8d4e4
#d8d4e4,#8a7a9a,#8a7a9a,#8a7a9a,#fff6c8,#ffd966,#8a7a9a,#8a7a9a,#8a7a9a,#8a7a9a,#120e1c,#f3d88a,#f3d88a,#f3d88a,#f3d88a,#f3d88a,#f3d88a,#f3d88a,#f3d88a,#f3d88a,#120e1c,#8a7a9a,#fff6c8,#8a7a9a,#8a7a9a,#8a7a9a,#8a7a9a,#8a7a9a,#fff6c8,#8a7a9a,#8a7a9a,#7a7488
#7a7488,#8a7a9a,#8a7a9a,#fff6c8,#ffd966,#ffffff,#ffd966,#8a7a9a,#8a7a9a,#fff6c8,#120e1c,#f3d88a,#ebbc36,#ebbc36,#ebbc36,#ebbc36,#ebbc36,#ebbc36,#ebbc36,#a8852b,#120e1c,#fff6c8,#8a7a9a,#8a7a9a,#8a7a9a,#8a7a9a,#8a7a9a,#fff6c8,#8a7a9a,#8a7a9a,#8a7a9a,#d8d4e4
#d8d4e4,#8a7a9a,#fff6c8,#8a7a9a,#8a7a9a,#ffd966,#8a7a9a,#8a7a9a,#fff6c8,#8a7a9a,#120e1c,#f3d88a,#604b20,#604b20,#604b20,#604b20,#604b20,#604b20,#604b20,#604b20,#120e1c,#8a7a9a,#8a7a9a,#8a7a9a,#8a7a9a,#8a7a9a,#fff6c8,#8a7a9a,#8a7a9a,#8a7a9a,#8a7a9a,#7a7488
#7a7488,#fff6c8,#8a7a9a,#8a7a9a,#8a7a9a,#8a7a9a,#8a7a9a,#fff6c8,#8a7a9a,#8a7a9a,#8a7a9a,#120e1c,#120e1c,#120e1c,#120e1c,#120e1c,#120e1c,#120e1c,#120e1c,#120e1c,#8a7a9a,#8a7a9a,#8a7a9a,#8a7a9a,#8a7a9a,#fff6c8,#8a7a9a,#8a7a9a,#8a7a9a,#8a7a9a,#8a7a9a,#d8d4e4
#d8d4e4,#8a7a9a,#8a7a9a,#8a7a9a,#8a7a9a,#8a7a9a,#fff6c8,#8a7a9a,#8a7a9a,#8a7a9a,#8a7a9a,#8a7a9a,#fff6c8,#8a7a9a,#8a7a9a,#8a7a9a,#8a7a9a,#8a7a9a,#fff6c8,#8a7a9a,#8a7a9a,#8a7a9a,#8a7a9a,#8a7a9a,#fff6c8,#8a7a9a,#8a7a9a,#8a7a9a,#8a7a9a,#8a7a9a,#fff6c8,#7a7488
#7a7488,#d8d4e4,#7a7488,#d8d4e4,#7a7488,#d8d4e4,#7a7488,#d8d4e4,#7a7488,#d8d4e4,#7a7488,#d8d4e4,#7a7488,#d8d4e4,#7a7488,#d8d4e4,#7a7488,#d8d4e4,#7a7488,#d8d4e4,#7a7488,#d8d4e4,#7a7488,#d8d4e4,#7a7488,#d8d4e4,#7a7488,#d8d4e4,#7a7488,#d8d4e4,#7a7488,#d8d4e4
