#36323e,#36323e,#36323e,#36323e,#36323e,#36323e,#36323e,#36323e,#36323e,#36323e,#36323e,#36323e,#36323e,#36323e,#36323e,#36323e,#36323e,#36323e,#36323e,#36323e,#36323e,#36323e,#36323e,#36323e,#36323e,#36323e,#36323e,#36323e,#36323e,#36323e,#36323e,#36323e,#36323e,#36323e,#36323e,#36323e,#36323e,#36323e,#36323e,#36323e,#36323e,#36323e,#36323e,#36323e,#36323e,#36323e,#36323e,#36323e,#36323e,#36323e,#36323e,#36323e,#36323e,#36323e,#36323e,#36323e,#36323e,#36323e,#36323e,#36323e,#36323e,#36323e,#36323e,#36323e
#36323e,#2a2240,#2a2240,#2a2240,#2a2240,#59515e,#59515e,#59515e,#59515e,#59515e,#59515e,#59515e,#59515e,#2a2240,#2a2240,#2a2240,#2a2240,#2a2240,#2a2240,#2a2240,#2a2240,#120e1c,#120e1c,#ffffff,#ffffff,#ffffff,#ffffff,#2a2240,#59515e,#59515e,#59515e,#59515e,#59515e,#ffffff,#ffffff,#ffffff,#ffe066,#2a2240,#2a2240,#2a2240,#2a2240,#2a2240,#2a2240,#2a2240,#2a2240,#2a2240,#2a2240,#2a2240,#2a2240,#59515e,#59515e,#59515e,#59515e,#59515e,#59515e,#59515e,#59515e,#59515e,#2a2240,#2a2240,#2a2240,#2a2240,#2a2240,#120e1c
#36323e,#2a2240,#3a3050,#2a2240,#2a2240,#2a2240,#655c6a,#59515e,#59515e,#59515e,#655c6a,#59515e,#59515e,#59515e,#3a3050,#2a2240,#2a2240,#2a2240,#3a3050,#2a2240,#120e1c,#d8c6b1,#d8c6b1,#ffe066,#120e1c,#120e1c,#3a3050,#2a2240,#59515e,#59515e,#655c6a,#59515e,#59515e,#59515e,#3a3050,#2a2240,#ffe066,#2a2240,#3a3050,#2a2240,#2a2240,#2a2240,#3a3050,#2a2240,#2a2240,#2a2240,#3a3050,#2a2240,#59515e,#59515e,#655c6a,#59515e,#59515e,#59515e,#655c6a,#59515e,#59515e,#2a2240,#3a3050,#2a2240,#2a2240,#2a2240,#3a3050,#120e1c
#36323e,#2a2240,#2a2240,#2a2240,#2a2240,#2a2240,#2a2240,#59515e,#59515e,#59515e,#59515e,#59515e,#59515e,#59515e,#59515e,#2a2240,#2a2240,#2a2240,#2a2240,#120e1c,#d8c6b1,#b99974,#402c1f,#ccb07e,#120e1c,#2a2240,#2a2240,#2a2240,#59515e,#59515e,#59515e,#59515e,#59515e,#59515e,#2a2240,#2a2240,#ffe066,#ffe066,#2a2240,#2a2240,#2a2240,#2a2240,#2a2240,#2a2240,#2a2240,#2a2240,#2a2240,#2a2240,#59515e,#59515e,#59515e,#59515e,#59515e,#59515e,#59515e,#59515e,#2a2240,#2a2240,#2a2240,#2a2240,#2a2240,#2a2240,#2a2240,#120e1c
#36323e,#2a2240,#3a3050,#2a2240,#3a3050,#2a2240,#3a3050,#2a2240,#655c6a,#59515e,#655c6a,#59515e,#655c6a,#59515e,#655c6a,#2a2240,#3a3050,#2a2240,#3a3050,#120e1c,#d8c6b1,#402c1f,#ccb07e,#ffe066,#ffe066,#ffe066,#ffe066,#2a2240,#3a3050,#59515e,#655c6a,#59515e,#655c6a,#ffe066,#ffe066,#ffe066,#ffe066,#2a2240,#3a3050,#2a2240,#3a3050,#2a2240,#3a3050,#2a2240,#3a3050,#2a2240,#3a3050,#59515e,#655c6a,#59515e,#655c6a,#59515e,#655c6a,#59515e,#655c6a,#2a2240,#3a3050,#2a2240,#3a3050,#2a2240,#3a3050,#2a2240,#3a3050,#120e1c
#36323e,#3a3050,#2a2240,#3a3050,#2a2240,#3a3050,#2a2240,#3a3050,#2a2240,#655c6a,#59515e,#655c6a,#59515e,#655c6a,#59515e,#655c6a,#2a2240,#3a3050,#120e1c,#d8c6b1,#b99974,#ccb07e,#120e1c,#3a3050,#2a2240,#3a3050,#2a2240,#ffe066,#ffe066,#ffe066,#ffe066,#ffe066,#ffe066,#3a3050,#2a2240,#3a3050,#2a2240,#3a3050,#2a2240,#3a3050,#2a2240,#3a3050,#2a2240,#3a3050,#2a2240,#3a3050,#2a2240,#655c6a,#59515e,#655c6a,#59515e,#655c6a,#59515e,#655c6a,#2a2240,#3a3050,#2a2240,#3a3050,#2a2240,#3a3050,#2a2240,#3a3050,#2a2240,#120e1c
#36323e,#2a2240,#3a3050,#2a2240,#3a3050,#2a2240,#3a3050,#2a2240,#3a3050,#59515e,#655c6a,#59515e,#655c6a,#59515e,#655c6a,#59515e,#3a3050,#2a2240,#120e1c,#d8c6b1,#402c1f,#ccb07e,#120e1c,#2a2240,#3a3050,#2a2240,#3a3050,#2a2240,#3a3050,#59515e,#655c6a,#59515e,#655c6a,#2a2240,#3a3050,#2a2240,#3a3050,#2a2240,#3a3050,#2a2240,#3a3050,#2a2240,#3a3050,#2a2240,#3a3050,#2a2240,#655c6a,#59515e,#655c6a,#59515e,#655c6a,#59515e,#655c6a,#2a2240,#3a3050,#2a2240,#3a3050,#2a2240,#3a3050,#2a2240,#3a3050,#2a2240,#3a3050,#120e1c
#36323e,#3a3050,#2a2240,#3a3050,#2a2240,#3a3050,#2a2240,#3a3050,#2a2240,#3a3050,#59515e,#655c6a,#59515e,#655c6a,#59515e,#655c6a,#59515e,#120e1c,#d8c6b1,#b99974,#ccb07e,#120e1c,#2a2240,#3a3050,#2a2240,#3a3050,#2a2240,#3a3050,#2a2240,#655c6a,#59515e,#655c6a,#59515e,#3a3050,#2a2240,#3a3050,#2a2240,#3a3050,#2a2240,#3a3050,#2a2240,#3a3050,#2a2240,#3a3050,#2a2240,#655c6a,#59515e,#655c6a,#59515e,#655c6a,#59515e,#655c6a,#2a2240,#3a3050,#2a2240,#3a3050,#2a2240,#3a3050,#2a2240,#3a3050,#2a2240,#3a3050,#2a2240,#120e1c
#36323e,#3a3050,#3a3050,#3a3050,#3a3050,#3a3050,#3a3050,#3a3050,#3a3050,#3a3050,#3a3050,#655c6a,#655c6a,#655c6a,#655c6a,#655c6a,#120e1c,#d8c6b1,#b99974,#ccb07e,#120e1c,#3a3050,#3a3050,#3a3050,#3a3050,#3a3050,#3a3050,#3a3050,#3a3050,#655c6a,#655c6a,#655c6a,#655c6a,#3a3050,#3a3050,#3a3050,#3a3050,#3a3050,#3a3050,#3a3050,#978ca6,#978ca6,#978ca6,#978ca6,#978ca6,#aea3ad,#aea3ad,#aea3ad,#aea3ad,#655c6a,#655c6a,#655c6a,#3a3050,#3a3050,#3a3050,#3a3050,#3a3050,#3a3050,#3a3050,#3a3050,#3a3050,#3a3050,#3a3050,#120e1c
#36323e,#3a3050,#2a2240,#3a3050,#2a2240,#3a3050,#2a2240,#3a3050,#2a2240,#3a3050,#2a2240,#3a3050,#59515e,#655c6a,#59515e,#655c6a,#120e1c,#d8c6b1,#ccb07e,#120e1c,#2a2240,#3a3050,#2a2240,#3a3050,#2a2240,#3a3050,#2a2240,#3a3050,#2a2240,#655c6a,#59515e,#655c6a,#59515e,#3a3050,#2a2240,#3a3050,#2a2240,#978ca6,#978ca6,#978ca6,#978ca6,#978ca6,#978ca6,#978ca6,#aea3ad,#aea3ad,#aea3ad,#aea3ad,#aea3ad,#aea3ad,#aea3ad,#978ca6,#2a2240,#3a3050,#2a2240,#3a3050,#2a2240,#3a3050,#2a2240,#3a3050,#2a2240,#3a3050,#2a2240,#120e1c
#36323e,#3a3050,#3a3050,#3a3050,#3a3050,#3a3050,#3a3050,#3a3050,#3a3050,#3a3050,#3a3050,#3a3050,#3a3050,#655c6a,#655c6a,#655c6a,#120e1c,#d8c6b1,#ccb07e,#120e1c,#3a3050,#3a3050,#3a3050,#3a3050,#3a3050,#3a3050,#3a3050,#3a3050,#3a3050,#655c6a,#655c6a,#655c6a,#655c6a,#3a3050,#3a3050,#3a3050,#3a3050,#978ca6,#978ca6,#978ca6,#978ca6,#978ca6,#978ca6,#978ca6,#aea3ad,#aea3ad,#aea3ad,#aea3ad,#aea3ad,#aea3ad,#978ca6,#978ca6,#978ca6,#3a3050,#3a3050,#3a3050,#3a3050,#3a3050,#3a3050,#3a3050,#3a3050,#3a3050,#3a3050,#120e1c
#36323e,#3a3050,#3a3050,#3a3050,#2a2240,#3a3050,#3a3050,#3a3050,#2a2240,#3a3050,#3a3050,#3a3050,#2a2240,#3a3050,#655c6a,#655c6a,#120e1c,#b99974,#ccb07e,#120e1c,#2a2240,#3a3050,#3a3050,#3a3050,#2a2240,#3a3050,#3a3050,#3a3050,#2a2240,#655c6a,#655c6a,#655c6a,#59515e,#3a3050,#3a3050,#3a3050,#2a2240,#3a3050,#3a3050,#978ca6,#978ca6,#978ca6,#978ca6,#aea3ad,#aea3ad,#aea3ad,#aea3ad,#aea3ad,#aea3ad,#978ca6,#978ca6,#3a3050,#2a2240,#3a3050,#3a3050,#3a3050,#2a2240,#3a3050,#3a3050,#3a3050,#2a2240,#3a3050,#3a3050,#120e1c
#36323e,#3a3050,#3a3050,#3a3050,#3a3050,#3a3050,#3a3050,#3a3050,#3a3050,#3a3050,#3a3050,#3a3050,#3a3050,#3a3050,#655c6a,#655c6a,#120e1c,#d8c6b1,#ccb07e,#120e1c,#3a3050,#3a3050,#3a3050,#3a3050,#3a3050,#3a3050,#3a3050,#3a3050,#3a3050,#655c6a,#655c6a,#655c6a,#655c6a,#3a3050,#3a3050,#3a3050,#3a3050,#3a3050,#3a3050,#3a3050,#3a3050,#3a3050,#655c6a,#655c6a,#655c6a,#655c6a,#655c6a,#655c6a,#3a3050,#3a3050,#3a3050,#3a3050,#3a3050,#3a3050,#3a3050,#3a3050,#3a3050,#3a3050,#3a3050,#3a3050,#3a3050,#3a3050,#3a3050,#120e1c
#36323e,#3a3050,#3a3050,#3a3050,#3a3050,#3a3050,#3a3050,#3a3050,#3a3050,#3a3050,#3a3050,#3a3050,#3a3050,#3a3050,#3a3050,#655c6a,#120e1c,#d8c6b1,#ccb07e,#120e1c,#3a3050,#3a3050,#3a3050,#3a3050,#3a3050,#3a3050,#3a3050,#3a3050,#3a3050,#655c6a,#655c6a,#655c6a,#655c6a,#3a3050,#3a3050,#3a3050,#3a3050,#3a3050,#3a3050,#3a3050,#3a3050,#3a3050,#655c6a,#655c6a,#655c6a,#655c6a,#655c6a,#3a3050,#3a3050,#3a3050,#3a3050,#3a3050,#3a3050,#3a3050,#3a3050,#3a3050,#3a3050,#3a3050,#3a3050,#3a3050,#3a3050,#3a3050,#3a3050,#120e1c
#36323e,#3a3050,#4a3e60,#3a3050,#3a3050,#3a3050,#4a3e60,#3a3050,#3a3050,#3a3050,#4a3e60,#3a3050,#3a3050,#3a3050,#4a3e60,#3a3050,#120e1c,#d8c6b1,#ccb07e,#120e1c,#655c6a,#3a3050,#4a3e60,#3a3050,#3a3050,#3a3050,#4a3e60,#3a3050,#3a3050,#655c6a,#726677,#655c6a,#3a3050,#3a3050,#4a3e60,#3a3050,#3a3050,#3a3050,#4a3e60,#3a3050,#3a3050,#655c6a,#726677,#655c6a,#655c6a,#655c6a,#4a3e60,#3a3050,#3a3050,#3a3050,#4a3e60,#3a3050,#3a3050,#3a3050,#4a3e60,#3a3050,#3a3050,#3a3050,#4a3e60,#3a3050,#3a3050,#3a3050,#4a3e60,#120e1c
#36323e,#3a3050,#3a3050,#3a3050,#3a3050,#3a3050,#3a3050,#3a3050,#3a3050,#3a3050,#3a3050,#3a3050,#3a3050,#3a3050,#3a3050,#120e1c,#ccb07e,#ccb07e,#120e1c,#655c6a,#655c6a,#3a3050,#3a3050,#3a3050,#3a3050,#3a3050,#3a3050,#3a3050,#3a3050,#655c6a,#655c6a,#655c6a,#3a3050,#3a3050,#3a3050,#3a3050,#3a3050,#3a3050,#3a3050,#3a3050,#655c6a,#655c6a,#655c6a,#655c6a,#655c6a,#3a3050,#3a3050,#3a3050,#3a3050,#3a3050,#3a3050,#3a3050,#3a3050,#3a3050,#3a3050,#3a3050,#3a3050,#3a3050,#3a3050,#3a3050,#3a3050,#3a3050,#3a3050,#120e1c
#36323e,#3a3050,#4a3e60,#3a3050,#4a3e60,#3a3050,#4a3e60,#3a3050,#4a3e60,#3a3050,#4a3e60,#3a3050,#4a3e60,#3a3050,#4a3e60,#3a3050,#120e1c,#d8c6b1,#ccb07e,#120e1c,#726677,#655c6a,#4a3e60,#3a3050,#4a3e60,#3a3050,#4a3e60,#3a3050,#4a3e60,#655c6a,#726677,#655c6a,#4a3e60,#3a3050,#4a3e60,#3a3050,#4a3e60,#3a3050,#4a3e60,#3a3050,#726677,#655c6a,#726677,#655c6a,#4a3e60,#3a3050,#4a3e60,#3a3050,#4a3e60,#3a3050,#4a3e60,#3a3050,#4a3e60,#3a3050,#4a3e60,#3a3050,#4a3e60,#3a3050,#4a3e60,#3a3050,#4a3e60,#3a3050,#4a3e60,#120e1c
#36323e,#4a3e60,#3a3050,#3a3050,#3a3050,#4a3e60,#3a3050,#3a3050,#3a3050,#4a3e60,#3a3050,#3a3050,#3a3050,#4a3e60,#3a3050,#3a3050,#120e1c,#d8c6b1,#ccb07e,#120e1c,#655c6a,#726677,#655c6a,#3a3050,#3a3050,#4a3e60,#3a3050,#3a3050,#3a3050,#726677,#655c6a,#655c6a,#3a3050,#4a3e60,#3a3050,#3a3050,#3a3050,#4a3e60,#3a3050,#655c6a,#655c6a,#726677,#655c6a,#3a3050,#3a3050,#4a3e60,#3a3050,#3a3050,#3a3050,#4a3e60,#3a3050,#3a3050,#3a3050,#4a3e60,#3a3050,#3a3050,#3a3050,#4a3e60,#3a3050,#3a3050,#3a3050,#4a3e60,#3a3050,#120e1c
#36323e,#655c6a,#4a3e60,#3a3050,#4a3e60,#3a3050,#978ca6,#978ca6,#978ca6,#978ca6,#978ca6,#978ca6,#978ca6,#978ca6,#978ca6,#978ca6,#120e1c,#b99974,#ccb07e,#120e1c,#726677,#655c6a,#726677,#3a3050,#4a3e60,#3a3050,#4a3e60,#3a3050,#4a3e60,#3a3050,#726677,#655c6a,#4a3e60,#3a3050,#4a3e60,#3a3050,#4a3e60,#3a3050,#4a3e60,#655c6a,#726677,#655c6a,#4a3e60,#3a3050,#4a3e60,#3a3050,#4a3e60,#3a3050,#4a3e60,#3a3050,#4a3e60,#3a3050,#4a3e60,#3a3050,#4a3e60,#3a3050,#4a3e60,#3a3050,#4a3e60,#3a3050,#4a3e60,#3a3050,#726677,#120e1c
#36323e,#726677,#655c6a,#726677,#978ca6,#978ca6,#978ca6,#978ca6,#978ca6,#978ca6,#978ca6,#978ca6,#978ca6,#978ca6,#978ca6,#978ca6,#120e1c,#d8c6b1,#ccb07e,#120e1c,#aea3ad,#aea3ad,#655c6a,#726677,#3a3050,#4a3e60,#3a3050,#4a3e60,#3a3050,#4a3e60,#655c6a,#726677,#3a3050,#4a3e60,#3a3050,#4a3e60,#3a3050,#4a3e60,#655c6a,#726677,#655c6a,#4a3e60,#3a3050,#4a3e60,#978ca6,#978ca6,#978ca6,#978ca6,#978ca6,#978ca6,#978ca6,#978ca6,#978ca6,#978ca6,#3a3050,#4a3e60,#3a3050,#4a3e60,#3a3050,#4a3e60,#655c6a,#726677,#655c6a,#120e1c
#36323e,#726677,#726677,#655c6a,#726677,#aea3ad,#978ca6,#978ca6,#978ca6,#978ca6,#978ca6,#978ca6,#978ca6,#978ca6,#978ca6,#978ca6,#120e1c,#ccb07e,#6b4928,#ccb07e,#120e1c,#aea3ad,#aea3ad,#655c6a,#4a3e60,#4a3e60,#4a3e60,#3a3050,#4a3e60,#120e1c,#120e1c,#655c6a,#120e1c,#120e1c,#120e1c,#120e1c,#120e1c,#120e1c,#726677,#655c6a,#726677,#978ca6,#978ca6,#978ca6,#978ca6,#978ca6,#978ca6,#978ca6,#978ca6,#978ca6,#978ca6,#978ca6,#978ca6,#978ca6,#978ca6,#978ca6,#4a3e60,#726677,#726677,#655c6a,#726677,#726677,#726677,#120e1c
#36323e,#726677,#655c6a,#726677,#655c6a,#726677,#655c6a,#726677,#978ca6,#978ca6,#978ca6,#978ca6,#978ca6,#978ca6,#978ca6,#978ca6,#978ca6,#120e1c,#d8c6b1,#ccb07e,#120e1c,#978ca6,#655c6a,#726677,#655c6a,#4a3e60,#3a3050,#120e1c,#120e1c,#d8c6b1,#ccb07e,#120e1c,#d8c6b1,#d8c6b1,#d8c6b1,#b99974,#d8c6b1,#ccb07e,#120e1c,#120e1c,#3a3050,#978ca6,#978ca6,#978ca6,#978ca6,#978ca6,#978ca6,#978ca6,#978ca6,#978ca6,#978ca6,#978ca6,#978ca6,#978ca6,#978ca6,#aea3ad,#655c6a,#726677,#655c6a,#726677,#655c6a,#726677,#655c6a,#120e1c
#36323e,#726677,#726677,#726677,#726677,#726677,#726677,#726677,#726677,#726677,#726677,#4a3e60,#4a3e60,#4a3e60,#4a3e60,#4a3e60,#120e1c,#ccb07e,#ccb07e,#120e1c,#4a3e60,#4a3e60,#4a3e60,#726677,#120e1c,#120e1c,#120e1c,#d8c6b1,#d8c6b1,#b99974,#b99974,#d8c6b1,#b99974,#b99974,#b99974,#b99974,#b99974,#b99974,#d8c6b1,#ccb07e,#120e1c,#120e1c,#120e1c,#978ca6,#978ca6,#978ca6,#978ca6,#978ca6,#978ca6,#978ca6,#978ca6,#978ca6,#978ca6,#aea3ad,#aea3ad,#aea3ad,#aea3ad,#aea3ad,#aea3ad,#726677,#726677,#726677,#726677,#120e1c
#36323e,#726677,#655c6a,#726677,#655c6a,#726677,#655c6a,#726677,#655c6a,#726677,#655c6a,#726677,#655c6a,#4a3e60,#3a3050,#4a3e60,#3a3050,#120e1c,#d8c6b1,#ccb07e,#120e1c,#4a3e60,#120e1c,#120e1c,#d8c6b1,#d8c6b1,#d8c6b1,#b99974,#b99974,#402c1f,#6b4928,#6b4928,#6b4928,#6b4928,#402c1f,#6b4928,#6b4928,#6b4928,#b99974,#b99974,#d8c6b1,#d8c6b1,#ccb07e,#120e1c,#3a3050,#4a3e60,#978ca6,#978ca6,#978ca6,#978ca6,#aea3ad,#aea3ad,#aea3ad,#aea3ad,#aea3ad,#aea3ad,#aea3ad,#aea3ad,#aea3ad,#aea3ad,#aea3ad,#726677,#655c6a,#120e1c
#36323e,#4a3e60,#726677,#726677,#726677,#726677,#726677,#726677,#726677,#726677,#726677,#726677,#726677,#726677,#726677,#4a3e60,#4a3e60,#120e1c,#ccb07e,#ccb07e,#120e1c,#120e1c,#d8c6b1,#b99974,#986933,#402c1f,#402c1f,#6b4928,#402c1f,#ccb07e,#402c1f,#ccb07e,#ccb07e,#ccb07e,#ccb07e,#ccb07e,#ccb07e,#402c1f,#402c1f,#6b4928,#986933,#b99974,#6b4928,#ccb07e,#120e1c,#4a3e60,#978ca6,#978ca6,#aea3ad,#aea3ad,#aea3ad,#aea3ad,#aea3ad,#aea3ad,#aea3ad,#aea3ad,#aea3ad,#aea3ad,#aea3ad,#aea3ad,#aea3ad,#aea3ad,#726677,#120e1c
#36323e,#4a3e60,#4a3e60,#4a3e60,#4a3e60,#4a3e60,#726677,#726677,#726677,#726677,#726677,#726677,#726677,#726677,#726677,#726677,#726677,#4a3e60,#120e1c,#b99974,#d8c6b1,#d8c6b1,#b99974,#b99974,#6b4928,#6b4928,#402c1f,#ccb07e,#ccb07e,#120e1c,#ccb07e,#120e1c,#120e1c,#120e1c,#120e1c,#120e1c,#120e1c,#ccb07e,#ccb07e,#6b4928,#6b4928,#6b4928,#986933,#6b4928,#ccb07e,#120e1c,#726677,#726677,#aea3ad,#aea3ad,#aea3ad,#aea3ad,#aea3ad,#aea3ad,#aea3ad,#aea3ad,#aea3ad,#aea3ad,#aea3ad,#726677,#4a3e60,#4a3e60,#4a3e60,#120e1c
#36323e,#4a3e60,#4a3e60,#4a3e60,#4a3e60,#4a3e60,#4a3e60,#4a3e60,#4a3e60,#4a3e60,#726677,#726677,#726677,#726677,#726677,#726677,#726677,#726677,#120e1c,#d8c6b1,#b99974,#b99974,#986933,#6b4928,#6b4928,#402c1f,#ccb07e,#120e1c,#120e1c,#120e1c,#120e1c,#4a3e60,#120e1c,#120e1c,#120e1c,#120e1c,#120e1c,#120e1c,#120e1c,#ccb07e,#ccb07e,#402c1f,#6b4928,#986933,#6b4928,#ccb07e,#120e1c,#726677,#726677,#726677,#726677,#726677,#726677,#726677,#726677,#4a3e60,#4a3e60,#4a3e60,#4a3e60,#4a3e60,#4a3e60,#4a3e60,#4a3e60,#120e1c
#36323e,#4a3e60,#4a3e60,#4a3e60,#4a3e60,#4a3e60,#4a3e60,#4a3e60,#4a3e60,#4a3e60,#4a3e60,#4a3e60,#4a3e60,#4a3e60,#726677,#726677,#726677,#726677,#120e1c,#d8c6b1,#b99974,#6b4928,#6b4928,#6b4928,#402c1f,#ccb07e,#120e1c,#726677,#120e1c,#ccb07e,#120e1c,#120e1c,#d8c6b1,#d8c6b1,#d8c6b1,#d8c6b1,#ccb07e,#120e1c,#4a3e60,#120e1c,#120e1c,#ccb07e,#ccb07e,#6b4928,#986933,#6b4928,#ccb07e,#120e1c,#726677,#726677,#4a3e60,#4a3e60,#4a3e60,#4a3e60,#4a3e60,#4a3e60,#4a3e60,#4a3e60,#4a3e60,#4a3e60,#4a3e60,#4a3e60,#4a3e60,#120e1c
#36323e,#4a3e60,#5a4c70,#4a3e60,#5a4c70,#4a3e60,#5a4c70,#4a3e60,#5a4c70,#4a3e60,#5a4c70,#4a3e60,#5a4c70,#4a3e60,#5a4c70,#4a3e60,#5a4c70,#4a3e60,#120e1c,#d8c6b1,#6b4928,#402c1f,#6b4928,#402c1f,#ccb07e,#120e1c,#5a4c70,#120e1c,#b99974,#b99974,#d8c6b1,#d8c6b1,#ccb07e,#ccb07e,#ccb07e,#ccb07e,#6b4928,#ccb07e,#120e1c,#120e1c,#120e1c,#120e1c,#120e1c,#d8c6b1,#b99974,#986933,#6b4928,#ccb07e,#120e1c,#4a3e60,#5a4c70,#4a3e60,#5a4c70,#4a3e60,#5a4c70,#4a3e60,#5a4c70,#4a3e60,#5a4c70,#4a3e60,#5a4c70,#4a3e60,#5a4c70,#120e1c
#36323e,#5a4c70,#4a3e60,#4a3e60,#4a3e60,#5a4c70,#4a3e60,#4a3e60,#4a3e60,#5a4c70,#4a3e60,#4a3e60,#4a3e60,#5a4c70,#4a3e60,#4a3e60,#4a3e60,#120e1c,#d8c6b1,#b99974,#6b4928,#402c1f,#ccb07e,#ccb07e,#120e1c,#120e1c,#120e1c,#ccb07e,#ccb07e,#402c1f,#ccb07e,#ccb07e,#120e1c,#120e1c,#120e1c,#120e1c,#ccb07e,#ccb07e,#d8c6b1,#d8c6b1,#ccb07e,#120e1c,#120e1c,#ccb07e,#6b4928,#6b4928,#986933,#6b4928,#ccb07e,#120e1c,#4a3e60,#4a3e60,#4a3e60,#5a4c70,#4a3e60,#4a3e60,#4a3e60,#5a4c70,#4a3e60,#4a3e60,#4a3e60,#5a4c70,#4a3e60,#120e1c
#36323e,#4a3e60,#5a4c70,#4a3e60,#5a4c70,#4a3e60,#5a4c70,#4a3e60,#5a4c70,#4a3e60,#5a4c70,#4a3e60,#5a4c70,#4a3e60,#5a4c70,#4a3e60,#120e1c,#d8c6b1,#b99974,#6b4928,#402c1f,#ccb07e,#120e1c,#120e1c,#120e1c,#d8c6b1,#ccb07e,#120e1c,#120e1c,#ccb07e,#120e1c,#120e1c,#5a4c70,#726677,#7e7183,#4a3e60,#120e1c,#120e1c,#ccb07e,#ccb07e,#6b4928,#ccb07e,#120e1c,#120e1c,#ccb07e,#6b4928,#6b4928,#6b4928,#402c1f,#ccb07e,#120e1c,#4a3e60,#5a4c70,#4a3e60,#5a4c70,#4a3e60,#5a4c70,#4a3e60,#5a4c70,#4a3e60,#5a4c70,#4a3e60,#5a4c70,#120e1c
#36323e,#4a3e60,#4a3e60,#5a4c70,#4a3e60,#4a3e60,#4a3e60,#5a4c70,#4a3e60,#4a3e60,#4a3e60,#5a4c70,#4a3e60,#4a3e60,#4a3e60,#5a4c70,#120e1c,#d8c6b1,#6b4928,#6b4928,#ccb07e,#120e1c,#4a3e60,#120e1c,#b99974,#ccb07e,#120e1c,#5a4c70,#4a3e60,#120e1c,#4a3e60,#5a4c70,#4a3e60,#4a3e60,#4a3e60,#5a4c70,#4a3e60,#4a3e60,#120e1c,#120e1c,#ccb07e,#6b4928,#ccb07e,#120e1c,#120e1c,#ccb07e,#b99974,#6b4928,#6b4928,#ccb07e,#120e1c,#5a4c70,#4a3e60,#4a3e60,#4a3e60,#5a4c70,#4a3e60,#4a3e60,#4a3e60,#5a4c70,#4a3e60,#4a3e60,#4a3e60,#120e1c
#36323e,#5a4c70,#5a4c70,#4a3e60,#5a4c70,#5a4c70,#5a4c70,#4a3e60,#5a4c70,#5a4c70,#5a4c70,#4a3e60,#5a4c70,#5a4c70,#5a4c70,#4a3e60,#120e1c,#b99974,#402c1f,#402c1f,#ccb07e,#120e1c,#120e1c,#d8c6b1,#b99974,#ccb07e,#120e1c,#726677,#5a4c70,#5a4c70,#7e7183,#4a3e60,#5a4c70,#7e7183,#7e7183,#4a3e60,#5a4c70,#5a4c70,#5a4c70,#4a3e60,#120e1c,#ccb07e,#ccb07e,#120e1c,#5a4c70,#120e1c,#b99974,#b99974,#6b4928,#ccb07e,#120e1c,#4a3e60,#5a4c70,#5a4c70,#5a4c70,#4a3e60,#5a4c70,#5a4c70,#5a4c70,#4a3e60,#5a4c70,#5a4c70,#5a4c70,#120e1c
#36323e,#5a4c70,#4a3e60,#5a4c70,#4a3e60,#5a4c70,#4a3e60,#5a4c70,#4a3e60,#5a4c70,#4a3e60,#5a4c70,#4a3e60,#5a4c70,#4a3e60,#120e1c,#d8c6b1,#b99974,#6b4928,#ccb07e,#120e1c,#7e7183,#120e1c,#d8c6b1,#ccb07e,#120e1c,#4a3e60,#5a4c70,#4a3e60,#5a4c70,#726677,#5a4c70,#4a3e60,#5a4c70,#4a3e60,#7e7183,#726677,#7e7183,#726677,#5a4c70,#4a3e60,#120e1c,#ccb07e,#120e1c,#4a3e60,#120e1c,#d8c6b1,#b99974,#986933,#402c1f,#ccb07e,#120e1c,#4a3e60,#5a4c70,#4a3e60,#5a4c70,#4a3e60,#5a4c70,#4a3e60,#5a4c70,#4a3e60,#5a4c70,#4a3e60,#120e1c
#36323e,#4a3e60,#5a4c70,#5a4c70,#5a4c70,#4a3e60,#5a4c70,#5a4c70,#5a4c70,#4a3e60,#5a4c70,#5a4c70,#5a4c70,#4a3e60,#5a4c70,#120e1c,#d8c6b1,#6b4928,#6b4928,#ccb07e,#120e1c,#726677,#120e1c,#d8c6b1,#ccb07e,#120e1c,#5a4c70,#5a4c70,#7e7183,#4a3e60,#7e7183,#5a4c70,#7e7183,#4a3e60,#5a4c70,#5a4c70,#5a4c70,#726677,#7e7183,#7e7183,#7e7183,#120e1c,#d8c6b1,#ccb07e,#120e1c,#120e1c,#ccb07e,#b99974,#6b4928,#ccb07e,#120e1c,#5a4c70,#5a4c70,#4a3e60,#5a4c70,#5a4c70,#5a4c70,#4a3e60,#5a4c70,#5a4c70,#5a4c70,#4a3e60,#5a4c70,#120e1c
#36323e,#5a4c70,#4a3e60,#5a4c70,#4a3e60,#5a4c70,#4a3e60,#5a4c70,#4a3e60,#5a4c70,#4a3e60,#7e7183,#726677,#7e7183,#726677,#120e1c,#d8c6b1,#6b4928,#402c1f,#ccb07e,#120e1c,#120e1c,#d8c6b1,#ccb07e,#120e1c,#5a4c70,#4a3e60,#7e7183,#4a3e60,#5a4c70,#726677,#5a4c70,#4a3e60,#7e7183,#4a3e60,#5a4c70,#4a3e60,#5a4c70,#4a3e60,#7e7183,#726677,#120e1c,#ccb07e,#6b4928,#ccb07e,#120e1c,#120e1c,#d8c6b1,#b99974,#402c1f,#ccb07e,#120e1c,#4a3e60,#5a4c70,#4a3e60,#5a4c70,#4a3e60,#5a4c70,#4a3e60,#5a4c70,#4a3e60,#5a4c70,#4a3e60,#120e1c
#36323e,#5a4c70,#5a4c70,#5a4c70,#5a4c70,#5a4c70,#7e7183,#7e7183,#7e7183,#7e7183,#7e7183,#7e7183,#7e7183,#7e7183,#120e1c,#d8c6b1,#b99974,#6b4928,#ccb07e,#120e1c,#120e1c,#d8c6b1,#b99974,#ccb07e,#120e1c,#5a4c70,#7e7183,#5a4c70,#5a4c70,#5a4c70,#7e7183,#5a4c70,#5a4c70,#7e7183,#7e7183,#5a4c70,#5a4c70,#5a4c70,#5a4c70,#5a4c70,#5a4c70,#5a4c70,#120e1c,#d8c6b1,#ccb07e,#120e1c,#120e1c,#ccb07e,#b99974,#6b4928,#ccb07e,#120e1c,#5a4c70,#5a4c70,#5a4c70,#5a4c70,#5a4c70,#5a4c70,#5a4c70,#5a4c70,#5a4c70,#5a4c70,#5a4c70,#120e1c
#36323e,#7e7183,#7e7183,#7e7183,#7e7183,#7e7183,#7e7183,#7e7183,#7e7183,#7e7183,#7e7183,#7e7183,#7e7183,#7e7183,#120e1c,#b99974,#b99974,#6b4928,#ccb07e,#120e1c,#120e1c,#d8c6b1,#ccb07e,#120e1c,#5a4c70,#7e7183,#7e7183,#5a4c70,#5a4c70,#5a4c70,#7e7183,#5a4c70,#5a4c70,#5a4c70,#7e7183,#7e7183,#5a4c70,#5a4c70,#5a4c70,#5a4c70,#5a4c70,#5a4c70,#120e1c,#ccb07e,#ccb07e,#120e1c,#7e7183,#120e1c,#b99974,#6b4928,#ccb07e,#120e1c,#7e7183,#7e7183,#7e7183,#5a4c70,#5a4c70,#5a4c70,#5a4c70,#5a4c70,#5a4c70,#5a4c70,#5a4c70,#120e1c
#36323e,#7e7183,#7e7183,#7e7183,#7e7183,#7e7183,#7e7183,#7e7183,#7e7183,#7e7183,#7e7183,#7e7183,#7e7183,#5a4c70,#120e1c,#d8c6b1,#b99974,#6b4928,#ccb07e,#120e1c,#120e1c,#d8c6b1,#ccb07e,#120e1c,#7e7183,#7e7183,#5a4c70,#5a4c70,#5a4c70,#5a4c70,#7e7183,#5a4c70,#5a4c70,#5a4c70,#7e7183,#7e7183,#5a4c70,#5a4c70,#5a4c70,#5a4c70,#5a4c70,#5a4c70,#5a4c70,#120e1c,#d8c6b1,#ccb07e,#120e1c,#120e1c,#d8c6b1,#b99974,#6b4928,#ccb07e,#120e1c,#7e7183,#7e7183,#7e7183,#7e7183,#7e7183,#7e7183,#5a4c70,#5a4c70,#5a4c70,#5a4c70,#120e1c
#36323e,#7e7183,#7e7183,#7e7183,#7e7183,#7e7183,#7e7183,#7e7183,#7e7183,#7e7183,#7e7183,#5a4c70,#5a4c70,#5a4c70,#120e1c,#d8c6b1,#986933,#402c1f,#ccb07e,#120e1c,#120e1c,#d8c6b1,#ccb07e,#120e1c,#7e7183,#7e7183,#5a4c70,#5a4c70,#5a4c70,#5a4c70,#7e7183,#5a4c70,#5a4c70,#5a4c70,#5a4c70,#7e7183,#7e7183,#5a4c70,#5a4c70,#5a4c70,#5a4c70,#5a4c70,#5a4c70,#120e1c,#b99974,#ccb07e,#120e1c,#120e1c,#d8c6b1,#6b4928,#6b4928,#ccb07e,#120e1c,#7e7183,#7e7183,#7e7183,#7e7183,#7e7183,#7e7183,#7e7183,#7e7183,#7e7183,#7e7183,#120e1c
#36323e,#7e7183,#8b7c90,#7e7183,#8b7c90,#7e7183,#8b7c90,#7e7183,#6a5a80,#5a4c70,#6a5a80,#5a4c70,#6a5a80,#5a4c70,#120e1c,#ccb07e,#b99974,#6b4928,#ccb07e,#120e1c,#120e1c,#ccb07e,#ccb07e,#120e1c,#8b7c90,#5a4c70,#6a5a80,#5a4c70,#6a5a80,#7e7183,#8b7c90,#5a4c70,#6a5a80,#5a4c70,#6a5a80,#5a4c70,#8b7c90,#7e7183,#6a5a80,#5a4c70,#6a5a80,#5a4c70,#120e1c,#d8c6b1,#ccb07e,#120e1c,#120e1c,#d8c6b1,#b99974,#6b4928,#402c1f,#ccb07e,#120e1c,#7e7183,#8b7c90,#7e7183,#8b7c90,#7e7183,#8b7c90,#7e7183,#8b7c90,#7e7183,#8b7c90,#120e1c
#36323e,#7e7183,#7e7183,#7e7183,#7e7183,#7e7183,#5a4c70,#5a4c70,#5a4c70,#5a4c70,#5a4c70,#5a4c70,#5a4c70,#5a4c70,#5a4c70,#120e1c,#d8c6b1,#b99974,#6b4928,#ccb07e,#120e1c,#120e1c,#d8c6b1,#ccb07e,#120e1c,#5a4c70,#5a4c70,#5a4c70,#5a4c70,#7e7183,#7e7183,#5a4c70,#5a4c70,#5a4c70,#5a4c70,#5a4c70,#7e7183,#7e7183,#7e7183,#5a4c70,#5a4c70,#5a4c70,#120e1c,#d8c6b1,#ccb07e,#120e1c,#120e1c,#d8c6b1,#b99974,#6b4928,#ccb07e,#120e1c,#5a4c70,#7e7183,#7e7183,#7e7183,#7e7183,#7e7183,#7e7183,#7e7183,#7e7183,#7e7183,#7e7183,#120e1c
#36323e,#7e7183,#8b7c90,#7e7183,#6a5a80,#5a4c70,#6a5a80,#5a4c70,#6a5a80,#5a4c70,#6a5a80,#5a4c70,#6a5a80,#5a4c70,#6a5a80,#120e1c,#d8c6b1,#b99974,#6b4928,#ccb07e,#120e1c,#120e1c,#d8c6b1,#ccb07e,#120e1c,#5a4c70,#6a5a80,#5a4c70,#6a5a80,#7e7183,#8b7c90,#5a4c70,#6a5a80,#5a4c70,#6a5a80,#5a4c70,#6a5a80,#7e7183,#8b7c90,#7e7183,#6a5a80,#5a4c70,#120e1c,#d8c6b1,#ccb07e,#120e1c,#120e1c,#d8c6b1,#b99974,#402c1f,#ccb07e,#120e1c,#6a5a80,#5a4c70,#6a5a80,#7e7183,#8b7c90,#7e7183,#8b7c90,#7e7183,#8b7c90,#7e7183,#8b7c90,#120e1c
#36323e,#5a4c70,#5a4c70,#6a5a80,#5a4c70,#5a4c70,#5a4c70,#6a5a80,#5a4c70,#5a4c70,#5a4c70,#6a5a80,#5a4c70,#5a4c70,#120e1c,#ccb07e,#b99974,#b99974,#6b4928,#ccb07e,#120e1c,#ccb07e,#b99974,#402c1f,#ccb07e,#120e1c,#5a4c70,#6a5a80,#5a4c70,#7e7183,#7e7183,#6a5a80,#5a4c70,#5a4c70,#5a4c70,#6a5a80,#5a4c70,#7e7183,#7e7183,#8b7c90,#7e7183,#5a4c70,#120e1c,#d8c6b1,#ccb07e,#120e1c,#120e1c,#d8c6b1,#b99974,#6b4928,#ccb07e,#120e1c,#5a4c70,#5a4c70,#5a4c70,#6a5a80,#5a4c70,#7e7183,#7e7183,#8b7c90,#7e7183,#7e7183,#7e7183,#120e1c
#36323e,#5a4c70,#6a5a80,#5a4c70,#6a5a80,#5a4c70,#6a5a80,#5a4c70,#6a5a80,#5a4c70,#6a5a80,#5a4c70,#6a5a80,#5a4c70,#6a5a80,#120e1c,#d8c6b1,#b99974,#6b4928,#ccb07e,#120e1c,#120e1c,#ccb07e,#ccb07e,#120e1c,#fff6e8,#fff6e8,#fff6e8,#fff6e8,#fff6e1,#fff6e1,#5a4c70,#6a5a80,#5a4c70,#6a5a80,#5a4c70,#6a5a80,#5a4c70,#8b7c90,#7e7183,#8b7c90,#120e1c,#d8c6b1,#ccb07e,#120e1c,#5a4c70,#120e1c,#b99974,#402c1f,#6b4928,#ccb07e,#120e1c,#6a5a80,#5a4c70,#6a5a80,#5a4c70,#6a5a80,#5a4c70,#6a5a80,#7e7183,#8b7c90,#7e7183,#8b7c90,#120e1c
#36323e,#fff6e8,#fff6e8,#fff6e8,#fff6e8,#fff6e8,#fff6e8,#fff6e8,#fff6e8,#fff6e8,#fff6e8,#fff6e8,#fff6e8,#fff6e8,#fff6e8,#120e1c,#ccb07e,#b99974,#6b4928,#ccb07e,#120e1c,#fff6e1,#120e1c,#ccb07e,#ccb07e,#120e1c,#120e1c,#fff6e8,#fff6e8,#fff6e1,#fff6e1,#fff6e1,#fff6e8,#fff6e8,#fff6e8,#6a5a80,#5a4c70,#6a5a80,#7e7183,#8b7c90,#120e1c,#120e1c,#d8c6b1,#ccb07e,#120e1c,#120e1c,#d8c6b1,#b99974,#6b4928,#402c1f,#ccb07e,#120e1c,#5a4c70,#6a5a80,#5a4c70,#6a5a80,#5a4c70,#6a5a80,#5a4c70,#6a5a80,#5a4c70,#8b7c90,#7e7183,#120e1c
#36323e,#fff6e8,#fff6e8,#fff6e8,#fff6e8,#fff6e8,#fff6e8,#fff6e8,#fff6e8,#fff6e8,#fff6e8,#fff6e8,#fff6e8,#fff6e8,#fff6e8,#fff6e8,#120e1c,#b99974,#986933,#402c1f,#ccb07e,#120e1c,#fff6e8,#120e1c,#ccb07e,#d8c6b1,#ccb07e,#120e1c,#fff6e8,#fff6e1,#fff6e1,#fff6e1,#fff6e8,#fff6e8,#fff6e8,#fff6e8,#fff6e8,#fff6e8,#fff6e8,#120e1c,#d8c6b1,#d8c6b1,#ccb07e,#ccb07e,#120e1c,#120e1c,#b99974,#6b4928,#6b4928,#ccb07e,#120e1c,#6a5a80,#6a5a80,#5a4c70,#6a5a80,#6a5a80,#6a5a80,#5a4c70,#6a5a80,#6a5a80,#6a5a80,#5a4c70,#6a5a80,#120e1c
#36323e,#fff6e8,#fff6e8,#fff6e8,#fff6e8,#fff6e8,#fff6e8,#fff6e8,#fff6e8,#fff6e8,#fff6e8,#fff6e8,#fff6e8,#fff6e8,#fff6e8,#fff6e8,#120e1c,#ccb07e,#6b4928,#6b4928,#6b4928,#ccb07e,#120e1c,#fff6e8,#120e1c,#ccb07e,#ccb07e,#120e1c,#120e1c,#fff6e1,#fff6e1,#fff6e1,#fff6e8,#fff6e8,#fff6e8,#fff6e8,#fff6e8,#120e1c,#120e1c,#d8c6b1,#b99974,#ccb07e,#120e1c,#120e1c,#d8c6b1,#d8c6b1,#b99974,#6b4928,#402c1f,#ccb07e,#120e1c,#6a5a80,#5a4c70,#6a5a80,#5a4c70,#6a5a80,#5a4c70,#6a5a80,#5a4c70,#6a5a80,#5a4c70,#6a5a80,#5a4c70,#120e1c
#36323e,#fff6e8,#fff6e8,#fff6e8,#fff6e8,#fff6e8,#fff6e8,#fff6e8,#fff6e8,#fff6e8,#fff6e8,#fff6e8,#fff6e8,#fff6e8,#fff6e8,#fff6e1,#fff6e1,#120e1c,#ccb07e,#b99974,#6b4928,#6b4928,#ccb07e,#120e1c,#fff6e8,#120e1c,#d8c6b1,#d8c6b1,#ccb07e,#120e1c,#120e1c,#120e1c,#120e1c,#fff6e8,#fff6e8,#120e1c,#120e1c,#d8c6b1,#d8c6b1,#ccb07e,#ccb07e,#120e1c,#fff6e1,#120e1c,#d8c6b1,#b99974,#6b4928,#402c1f,#ccb07e,#120e1c,#6a5a80,#6a5a80,#6a5a80,#6a5a80,#6a5a80,#6a5a80,#6a5a80,#fff6e8,#fff6e8,#fff6e8,#fff6e8,#fff6e8,#fff6e8,#120e1c
#36323e,#fff6e8,#fff6e8,#fff6e8,#fff6e8,#120e1c,#120e1c,#120e1c,#120e1c,#120e1c,#120e1c,#120e1c,#fff6e8,#fff6e8,#fff6e1,#fff6e1,#fff6e1,#fff6e1,#120e1c,#d8c6b1,#b99974,#402c1f,#6b4928,#ccb07e,#120e1c,#120e1c,#ccb07e,#ccb07e,#ccb07e,#d8c6b1,#d8c6b1,#d8c6b1,#ccb07e,#120e1c,#120e1c,#b99974,#d8c6b1,#b99974,#ccb07e,#120e1c,#120e1c,#fff6e1,#120e1c,#d8c6b1,#b99974,#6b4928,#6b4928,#ccb07e,#120e1c,#fff6e8,#5a4c70,#6a5a80,#6a5a80,#6a5a80,#fff6e8,#fff6e8,#fff6e8,#fff6e8,#fff6e8,#fff6e8,#fff6e8,#fff6e8,#fff6e8,#120e1c
#36323e,#fff6e8,#fff6e8,#fff6e8,#120e1c,#bdb9bb,#bdb9bb,#0a0612,#bdb9bb,#bdb9bb,#bdb9bb,#a99f8a,#120e1c,#120e1c,#120e1c,#120e1c,#120e1c,#120e1c,#120e1c,#d8c6b1,#6b4928,#6b4928,#6b4928,#6b4928,#d8c6b1,#ccb07e,#120e1c,#120e1c,#120e1c,#ccb07e,#ccb07e,#ccb07e,#ccb07e,#d8c6b1,#d8c6b1,#ccb07e,#ccb07e,#ccb07e,#120e1c,#fff6e8,#fff6e8,#120e1c,#d8c6b1,#b99974,#6b4928,#6b4928,#402c1f,#ccb07e,#120e1c,#fff6e8,#fff6e8,#6a5a80,#6a5a80,#fff6e8,#fff6e8,#fff6e8,#fff6e8,#fff6e8,#fff6e8,#fff6e8,#fff6e8,#fff6e8,#fff6e8,#120e1c
#36323e,#fff6e8,#e8dcc8,#fff6e8,#0a0612,#0a0612,#0a0612,#544d3b,#0a0612,#0a0612,#0a0612,#898385,#bdb9bb,#bdb9bb,#bdb9bb,#bdb9bb,#bdb9bb,#898385,#bdb9bb,#b99974,#402c1f,#402c1f,#402c1f,#402c1f,#402c1f,#ccb07e,#120e1c,#fff6e8,#ede2c8,#120e1c,#120e1c,#120e1c,#120e1c,#ccb07e,#ccb07e,#120e1c,#120e1c,#120e1c,#120e1c,#120e1c,#120e1c,#d8c6b1,#b99974,#402c1f,#6b4928,#402c1f,#ccb07e,#120e1c,#e8dcc8,#fff6e8,#e8dcc8,#fff6e8,#e8dcc8,#fff6e8,#e8dcc8,#fff6e8,#e8dcc8,#fff6e8,#e8dcc8,#fff6e8,#e8dcc8,#fff6e8,#e8dcc8,#120e1c
#36323e,#e8dcc8,#fff6e8,#0a0612,#544d3b,#544d3b,#544d3b,#fff39a,#fff39a,#544d3b,#544d3b,#0a0612,#898385,#898385,#898385,#52484c,#898385,#898385,#898385,#52484c,#898385,#898385,#898385,#898385,#898385,#898385,#ccb07e,#120e1c,#120e1c,#120e1c,#120e1c,#120e1c,#120e1c,#120e1c,#120e1c,#120e1c,#120e1c,#120e1c,#b99974,#b99974,#b99974,#b99974,#6b4928,#6b4928,#402c1f,#ccb07e,#120e1c,#ede2c8,#fff6e8,#e8dcc8,#fff6e8,#e8dcc8,#fff6e8,#e8dcc8,#fff6e8,#e8dcc8,#fff6e8,#e8dcc8,#fff6e8,#e8dcc8,#fff6e8,#e8dcc8,#fff6e8,#120e1c
#36323e,#fff6e8,#0a0612,#544d3b,#544d3b,#544d3b,#544d3b,#fff39a,#fff39a,#544d3b,#544d3b,#544d3b,#0a0612,#3b3339,#52484c,#3b3339,#52484c,#3b3339,#52484c,#898385,#898385,#898385,#898385,#898385,#898385,#898385,#898385,#bdb9bb,#bdb9bb,#bdb9bb,#bdb9bb,#bdb9bb,#a99f8a,#120e1c,#120e1c,#d8c6b1,#d8c6b1,#d8c6b1,#b99974,#402c1f,#6b4928,#6b4928,#402c1f,#ccb07e,#ccb07e,#120e1c,#ede2c8,#fff6e1,#ede2c8,#fff6e8,#e8dcc8,#fff6e8,#e8dcc8,#fff6e8,#e8dcc8,#fff6e8,#e8dcc8,#fff6e8,#e8dcc8,#fff6e8,#e8dcc8,#fff6e8,#e8dcc8,#120e1c
#36323e,#e8dcc8,#0a0612,#544d3b,#544d3b,#fff39a,#fff39a,#fff39a,#fff39a,#fff39a,#fff39a,#544d3b,#0a0612,#52484c,#3b3339,#52484c,#3b3339,#52484c,#3b3339,#52484c,#3b3339,#52484c,#3b3339,#52484c,#3b3339,#52484c,#898385,#898385,#898385,#52484c,#898385,#898385,#898385,#bdb9bb,#bdb9bb,#898385,#898385,#898385,#898385,#898385,#b99974,#402c1f,#ccb07e,#120e1c,#120e1c,#120e1c,#fff6e1,#ede2c8,#fff6e1,#ede2c8,#fff6e8,#e8dcc8,#fff6e8,#e8dcc8,#fff6e8,#e8dcc8,#fff6e8,#e8dcc8,#fff6e8,#e8dcc8,#fff6e8,#e8dcc8,#fff6e8,#120e1c
#36323e,#fff6e8,#0a0612,#544d3b,#544d3b,#fff39a,#fff39a,#fff39a,#fff39a,#fff39a,#fff39a,#544d3b,#0a0612,#3b3339,#3b3339,#3b3339,#3b3339,#3b3339,#52484c,#3b3339,#52484c,#3b3339,#52484c,#3b3339,#52484c,#3b3339,#52484c,#3b3339,#52484c,#3b3339,#52484c,#3b3339,#52484c,#898385,#898385,#898385,#898385,#898385,#898385,#898385,#898385,#898385,#898385,#bdb9bb,#bdb9bb,#a99f8a,#120e1c,#120e1c,#120e1c,#120e1c,#120e1c,#120e1c,#120e1c,#fff6e8,#e8dcc8,#fff6e8,#e8dcc8,#fff6e8,#e8dcc8,#fff6e8,#e8dcc8,#fff6e8,#e8dcc8,#120e1c
#36323e,#0a0612,#544d3b,#fff39a,#fff39a,#fff39a,#fff39a,#fff39a,#fff39a,#fff39a,#fff39a,#fff39a,#fff39a,#0a0612,#a99f8a,#a99f8a,#a99f8a,#a99f8a,#3b3339,#3b3339,#3b3339,#3b3339,#3b3339,#3b3339,#3b3339,#52484c,#3b3339,#52484c,#3b3339,#52484c,#3b3339,#52484c,#3b3339,#52484c,#3b3339,#52484c,#3b3339,#52484c,#3b3339,#52484c,#898385,#898385,#898385,#898385,#52484c,#898385,#bdb9bb,#bdb9bb,#bdb9bb,#bdb9bb,#bdb9bb,#bdb9bb,#a99f8a,#120e1c,#120e1c,#120e1c,#120e1c,#e8dcc8,#fff6e8,#e8dcc8,#fff6e8,#e8dcc8,#fff6e8,#120e1c
#36323e,#fff6e8,#0a0612,#fff39a,#fff39a,#fff39a,#fff39a,#fff39a,#fff39a,#fff39a,#fff39a,#fff39a,#fff39a,#120e1c,#120e1c,#120e1c,#120e1c,#120e1c,#a99f8a,#a99f8a,#a99f8a,#a99f8a,#a99f8a,#a99f8a,#a99f8a,#3b3339,#3b3339,#3b3339,#3b3339,#3b3339,#3b3339,#3b3339,#52484c,#3b3339,#52484c,#3b3339,#52484c,#3b3339,#52484c,#3b3339,#52484c,#3b3339,#52484c,#3b3339,#3b3339,#3b3339,#898385,#898385,#898385,#898385,#898385,#898385,#898385,#bdb9bb,#bdb9bb,#bdb9bb,#a99f8a,#120e1c,#e8dcc8,#fff6e8,#e8dcc8,#fff6e8,#e8dcc8,#120e1c
#36323e,#e8dcc8,#0a0612,#544d3b,#544d3b,#fff39a,#fff39a,#fff39a,#fff39a,#fff39a,#fff39a,#544d3b,#0a0612,#ede2c8,#fff6e8,#e8dcc8,#fff6e8,#e8dcc8,#120e1c,#120e1c,#120e1c,#120e1c,#120e1c,#120e1c,#120e1c,#a99f8a,#a99f8a,#a99f8a,#a99f8a,#a99f8a,#a99f8a,#a99f8a,#3b3339,#3b3339,#251f28,#251f28,#3b3339,#3b3339,#3b3339,#52484c,#3b3339,#52484c,#3b3339,#52484c,#3b3339,#52484c,#3b3339,#52484c,#3b3339,#52484c,#3b3339,#52484c,#898385,#898385,#898385,#3b3339,#a99f8a,#120e1c,#fff6e8,#e8dcc8,#fff6e8,#e8dcc8,#fff6e8,#120e1c
#36323e,#fff6e8,#0a0612,#544d3b,#544d3b,#fff39a,#fff39a,#fff39a,#fff39a,#fff39a,#fff39a,#544d3b,#0a0612,#8c8780,#e8dcc8,#8c8780,#e8dcc8,#8c8780,#e8dcc8,#8c8780,#e8dcc8,#8c8780,#e8dcc8,#8c8780,#e8dcc8,#120e1c,#120e1c,#120e1c,#120e1c,#120e1c,#120e1c,#120e1c,#a99f8a,#a99f8a,#a99f8a,#a99f8a,#a99f8a,#a99f8a,#a99f8a,#3b3339,#3b3339,#3b3339,#3b3339,#3b3339,#3b3339,#3b3339,#52484c,#3b3339,#52484c,#3b3339,#52484c,#3b3339,#52484c,#3b3339,#52484c,#3b3339,#a99f8a,#120e1c,#e8dcc8,#fff6e8,#e8dcc8,#fff6e8,#e8dcc8,#120e1c
#36323e,#e8dcc8,#fff6e8,#0a0612,#544d3b,#fff39a,#fff39a,#544d3b,#544d3b,#fff39a,#fff39a,#0a0612,#8c877c,#80796e,#8c8780,#80796e,#8c8780,#80796e,#8c8780,#80796e,#8c8780,#80796e,#8c8780,#80796e,#8c8780,#80796e,#8c8780,#827c6e,#8c877c,#827c6e,#8c877c,#827c6e,#120e1c,#120e1c,#120e1c,#120e1c,#120e1c,#120e1c,#120e1c,#a99f8a,#a99f8a,#a99f8a,#a99f8a,#a99f8a,#a99f8a,#a99f8a,#3b3339,#3b3339,#251f28,#3b3339,#3b3339,#3b3339,#3b3339,#52484c,#3b3339,#3b3339,#a99f8a,#120e1c,#fff6e8,#e8dcc8,#fff6e8,#e8dcc8,#fff6e8,#120e1c
#36323e,#fff6e8,#e8dcc8,#fff6e1,#0a0612,#fff39a,#fff39a,#544d3b,#0a0612,#fff39a,#fff39a,#8c877c,#e8dcc8,#8c8780,#e8dcc8,#8c8780,#e8dcc8,#8c8780,#e8dcc8,#8c8780,#e8dcc8,#8c8780,#e8dcc8,#8c8780,#e8dcc8,#8c8780,#e8dcc8,#8c877c,#ede2c8,#8c877c,#ede2c8,#8c877c,#ede2c8,#8c8780,#e8dcc8,#8c8780,#e8dcc8,#8c8780,#e8dcc8,#120e1c,#120e1c,#120e1c,#120e1c,#120e1c,#120e1c,#120e1c,#a99f8a,#a99f8a,#a99f8a,#a99f8a,#a99f8a,#a99f8a,#3b3339,#3b3339,#3b3339,#3b3339,#a99f8a,#120e1c,#e8dcc8,#fff6e8,#e8dcc8,#fff6e8,#e8dcc8,#120e1c
#36323e,#e8dcc8,#fff6e1,#ede2c8,#fff6e1,#ede2c8,#fff6e1,#0a0612,#8c877c,#827c6e,#8c877c,#80796e,#8c8780,#80796e,#8c8780,#80796e,#8c8780,#80796e,#8c8780,#80796e,#8c8780,#80796e,#8c8780,#80796e,#8c8780,#80796e,#8c8780,#827c6e,#8c877c,#827c6e,#8c877c,#827c6e,#8c877c,#80796e,#8c8780,#80796e,#8c8780,#80796e,#8c8780,#80796e,#8c8780,#80796e,#8c8780,#80796e,#8c8780,#80796e,#120e1c,#120e1c,#120e1c,#120e1c,#120e1c,#120e1c,#a99f8a,#a99f8a,#a99f8a,#a99f8a,#a99f8a,#120e1c,#fff6e8,#e8dcc8,#fff6e8,#e8dcc8,#fff6e8,#120e1c
#36323e,#120e1c,#120e1c,#120e1c,#120e1c,#120e1c,#120e1c,#120e1c,#120e1c,#120e1c,#120e1c,#120e1c,#120e1c,#120e1c,#120e1c,#120e1c,#120e1c,#120e1c,#120e1c,#120e1c,#120e1c,#120e1c,#120e1c,#120e1c,#120e1c,#120e1c,#120e1c,#120e1c,#120e1c,#120e1c,#120e1c,#120e1c,#120e1c,#120e1c,#120e1c,#120e1c,#120e1c,#120e1c,#120e1c,#120e1c,#120e1c,#120e1c,#120e1c,#120e1c,#120e1c,#120e1c,#120e1c,#120e1c,#120e1c,#120e1c,#120e1c,#120e1c,#120e1c,#120e1c,#120e1c,#120e1c,#120e1c,#120e1c,#120e1c,#120e1c,#120e1c,#120e1c,#120e1c,#120e1c
