#e8e4f4,#e8e4f4,#e8e4f4,#e8e4f4,#e8e4f4,#e8e4f4,#e8e4f4,#e8e4f4,#e8e4f4,#e8e4f4,#e8e4f4,#e8e4f4,#e8e4f4,#e8e4f4,#e8e4f4,#e8e4f4,#e8e4f4,#e8e4f4,#e8e4f4,#e8e4f4,#e8e4f4,#e8e4f4,#e8e4f4,#e8e4f4,#e8e4f4,#e8e4f4,#e8e4f4,#e8e4f4,#e8e4f4,#e8e4f4,#e8e4f4,#e8e4f4,#e8e4f4,#e8e4f4,#e8e4f4,#e8e4f4,#e8e4f4,#e8e4f4,#e8e4f4,#e8e4f4,#e8e4f4,#e8e4f4,#e8e4f4,#e8e4f4,#e8e4f4,#e8e4f4,#e8e4f4,#e8e4f4,#e8e4f4,#e8e4f4,#e8e4f4,#e8e4f4,#e8e4f4,#e8e4f4,#e8e4f4,#e8e4f4,#e8e4f4,#e8e4f4,#e8e4f4,#e8e4f4,#e8e4f4,#e8e4f4,#e8e4f4,#e8e4f4
#e8e4f4,#e8e4f4,#e8e4f4,#e8e4f4,#e8e4f4,#e8e4f4,#e8e4f4,#e8e4f4,#e8e4f4,#e8e4f4,#e8e4f4,#e8e4f4,#e8e4f4,#e8e4f4,#e8e4f4,#e8e4f4,#e8e4f4,#e8e4f4,#e8e4f4,#e8e4f4,#e8e4f4,#e8e4f4,#e8e4f4,#e8e4f4,#e8e4f4,#e8e4f4,#e8e4f4,#e8e4f4,#e8e4f4,#e8e4f4,#e8e4f4,#e8e4f4,#e8e4f4,#e8e4f4,#e8e4f4,#e8e4f4,#e8e4f4,#e8e4f4,#e8e4f4,#e8e4f4,#e8e4f4,#e8e4f4,#e8e4f4,#e8e4f4,#e8e4f4,#e8e4f4,#e8e4f4,#e8e4f4,#e8e4f4,#e8e4f4,#e8e4f4,#e8e4f4,#e8e4f4,#e8e4f4,#e8e4f4,#e8e4f4,#e8e4f4,#e8e4f4,#e8e4f4,#e8e4f4,#e8e4f4,#e8e4f4,#e8e4f4,#6a6478
#e8e4f4,#e8e4f4,#ffffff,#2a2240,#2a2240,#2a2240,#615868,#554c5b,#554c5b,#554c5b,#615868,#554c5b,#554c5b,#554c5b,#615868,#554c5b,#554c5b,#554c5b,#3a3050,#2a2240,#2a2240,#2a2240,#3a3050,#2a2240,#2a2240,#ffe066,#3a3050,#fff6c8,#fff6c8,#fff6c8,#fff6c8,#fff6c8,#fff6c8,#fff6c8,#fff6c8,#fff6c8,#fff6c8,#fff6c8,#ffe066,#fff6c8,#fff6c8,#fff6c8,#fff6c8,#fff6c8,#2a2240,#2a2240,#3a3050,#554c5b,#554c5b,#554c5b,#615868,#2a2240,#2a2240,#2a2240,#3a3050,#2a2240,#2a2240,#2a2240,#3a3050,#2a2240,#2a2240,#ffffff,#6a6478,#6a6478
#e8e4f4,#e8e4f4,#554c5b,#554c5b,#554c5b,#554c5b,#554c5b,#554c5b,#554c5b,#554c5b,#554c5b,#554c5b,#554c5b,#554c5b,#554c5b,#2a2240,#2a2240,#2a2240,#2a2240,#2a2240,#2a2240,#2a2240,#2a2240,#2a2240,#2a2240,#ffe066,#554c5b,#fff6c8,#2a2240,#fff6c8,#2a2240,#fff6c8,#554c5b,#fff6c8,#2a2240,#fff6c8,#554c5b,#fff6c8,#ffe066,#ffe066,#2a2240,#fff6c8,#2a2240,#fff6c8,#2a2240,#2a2240,#2a2240,#2a2240,#554c5b,#554c5b,#554c5b,#554c5b,#554c5b,#2a2240,#2a2240,#2a2240,#2a2240,#2a2240,#2a2240,#2a2240,#2a2240,#2a2240,#6a6478,#6a6478
#e8e4f4,#e8e4f4,#615868,#554c5b,#615868,#554c5b,#615868,#554c5b,#615868,#554c5b,#615868,#554c5b,#615868,#2a2240,#3a3050,#2a2240,#3a3050,#2a2240,#3a3050,#2a2240,#3a3050,#2a2240,#3a3050,#2a2240,#615868,#ffe066,#ffe066,#ffe066,#ffe066,#fff6c8,#fff6c8,#fff6c8,#fff6c8,#fff6c8,#fff6c8,#ffe066,#ffe066,#ffe066,#ffe066,#fff6c8,#fff6c8,#fff6c8,#fff6c8,#2a2240,#3a3050,#2a2240,#3a3050,#2a2240,#3a3050,#554c5b,#615868,#554c5b,#615868,#554c5b,#615868,#2a2240,#3a3050,#2a2240,#3a3050,#2a2240,#3a3050,#2a2240,#6a6478,#6a6478
#e8e4f4,#e8e4f4,#554c5b,#615868,#554c5b,#615868,#554c5b,#615868,#554c5b,#615868,#554c5b,#3a3050,#2a2240,#3a3050,#2a2240,#3a3050,#2a2240,#3a3050,#2a2240,#3a3050,#2a2240,#3a3050,#2a2240,#615868,#554c5b,#615868,#2a2240,#3a3050,#fff6c8,#ffe066,#ffe066,#ffe066,#ffe066,#ffe066,#ffe066,#fff6c8,#fff6c8,#fff6c8,#2a2240,#fff6c8,#fff6c8,#fff6c8,#554c5b,#615868,#2a2240,#3a3050,#2a2240,#3a3050,#2a2240,#3a3050,#2a2240,#615868,#554c5b,#615868,#554c5b,#615868,#554c5b,#3a3050,#2a2240,#3a3050,#2a2240,#3a3050,#6a6478,#6a6478
#e8e4f4,#e8e4f4,#615868,#554c5b,#615868,#554c5b,#615868,#554c5b,#3a3050,#2a2240,#3a3050,#2a2240,#3a3050,#2a2240,#3a3050,#2a2240,#3a3050,#2a2240,#3a3050,#2a2240,#3a3050,#2a2240,#615868,#554c5b,#615868,#554c5b,#3a3050,#2a2240,#3a3050,#fff6c8,#fff6c8,#fff6c8,#fff6c8,#fff6c8,#fff6c8,#120e1c,#120e1c,#120e1c,#120e1c,#fff6c8,#fff6c8,#fff6c8,#615868,#554c5b,#615868,#2a2240,#3a3050,#2a2240,#3a3050,#2a2240,#3a3050,#2a2240,#615868,#554c5b,#615868,#554c5b,#615868,#554c5b,#615868,#2a2240,#3a3050,#2a2240,#6a6478,#6a6478
#e8e4f4,#e8e4f4,#554c5b,#615868,#554c5b,#615868,#2a2240,#3a3050,#2a2240,#3a3050,#2a2240,#3a3050,#2a2240,#3a3050,#2a2240,#3a3050,#2a2240,#3a3050,#2a2240,#3a3050,#2a2240,#615868,#554c5b,#120e1c,#120e1c,#120e1c,#120e1c,#120e1c,#120e1c,#120e1c,#120e1c,#120e1c,#120e1c,#120e1c,#120e1c,#b99974,#d8c6b1,#d8c6b1,#ccb07e,#120e1c,#2a2240,#3a3050,#2a2240,#615868,#554c5b,#3a3050,#2a2240,#3a3050,#2a2240,#3a3050,#2a2240,#3a3050,#2a2240,#615868,#554c5b,#615868,#554c5b,#615868,#554c5b,#615868,#2a2240,#3a3050,#6a6478,#6a6478
#e8e4f4,#e8e4f4,#615868,#615868,#3a3050,#3a3050,#3a3050,#3a3050,#3a3050,#3a3050,#3a3050,#3a3050,#3a3050,#3a3050,#3a3050,#3a3050,#3a3050,#3a3050,#3a3050,#3a3050,#615868,#615868,#120e1c,#d8c6b1,#d8c6b1,#d8c6b1,#d8c6b1,#d8c6b1,#d8c6b1,#d8c6b1,#d8c6b1,#d8c6b1,#d8c6b1,#d8c6b1,#d8c6b1,#b99974,#b99974,#6b4928,#ccb07e,#120e1c,#3a3050,#3a3050,#3a3050,#615868,#615868,#615868,#3a3050,#3a3050,#3a3050,#3a3050,#3a3050,#3a3050,#3a3050,#3a3050,#3a3050,#615868,#615868,#615868,#615868,#615868,#615868,#615868,#6a6478,#6a6478
#e8e4f4,#e8e4f4,#2a2240,#3a3050,#3a3050,#3a3050,#2a2240,#3a3050,#3a3050,#3a3050,#2a2240,#3a3050,#3a3050,#3a3050,#2a2240,#3a3050,#3a3050,#3a3050,#554c5b,#615868,#615868,#615868,#120e1c,#d8c6b1,#b99974,#b99974,#b99974,#b99974,#b99974,#986933,#b99974,#b99974,#b99974,#b99974,#986933,#b99974,#b99974,#6b4928,#ccb07e,#120e1c,#3a3050,#3a3050,#2a2240,#3a3050,#615868,#615868,#554c5b,#3a3050,#3a3050,#3a3050,#2a2240,#3a3050,#3a3050,#3a3050,#2a2240,#3a3050,#615868,#615868,#554c5b,#615868,#615868,#615868,#6a6478,#6a6478
#e8e4f4,#e8e4f4,#3a3050,#3a3050,#3a3050,#3a3050,#3a3050,#3a3050,#3a3050,#3a3050,#3a3050,#3a3050,#3a3050,#3a3050,#3a3050,#3a3050,#3a3050,#615868,#615868,#615868,#615868,#615868,#120e1c,#b99974,#986933,#6b4928,#402c1f,#986933,#6b4928,#986933,#6b4928,#986933,#6b4928,#986933,#6b4928,#986933,#6b4928,#402c1f,#ccb07e,#120e1c,#3a3050,#3a3050,#3a3050,#3a3050,#615868,#615868,#615868,#615868,#3a3050,#3a3050,#3a3050,#3a3050,#3a3050,#3a3050,#3a3050,#3a3050,#3a3050,#3a3050,#615868,#615868,#615868,#615868,#6a6478,#6a6478
#e8e4f4,#e8e4f4,#3a3050,#3a3050,#2a2240,#3a3050,#3a3050,#3a3050,#2a2240,#3a3050,#3a3050,#3a3050,#2a2240,#3a3050,#3a3050,#3a3050,#554c5b,#615868,#615868,#615868,#554c5b,#3a3050,#120e1c,#d8c6b1,#b99974,#6b4928,#986933,#6b4928,#6b4928,#6b4928,#402c1f,#402c1f,#402c1f,#402c1f,#6b4928,#6b4928,#6b4928,#6b4928,#ccb07e,#120e1c,#2a2240,#3a3050,#3a3050,#3a3050,#2a2240,#615868,#615868,#615868,#2a2240,#3a3050,#3a3050,#3a3050,#2a2240,#3a3050,#3a3050,#3a3050,#2a2240,#3a3050,#3a3050,#615868,#554c5b,#615868,#6a6478,#6a6478
#e8e4f4,#e8e4f4,#3a3050,#3a3050,#4a3e60,#3a3050,#3a3050,#3a3050,#4a3e60,#3a3050,#3a3050,#3a3050,#4a3e60,#3a3050,#3a3050,#615868,#6e6375,#615868,#615868,#615868,#847981,#3a3050,#120e1c,#d8c6b1,#6b4928,#6b4928,#6b4928,#402c1f,#402c1f,#402c1f,#402c1f,#402c1f,#402c1f,#402c1f,#402c1f,#402c1f,#402c1f,#ccb07e,#ccb07e,#120e1c,#847981,#3a3050,#3a3050,#3a3050,#847981,#615868,#615868,#615868,#6e6375,#3a3050,#3a3050,#3a3050,#4a3e60,#3a3050,#3a3050,#3a3050,#4a3e60,#3a3050,#3a3050,#3a3050,#6e6375,#615868,#6a6478,#6a6478
#e8e4f4,#e8e4f4,#3a3050,#3a3050,#3a3050,#3a3050,#3a3050,#3a3050,#3a3050,#3a3050,#3a3050,#3a3050,#3a3050,#3a3050,#615868,#615868,#615868,#615868,#615868,#3a3050,#3a3050,#3a3050,#120e1c,#ccb07e,#ccb07e,#402c1f,#402c1f,#402c1f,#402c1f,#cbe4e9,#cbe4e9,#cbe4e9,#cbe4e9,#cbe4e9,#cbe4e9,#cbe4e9,#d9e7d4,#120e1c,#120e1c,#3a3050,#3a3050,#3a3050,#3a3050,#3a3050,#3a3050,#3a3050,#615868,#615868,#615868,#615868,#3a3050,#3a3050,#3a3050,#3a3050,#3a3050,#3a3050,#3a3050,#3a3050,#3a3050,#3a3050,#3a3050,#3a3050,#6a6478,#6a6478
#e8e4f4,#e8e4f4,#4a3e60,#3a3050,#4a3e60,#3a3050,#4a3e60,#3a3050,#4a3e60,#3a3050,#4a3e60,#3a3050,#4a3e60,#615868,#6e6375,#615868,#6e6375,#615868,#9c9290,#3a3050,#4a3e60,#3a3050,#847981,#120e1c,#120e1c,#e2f0f3,#cbe4e9,#cbe4e9,#cbe4e9,#cbe4e9,#cbe4e9,#cbe4e9,#cbe4e9,#cbe4e9,#cbe4e9,#7c959d,#d9e7d4,#120e1c,#9c9290,#615868,#847981,#3a3050,#847981,#3a3050,#4a3e60,#3a3050,#9c9290,#615868,#6e6375,#615868,#6e6375,#3a3050,#4a3e60,#3a3050,#4a3e60,#3a3050,#4a3e60,#3a3050,#4a3e60,#3a3050,#4a3e60,#3a3050,#6a6478,#6a6478
#e8e4f4,#e8e4f4,#3a3050,#3a3050,#3a3050,#3a3050,#3a3050,#3a3050,#3a3050,#3a3050,#3a3050,#615868,#615868,#615868,#615868,#615868,#615868,#615868,#3a3050,#3a3050,#3a3050,#3a3050,#3a3050,#3a3050,#120e1c,#e2f0f3,#cbe4e9,#cbe4e9,#cbe4e9,#cbe4e9,#cbe4e9,#cbe4e9,#b2d8df,#7c959d,#b2d8df,#7c959d,#d9e7d4,#120e1c,#615868,#615868,#3a3050,#3a3050,#3a3050,#3a3050,#3a3050,#3a3050,#3a3050,#615868,#615868,#615868,#615868,#3a3050,#3a3050,#3a3050,#3a3050,#3a3050,#3a3050,#3a3050,#3a3050,#3a3050,#3a3050,#3a3050,#6a6478,#6a6478
#e8e4f4,#e8e4f4,#4a3e60,#3a3050,#4a3e60,#3a3050,#4a3e60,#3a3050,#4a3e60,#3a3050,#6e6375,#615868,#6e6375,#615868,#6e6375,#615868,#9c9290,#3a3050,#847981,#3a3050,#847981,#3a3050,#847981,#3a3050,#120e1c,#d9e7d4,#cbe4e9,#b2d8df,#cbe4e9,#b2d8df,#cbe4e9,#b2d8df,#cbe4e9,#b2d8df,#7c959d,#7c959d,#d9e7d4,#120e1c,#9c9290,#615868,#847981,#3a3050,#847981,#3a3050,#847981,#3a3050,#847981,#615868,#9c9290,#615868,#6e6375,#615868,#4a3e60,#3a3050,#4a3e60,#3a3050,#4a3e60,#3a3050,#4a3e60,#3a3050,#4a3e60,#3a3050,#6a6478,#6a6478
#e8e4f4,#e8e4f4,#3a3050,#4a3e60,#3a3050,#4a3e60,#3a3050,#4a3e60,#3a3050,#6e6375,#615868,#6e6375,#615868,#6e6375,#615868,#6e6375,#3a3050,#4a3e60,#3a3050,#4a3e60,#3a3050,#847981,#3a3050,#4a3e60,#3a3050,#120e1c,#e2f0f3,#cbe4e9,#b2d8df,#e2f0f3,#b2d8df,#b2d8df,#b2d8df,#7c959d,#b2d8df,#7c959d,#d9e7d4,#120e1c,#615868,#9c9290,#3a3050,#847981,#3a3050,#4a3e60,#3a3050,#4a3e60,#3a3050,#4a3e60,#615868,#6e6375,#615868,#6e6375,#615868,#4a3e60,#3a3050,#4a3e60,#3a3050,#4a3e60,#3a3050,#4a3e60,#3a3050,#4a3e60,#6a6478,#6a6478
#e8e4f4,#e8e4f4,#4a3e60,#3a3050,#4a3e60,#3a3050,#4a3e60,#3a3050,#6e6375,#615868,#6e6375,#615868,#6e6375,#615868,#9c9290,#3a3050,#4a3e60,#3a3050,#847981,#3a3050,#847981,#3a3050,#847981,#3a3050,#847981,#120e1c,#e2f0f3,#cbe4e9,#cbe4e9,#b2d8df,#b2d8df,#b2d8df,#b2d8df,#b2d8df,#7c959d,#7c959d,#d9e7d4,#120e1c,#9c9290,#615868,#847981,#3a3050,#847981,#3a3050,#847981,#3a3050,#847981,#3a3050,#4a3e60,#615868,#9c9290,#615868,#6e6375,#615868,#4a3e60,#3a3050,#4a3e60,#3a3050,#4a3e60,#3a3050,#4a3e60,#3a3050,#6a6478,#6a6478
#e8e4f4,#e8e4f4,#3a3050,#4a3e60,#3a3050,#4a3e60,#3a3050,#6e6375,#615868,#6e6375,#615868,#6e6375,#615868,#6e6375,#3a3050,#4a3e60,#3a3050,#4a3e60,#3a3050,#4a3e60,#3a3050,#4a3e60,#3a3050,#847981,#3a3050,#120e1c,#e2f0f3,#cbe4e9,#b2d8df,#b2d8df,#b2d8df,#b2d8df,#b2d8df,#7c959d,#b2d8df,#7c959d,#d9e7d4,#120e1c,#615868,#9c9290,#615868,#4a3e60,#3a3050,#847981,#3a3050,#4a3e60,#3a3050,#4a3e60,#3a3050,#6e6375,#615868,#6e6375,#615868,#6e6375,#3a3050,#4a3e60,#3a3050,#4a3e60,#3a3050,#4a3e60,#3a3050,#4a3e60,#6a6478,#6a6478
#e8e4f4,#e8e4f4,#4a3e60,#4a3e60,#4a3e60,#4a3e60,#6e6375,#6e6375,#6e6375,#6e6375,#6e6375,#6e6375,#9c9290,#4a3e60,#847981,#4a3e60,#847981,#4a3e60,#847981,#4a3e60,#847981,#4a3e60,#847981,#4a3e60,#9c9290,#120e1c,#e2f0f3,#cbe4e9,#cbe4e9,#b2d8df,#b2d8df,#b2d8df,#b2d8df,#b2d8df,#7c959d,#7c959d,#d9e7d4,#120e1c,#9c9290,#6e6375,#9c9290,#4a3e60,#847981,#4a3e60,#847981,#4a3e60,#847981,#4a3e60,#847981,#4a3e60,#9c9290,#6e6375,#9c9290,#6e6375,#6e6375,#4a3e60,#4a3e60,#4a3e60,#4a3e60,#4a3e60,#4a3e60,#4a3e60,#6a6478,#6a6478
#e8e4f4,#e8e4f4,#3a3050,#4a3e60,#6e6375,#6e6375,#615868,#6e6375,#6e6375,#6e6375,#615868,#6e6375,#6e6375,#4a3e60,#3a3050,#4a3e60,#4a3e60,#847981,#3a3050,#4a3e60,#4a3e60,#847981,#3a3050,#847981,#6e6375,#120e1c,#e2f0f3,#cbe4e9,#b2d8df,#cbe4e9,#b2d8df,#b2d8df,#b2d8df,#7c959d,#b2d8df,#7c959d,#d9e7d4,#120e1c,#615868,#9c9290,#6e6375,#847981,#3a3050,#847981,#4a3e60,#847981,#3a3050,#4a3e60,#4a3e60,#4a3e60,#615868,#6e6375,#6e6375,#6e6375,#615868,#6e6375,#4a3e60,#4a3e60,#3a3050,#4a3e60,#4a3e60,#4a3e60,#6a6478,#6a6478
#e8e4f4,#e8e4f4,#4a3e60,#6e6375,#6e6375,#6e6375,#6e6375,#6e6375,#6e6375,#6e6375,#6e6375,#6e6375,#4a3e60,#4a3e60,#847981,#4a3e60,#847981,#4a3e60,#847981,#4a3e60,#847981,#4a3e60,#847981,#4a3e60,#9c9290,#120e1c,#e2f0f3,#cbe4e9,#cbe4e9,#b2d8df,#b2d8df,#b2d8df,#b2d8df,#b2d8df,#7c959d,#7c959d,#d9e7d4,#120e1c,#9c9290,#9c9290,#9c9290,#4a3e60,#847981,#4a3e60,#847981,#4a3e60,#847981,#4a3e60,#847981,#4a3e60,#847981,#6e6375,#6e6375,#6e6375,#6e6375,#6e6375,#6e6375,#4a3e60,#4a3e60,#4a3e60,#4a3e60,#4a3e60,#6a6478,#6a6478
#e8e4f4,#e8e4f4,#6e6375,#6e6375,#6e6375,#6e6375,#6e6375,#6e6375,#6e6375,#6e6375,#6e6375,#4a3e60,#4a3e60,#4a3e60,#4a3e60,#4a3e60,#4a3e60,#4a3e60,#4a3e60,#847981,#4a3e60,#847981,#4a3e60,#9c9290,#6e6375,#120e1c,#e2f0f3,#cbe4e9,#e2f0f3,#b2d8df,#b2d8df,#b2d8df,#b2d8df,#7c959d,#b2d8df,#7c959d,#d9e7d4,#120e1c,#6e6375,#9c9290,#6e6375,#847981,#4a3e60,#847981,#4a3e60,#4a3e60,#4a3e60,#847981,#4a3e60,#4a3e60,#4a3e60,#6e6375,#6e6375,#6e6375,#6e6375,#6e6375,#6e6375,#4a3e60,#4a3e60,#4a3e60,#4a3e60,#4a3e60,#6a6478,#6a6478
#e8e4f4,#e8e4f4,#6e6375,#6e6375,#7b6e82,#6e6375,#6e6375,#6e6375,#7b6e82,#6e6375,#4a3e60,#4a3e60,#8f828c,#4a3e60,#847981,#4a3e60,#8f828c,#4a3e60,#847981,#4a3e60,#8f828c,#847981,#847981,#6e6375,#a59a98,#120e1c,#e2f0f3,#cbe4e9,#cbe4e9,#b2d8df,#b2d8df,#b2d8df,#b2d8df,#b2d8df,#7c959d,#7c959d,#d9e7d4,#120e1c,#9c9290,#9c9290,#a59a98,#9c9290,#847981,#4a3e60,#8f828c,#4a3e60,#847981,#4a3e60,#8f828c,#4a3e60,#847981,#4a3e60,#a59a98,#6e6375,#6e6375,#6e6375,#7b6e82,#6e6375,#4a3e60,#4a3e60,#5a4c70,#4a3e60,#6a6478,#6a6478
#e8e4f4,#e8e4f4,#6e6375,#6e6375,#6e6375,#6e6375,#6e6375,#6e6375,#6e6375,#4a3e60,#4a3e60,#4a3e60,#4a3e60,#4a3e60,#4a3e60,#4a3e60,#4a3e60,#847981,#4a3e60,#847981,#4a3e60,#847981,#6e6375,#9c9290,#6e6375,#120e1c,#e2f0f3,#cbe4e9,#b2d8df,#cbe4e9,#b2d8df,#b2d8df,#b2d8df,#7c959d,#b2d8df,#7c959d,#d9e7d4,#120e1c,#6e6375,#9c9290,#6e6375,#9c9290,#4a3e60,#847981,#4a3e60,#847981,#4a3e60,#4a3e60,#4a3e60,#847981,#4a3e60,#4a3e60,#6e6375,#6e6375,#6e6375,#6e6375,#6e6375,#6e6375,#6e6375,#4a3e60,#4a3e60,#4a3e60,#6a6478,#6a6478
#e8e4f4,#e8e4f4,#7b6e82,#6e6375,#7b6e82,#6e6375,#7b6e82,#6e6375,#5a4c70,#4a3e60,#8f828c,#4a3e60,#5a4c70,#4a3e60,#8f828c,#4a3e60,#8f828c,#4a3e60,#8f828c,#4a3e60,#8f828c,#4a3e60,#a59a98,#120e1c,#120e1c,#e2f0f3,#cbe4e9,#cbe4e9,#cbe4e9,#b2d8df,#e2f0f3,#b2d8df,#b2d8df,#b2d8df,#e2f0f3,#b2d8df,#7c959d,#d9e7d4,#120e1c,#120e1c,#a59a98,#6e6375,#8f828c,#4a3e60,#8f828c,#4a3e60,#8f828c,#4a3e60,#8f828c,#4a3e60,#8f828c,#4a3e60,#5a4c70,#6e6375,#a59a98,#6e6375,#7b6e82,#6e6375,#7b6e82,#4a3e60,#5a4c70,#4a3e60,#6a6478,#6a6478
#e8e4f4,#e8e4f4,#6e6375,#6e6375,#6e6375,#6e6375,#6e6375,#4a3e60,#4a3e60,#4a3e60,#4a3e60,#4a3e60,#4a3e60,#4a3e60,#4a3e60,#4a3e60,#4a3e60,#4a3e60,#4a3e60,#847981,#4a3e60,#9c9290,#120e1c,#e2f0f3,#e2f0f3,#cbe4e9,#cbe4e9,#cbe4e9,#b2d8df,#b2d8df,#b2d8df,#b2d8df,#b2d8df,#e2f0f3,#b2d8df,#b2d8df,#b2d8df,#cbe4e9,#e2f0f3,#d9e7d4,#120e1c,#120e1c,#4a3e60,#847981,#4a3e60,#847981,#4a3e60,#847981,#4a3e60,#4a3e60,#4a3e60,#4a3e60,#4a3e60,#6e6375,#6e6375,#6e6375,#6e6375,#6e6375,#6e6375,#6e6375,#4a3e60,#4a3e60,#6a6478,#6a6478
#e8e4f4,#e8e4f4,#7b6e82,#6e6375,#7b6e82,#6e6375,#7b6e82,#4a3e60,#5a4c70,#4a3e60,#5a4c70,#4a3e60,#8f828c,#4a3e60,#8f828c,#4a3e60,#8f828c,#4a3e60,#8f828c,#4a3e60,#8f828c,#120e1c,#e2f0f3,#cbe4e9,#cbe4e9,#cbe4e9,#cbe4e9,#b2d8df,#cbe4e9,#b2d8df,#e2f0f3,#b2d8df,#b2d8df,#b2d8df,#b2d8df,#b2d8df,#b2d8df,#b2d8df,#cbe4e9,#cbe4e9,#e2f0f3,#d9e7d4,#120e1c,#4a3e60,#8f828c,#4a3e60,#8f828c,#4a3e60,#8f828c,#4a3e60,#8f828c,#4a3e60,#8f828c,#4a3e60,#7b6e82,#6e6375,#7b6e82,#6e6375,#7b6e82,#6e6375,#7b6e82,#4a3e60,#6a6478,#6a6478
#e8e4f4,#e8e4f4,#6e6375,#7b6e82,#6e6375,#7b6e82,#4a3e60,#5a4c70,#4a3e60,#5a4c70,#4a3e60,#5a4c70,#4a3e60,#5a4c70,#4a3e60,#5a4c70,#4a3e60,#8f828c,#4a3e60,#8f828c,#120e1c,#e2f0f3,#cbe4e9,#cbe4e9,#cbe4e9,#cbe4e9,#b2d8df,#b2d8df,#b2d8df,#cbe4e9,#b2d8df,#b2d8df,#b2d8df,#b2d8df,#b2d8df,#b2d8df,#b2d8df,#cbe4e9,#b2d8df,#7c959d,#cbe4e9,#7c959d,#d9e7d4,#120e1c,#4a3e60,#8f828c,#4a3e60,#8f828c,#4a3e60,#8f828c,#4a3e60,#5a4c70,#4a3e60,#5a4c70,#6e6375,#7b6e82,#6e6375,#7b6e82,#6e6375,#7b6e82,#6e6375,#7b6e82,#6a6478,#6a6478
#e8e4f4,#e8e4f4,#7b6e82,#6e6375,#7b6e82,#4a3e60,#5a4c70,#4a3e60,#5a4c70,#4a3e60,#8f828c,#4a3e60,#5a4c70,#4a3e60,#8f828c,#4a3e60,#8f828c,#4a3e60,#8f828c,#120e1c,#e2f0f3,#cbe4e9,#cbe4e9,#cbe4e9,#cbe4e9,#b2d8df,#cbe4e9,#b2d8df,#cbe4e9,#b2d8df,#7c959d,#b2d8df,#b2d8df,#b2d8df,#7c959d,#b2d8df,#b2d8df,#b2d8df,#cbe4e9,#b2d8df,#7c959d,#b2d8df,#7c959d,#d9e7d4,#120e1c,#4a3e60,#8f828c,#4a3e60,#8f828c,#4a3e60,#8f828c,#4a3e60,#5a4c70,#4a3e60,#8f828c,#6e6375,#7b6e82,#6e6375,#7b6e82,#6e6375,#7b6e82,#6e6375,#6a6478,#6a6478
#e8e4f4,#e8e4f4,#6e6375,#7b6e82,#4a3e60,#5a4c70,#4a3e60,#5a4c70,#4a3e60,#5a4c70,#4a3e60,#5a4c70,#4a3e60,#5a4c70,#4a3e60,#8f828c,#4a3e60,#5a4c70,#120e1c,#e2f0f3,#cbe4e9,#cbe4e9,#cbe4e9,#cbe4e9,#b2d8df,#7c959d,#b2d8df,#7c959d,#b2d8df,#7c959d,#b2d8df,#7c959d,#b2d8df,#7c959d,#b2d8df,#7c959d,#b2d8df,#7c959d,#b2d8df,#b2d8df,#b2d8df,#7c959d,#b2d8df,#7c959d,#d9e7d4,#120e1c,#4a3e60,#8f828c,#4a3e60,#5a4c70,#4a3e60,#5a4c70,#4a3e60,#5a4c70,#4a3e60,#7b6e82,#6e6375,#7b6e82,#6e6375,#7b6e82,#6e6375,#7b6e82,#6a6478,#6a6478
#e8e4f4,#e8e4f4,#7b6e82,#5a4c70,#5a4c70,#5a4c70,#5a4c70,#5a4c70,#5a4c70,#5a4c70,#5a4c70,#5a4c70,#8f828c,#5a4c70,#8f828c,#5a4c70,#8f828c,#120e1c,#e2f0f3,#cbe4e9,#cbe4e9,#cbe4e9,#7c959d,#b2d8df,#7c959d,#b2d8df,#7c959d,#b2d8df,#7c959d,#b2d8df,#7c959d,#b2d8df,#7c959d,#7c959d,#7c959d,#7c959d,#7c959d,#b2d8df,#7c959d,#b2d8df,#b2d8df,#e2f0f3,#7c959d,#7c959d,#d9e7d4,#120e1c,#8f828c,#5a4c70,#8f828c,#5a4c70,#8f828c,#5a4c70,#8f828c,#5a4c70,#5a4c70,#5a4c70,#7b6e82,#7b6e82,#7b6e82,#7b6e82,#7b6e82,#7b6e82,#6a6478,#6a6478
#e8e4f4,#e8e4f4,#4a3e60,#5a4c70,#5a4c70,#5a4c70,#4a3e60,#5a4c70,#5a4c70,#5a4c70,#4a3e60,#5a4c70,#5a4c70,#5a4c70,#4a3e60,#5a4c70,#5a4c70,#120e1c,#e2f0f3,#cbe4e9,#cbe4e9,#7c959d,#e2f0f3,#7c959d,#b2d8df,#7c959d,#7c959d,#7c959d,#7c959d,#7c959d,#7c959d,#7c959d,#7c959d,#4a5660,#4a5660,#4a5660,#7c959d,#7c959d,#b2d8df,#7c959d,#b2d8df,#b2d8df,#b2d8df,#7c959d,#7c959d,#d9e7d4,#120e1c,#8f828c,#5a4c70,#8f828c,#4a3e60,#5a4c70,#5a4c70,#5a4c70,#4a3e60,#5a4c70,#7b6e82,#7b6e82,#6e6375,#7b6e82,#7b6e82,#7b6e82,#6a6478,#6a6478
#e8e4f4,#e8e4f4,#5a4c70,#5a4c70,#5a4c70,#5a4c70,#5a4c70,#5a4c70,#5a4c70,#5a4c70,#8f828c,#5a4c70,#5a4c70,#5a4c70,#8f828c,#5a4c70,#120e1c,#d9e7d4,#cbe4e9,#cbe4e9,#7c959d,#b2d8df,#7c959d,#b2d8df,#7c959d,#7c959d,#7c959d,#4a5660,#4a5660,#4a5660,#4a5660,#4a5660,#4a5660,#4a5660,#fcdc7b,#fde7a5,#cbe4e9,#4a5660,#7c959d,#7c959d,#e2f0f3,#b2d8df,#7c959d,#e2f0f3,#7c959d,#d9e7d4,#120e1c,#5a4c70,#8f828c,#5a4c70,#8f828c,#5a4c70,#5a4c70,#5a4c70,#8f828c,#5a4c70,#5a4c70,#7b6e82,#7b6e82,#7b6e82,#7b6e82,#7b6e82,#6a6478,#6a6478
#e8e4f4,#e8e4f4,#5a4c70,#5a4c70,#5a4c70,#5a4c70,#5a4c70,#5a4c70,#5a4c70,#5a4c70,#5a4c70,#5a4c70,#5a4c70,#5a4c70,#5a4c70,#5a4c70,#5a4c70,#120e1c,#e2f0f3,#cbe4e9,#b2d8df,#7c959d,#7c959d,#7c959d,#7c959d,#e2f0f3,#4a5660,#4a5660,#fde7a5,#fde7a5,#fde7a5,#fde7a5,#fde7a5,#fde7a5,#fde7a5,#fde7a5,#fde7a5,#fcdc7b,#cbe4e9,#4a5660,#7c959d,#7c959d,#b2d8df,#7c959d,#7c959d,#d9e7d4,#120e1c,#8f828c,#5a4c70,#5a4c70,#5a4c70,#5a4c70,#5a4c70,#5a4c70,#5a4c70,#5a4c70,#5a4c70,#5a4c70,#7b6e82,#7b6e82,#7b6e82,#7b6e82,#6a6478,#6a6478
#e8e4f4,#e8e4f4,#5a4c70,#5a4c70,#6a5a80,#5a4c70,#5a4c70,#5a4c70,#6a5a80,#5a4c70,#5a4c70,#5a4c70,#9a8c97,#5a4c70,#8f828c,#5a4c70,#9a8c97,#120e1c,#e2f0f3,#cbe4e9,#7c959d,#7c959d,#7c959d,#e2f0f3,#4a5660,#4a5660,#fde7a5,#fde7a5,#fde7a5,#fde7a5,#fde7a5,#fde7a5,#fde7a5,#fde7a5,#fcdc7b,#fde7a5,#fde7a5,#fde7a5,#fde7a5,#fde7a5,#cbe4e9,#7c959d,#7c959d,#b2d8df,#7c959d,#7c959d,#d9e7d4,#120e1c,#9a8c97,#5a4c70,#8f828c,#5a4c70,#9a8c97,#5a4c70,#5a4c70,#5a4c70,#6a5a80,#5a4c70,#7b6e82,#7b6e82,#88798e,#7b6e82,#6a6478,#6a6478
#e8e4f4,#e8e4f4,#5a4c70,#5a4c70,#5a4c70,#5a4c70,#5a4c70,#5a4c70,#5a4c70,#5a4c70,#5a4c70,#5a4c70,#5a4c70,#5a4c70,#5a4c70,#5a4c70,#120e1c,#e2f0f3,#cbe4e9,#cbe4e9,#7c959d,#7c959d,#4a5660,#4a5660,#fde7a5,#fde7a5,#fde7a5,#af9859,#fde7a5,#fde7a5,#fcdc7b,#fcdc7b,#fcdc7b,#fde7a5,#fcdc7b,#fcdc7b,#fcdc7b,#af9859,#fcdc7b,#af9859,#fde7a5,#cbe4e9,#7c959d,#7c959d,#b2d8df,#7c959d,#d9e7d4,#120e1c,#5a4c70,#8f828c,#5a4c70,#5a4c70,#5a4c70,#5a4c70,#5a4c70,#5a4c70,#5a4c70,#5a4c70,#5a4c70,#7b6e82,#7b6e82,#7b6e82,#6a6478,#6a6478
#e8e4f4,#e8e4f4,#6a5a80,#5a4c70,#6a5a80,#5a4c70,#6a5a80,#5a4c70,#6a5a80,#5a4c70,#6a5a80,#5a4c70,#6a5a80,#5a4c70,#9a8c97,#5a4c70,#120e1c,#e2f0f3,#cbe4e9,#cbe4e9,#7c959d,#4a5660,#4a5660,#fde7a5,#fde7a5,#66573a,#66573a,#66573a,#fde7a5,#fcdc7b,#fde7a5,#fcdc7b,#fde7a5,#fcdc7b,#fde7a5,#fcdc7b,#fde7a5,#af9859,#af9859,#fcdc7b,#af9859,#fde7a5,#cbe4e9,#cbe4e9,#7c959d,#7c959d,#d9e7d4,#120e1c,#9a8c97,#5a4c70,#9a8c97,#5a4c70,#6a5a80,#5a4c70,#6a5a80,#5a4c70,#6a5a80,#5a4c70,#6a5a80,#7b6e82,#88798e,#7b6e82,#6a6478,#6a6478
#e8e4f4,#e8e4f4,#5a4c70,#6a5a80,#5a4c70,#5a4c70,#5a4c70,#6a5a80,#5a4c70,#5a4c70,#5a4c70,#6a5a80,#5a4c70,#5a4c70,#5a4c70,#6a5a80,#120e1c,#e2f0f3,#e2f0f3,#7c959d,#7c959d,#4a5660,#fde7a5,#fde7a5,#af9859,#66573a,#ffffff,#ffffff,#fde7a5,#fde7a5,#fcdc7b,#fde7a5,#fcdc7b,#fcdc7b,#fcdc7b,#af9859,#fcdc7b,#fcdc7b,#fcdc7b,#af9859,#fcdc7b,#af9859,#fde7a5,#cbe4e9,#cbe4e9,#7c959d,#7c959d,#d9e7d4,#120e1c,#5a4c70,#5a4c70,#6a5a80,#5a4c70,#5a4c70,#5a4c70,#6a5a80,#5a4c70,#5a4c70,#5a4c70,#6a5a80,#7b6e82,#7b6e82,#6a6478,#6a6478
#e8e4f4,#e8e4f4,#6a5a80,#5a4c70,#6a5a80,#5a4c70,#6a5a80,#5a4c70,#6a5a80,#5a4c70,#6a5a80,#5a4c70,#9a8c97,#5a4c70,#9a8c97,#5a4c70,#120e1c,#e2f0f3,#cbe4e9,#7c959d,#7c959d,#4a5660,#fde7a5,#fde7a5,#af9859,#66573a,#ffffff,#ffffff,#fde7a5,#fde7a5,#fde7a5,#fcdc7b,#fcdc7b,#af9859,#fcdc7b,#fcdc7b,#fcdc7b,#fcdc7b,#fcdc7b,#fcdc7b,#af9859,#66573a,#66573a,#cbe4e9,#cbe4e9,#b2d8df,#7c959d,#d9e7d4,#120e1c,#5a4c70,#9a8c97,#5a4c70,#9a8c97,#5a4c70,#6a5a80,#5a4c70,#6a5a80,#5a4c70,#6a5a80,#5a4c70,#88798e,#7b6e82,#6a6478,#6a6478
#e8e4f4,#e8e4f4,#5a4c70,#6a5a80,#5a4c70,#6a5a80,#5a4c70,#6a5a80,#5a4c70,#6a5a80,#5a4c70,#6a5a80,#5a4c70,#6a5a80,#5a4c70,#88798e,#120e1c,#e2f0f3,#cbe4e9,#7c959d,#4a5660,#4a5660,#fde7a5,#fde7a5,#fcdc7b,#fde7a5,#fde7a5,#fde7a5,#fde7a5,#fde7a5,#fcdc7b,#fcdc7b,#fcdc7b,#fcdc7b,#fcdc7b,#fcdc7b,#fcdc7b,#af9859,#fcdc7b,#fcdc7b,#fcdc7b,#af9859,#66573a,#fde7a5,#cbe4e9,#cbe4e9,#7c959d,#d9e7d4,#120e1c,#6a5a80,#5a4c70,#6a5a80,#5a4c70,#6a5a80,#5a4c70,#6a5a80,#5a4c70,#6a5a80,#5a4c70,#6a5a80,#5a4c70,#88798e,#6a6478,#6a6478
#e8e4f4,#e8e4f4,#6a5a80,#6a5a80,#6a5a80,#5a4c70,#6a5a80,#6a5a80,#6a5a80,#5a4c70,#6a5a80,#6a5a80,#6a5a80,#5a4c70,#9a8c97,#88798e,#120e1c,#e2f0f3,#cbe4e9,#7c959d,#4a5660,#fde7a5,#fde7a5,#fde7a5,#fde7a5,#fcdc7b,#fcdc7b,#fde7a5,#fde7a5,#fde7a5,#fde7a5,#fcdc7b,#66573a,#fcdc7b,#fcdc7b,#fcdc7b,#af9859,#af9859,#fcdc7b,#fcdc7b,#af9859,#fcdc7b,#af9859,#66573a,#cbe4e9,#7c959d,#7c959d,#d9e7d4,#120e1c,#5a4c70,#9a8c97,#6a5a80,#6a5a80,#5a4c70,#6a5a80,#6a5a80,#6a5a80,#5a4c70,#6a5a80,#6a5a80,#6a5a80,#7b6e82,#6a6478,#6a6478
#e8e4f4,#e8e4f4,#5a4c70,#6a5a80,#5a4c70,#6a5a80,#5a4c70,#6a5a80,#5a4c70,#6a5a80,#5a4c70,#6a5a80,#5a4c70,#6a5a80,#7b6e82,#88798e,#120e1c,#e2f0f3,#e2f0f3,#7c959d,#4a5660,#fde7a5,#fde7a5,#fde7a5,#fcdc7b,#fcdc7b,#fcdc7b,#fde7a5,#fcdc7b,#fcdc7b,#fcdc7b,#fde7a5,#fcdc7b,#af9859,#fcdc7b,#fcdc7b,#fcdc7b,#af9859,#fcdc7b,#af9859,#fcdc7b,#af9859,#af9859,#66573a,#cbe4e9,#7c959d,#4a5660,#d9e7d4,#120e1c,#6a5a80,#5a4c70,#6a5a80,#5a4c70,#6a5a80,#5a4c70,#6a5a80,#5a4c70,#6a5a80,#5a4c70,#6a5a80,#5a4c70,#6a5a80,#6a6478,#6a6478
#e8e4f4,#e8e4f4,#6a5a80,#6a5a80,#6a5a80,#6a5a80,#6a5a80,#6a5a80,#6a5a80,#6a5a80,#6a5a80,#6a5a80,#9a8c97,#6a5a80,#88798e,#88798e,#120e1c,#d9e7d4,#cbe4e9,#7c959d,#4a5660,#fde7a5,#fde7a5,#fcdc7b,#fde7a5,#fcdc7b,#fde7a5,#fcdc7b,#fcdc7b,#fcdc7b,#fde7a5,#fcdc7b,#fcdc7b,#fcdc7b,#af9859,#af9859,#af9859,#af9859,#fcdc7b,#fcdc7b,#af9859,#fcdc7b,#af9859,#66573a,#cbe4e9,#7c959d,#d9e7d4,#120e1c,#9a8c97,#6a5a80,#6a5a80,#6a5a80,#9a8c97,#6a5a80,#6a5a80,#6a5a80,#6a5a80,#6a5a80,#6a5a80,#6a5a80,#6a5a80,#6a5a80,#6a6478,#6a6478
#e8e4f4,#e8e4f4,#5a4c70,#6a5a80,#6a5a80,#6a5a80,#5a4c70,#6a5a80,#6a5a80,#6a5a80,#5a4c70,#6a5a80,#6a5a80,#6a5a80,#7b6e82,#88798e,#88798e,#120e1c,#e2f0f3,#7c959d,#4a5660,#fde7a5,#fde7a5,#fcdc7b,#fcdc7b,#fde7a5,#fcdc7b,#fcdc7b,#fcdc7b,#fcdc7b,#fcdc7b,#fcdc7b,#fcdc7b,#fcdc7b,#af9859,#66573a,#66573a,#66573a,#fcdc7b,#af9859,#fcdc7b,#af9859,#af9859,#66573a,#cbe4e9,#7c959d,#d9e7d4,#120e1c,#6a5a80,#6a5a80,#5a4c70,#6a5a80,#6a5a80,#6a5a80,#5a4c70,#6a5a80,#6a5a80,#6a5a80,#5a4c70,#6a5a80,#6a5a80,#6a5a80,#6a6478,#6a6478
#e8e4f4,#e8e4f4,#6a5a80,#6a5a80,#6a5a80,#6a5a80,#6a5a80,#6a5a80,#6a5a80,#6a5a80,#6a5a80,#6a5a80,#6a5a80,#88798e,#88798e,#88798e,#88798e,#120e1c,#e2f0f3,#7c959d,#4a5660,#fde7a5,#fde7a5,#fcdc7b,#fde7a5,#fcdc7b,#fcdc7b,#fcdc7b,#af9859,#fcdc7b,#fcdc7b,#fcdc7b,#66573a,#fcdc7b,#af9859,#66573a,#fff6c8,#fff6c8,#fde7a5,#fde7a5,#af9859,#af9859,#66573a,#66573a,#cbe4e9,#4a5660,#d9e7d4,#120e1c,#6a5a80,#6a5a80,#6a5a80,#6a5a80,#6a5a80,#6a5a80,#6a5a80,#6a5a80,#6a5a80,#6a5a80,#6a5a80,#6a5a80,#6a5a80,#6a5a80,#6a6478,#6a6478
#e8e4f4,#e8e4f4,#8a7a9a,#8a7a9a,#8a7a9a,#8a7a9a,#8a7a9a,#fff6c8,#8a7a9a,#8a7a9a,#8a7a9a,#8a7a9a,#8a7a9a,#fff6c8,#8a7a9a,#8a7a9a,#8a7a9a,#120e1c,#d9e7d4,#7c959d,#7c959d,#cbe4e9,#fde7a5,#fde7a5,#fcdc7b,#fcdc7b,#fcdc7b,#af9859,#fcdc7b,#af9859,#fcdc7b,#af9859,#fcdc7b,#af9859,#af9859,#66573a,#fff6c8,#fff6c8,#fde7a5,#fde7a5,#af9859,#af9859,#66573a,#cbe4e9,#cbe4e9,#d9e7d4,#120e1c,#8a7a9a,#8a7a9a,#fff6c8,#8a7a9a,#8a7a9a,#8a7a9a,#8a7a9a,#8a7a9a,#fff6c8,#8a7a9a,#8a7a9a,#8a7a9a,#8a7a9a,#8a7a9a,#fff6c8,#6a6478,#6a6478
#e8e4f4,#e8e4f4,#a195ae,#8a7a9a,#a195ae,#8a7a9a,#fff6c8,#8a7a9a,#a195ae,#8a7a9a,#a195ae,#8a7a9a,#fff6c8,#8a7a9a,#a195ae,#8a7a9a,#bfb4b6,#8a7a9a,#120e1c,#d9e7d4,#7c959d,#4a5660,#fde7a5,#af9859,#af9859,#fcdc7b,#af9859,#fcdc7b,#af9859,#af9859,#af9859,#af9859,#af9859,#fcdc7b,#af9859,#fcdc7b,#fde7a5,#fde7a5,#fde7a5,#af9859,#af9859,#66573a,#66573a,#cbe4e9,#d9e7d4,#120e1c,#a195ae,#8a7a9a,#fff6c8,#8a7a9a,#a195ae,#8a7a9a,#a195ae,#8a7a9a,#fff6c8,#8a7a9a,#a195ae,#8a7a9a,#a195ae,#8a7a9a,#fff6c8,#8a7a9a,#6a6478,#6a6478
#e8e4f4,#e8e4f4,#8a7a9a,#8a7a9a,#8a7a9a,#fff6c8,#8a7a9a,#8a7a9a,#8a7a9a,#a195ae,#8a7a9a,#fff6c8,#8a7a9a,#a195ae,#8a7a9a,#8a7a9a,#8a7a9a,#fff6c8,#8a7a9a,#120e1c,#d9e7d4,#7c959d,#cbe4e9,#fde7a5,#af9859,#af9859,#fcdc7b,#af9859,#fcdc7b,#af9859,#66573a,#66573a,#66573a,#af9859,#fcdc7b,#af9859,#fde7a5,#fde7a5,#af9859,#af9859,#66573a,#66573a,#cbe4e9,#d9e7d4,#120e1c,#a195ae,#8a7a9a,#fff6c8,#8a7a9a,#a195ae,#8a7a9a,#8a7a9a,#8a7a9a,#fff6c8,#8a7a9a,#8a7a9a,#8a7a9a,#a195ae,#8a7a9a,#fff6c8,#8a7a9a,#a195ae,#6a6478,#6a6478
#e8e4f4,#e8e4f4,#a195ae,#8a7a9a,#fff6c8,#8a7a9a,#a195ae,#8a7a9a,#a195ae,#8a7a9a,#fff6c8,#8a7a9a,#a195ae,#8a7a9a,#a195ae,#8a7a9a,#fff6c8,#8a7a9a,#a195ae,#8a7a9a,#120e1c,#d9e7d4,#7c959d,#e2f0f3,#fde7a5,#af9859,#af9859,#fcdc7b,#af9859,#af9859,#66573a,#fff6c8,#fff6c8,#fde7a5,#fde7a5,#fcdc7b,#af9859,#af9859,#66573a,#66573a,#66573a,#cbe4e9,#d9e7d4,#120e1c,#a195ae,#8a7a9a,#fff6c8,#8a7a9a,#a195ae,#8a7a9a,#a195ae,#8a7a9a,#fff6c8,#8a7a9a,#a195ae,#8a7a9a,#a195ae,#8a7a9a,#fff6c8,#8a7a9a,#a195ae,#8a7a9a,#6a6478,#6a6478
#e8e4f4,#e8e4f4,#8a7a9a,#fff6c8,#8a7a9a,#8a7a9a,#8a7a9a,#8a7a9a,#8a7a9a,#fff6c8,#8a7a9a,#8a7a9a,#8a7a9a,#8a7a9a,#8a7a9a,#fff6c8,#8a7a9a,#8a7a9a,#8a7a9a,#8a7a9a,#8a7a9a,#120e1c,#d9e7d4,#7c959d,#cbe4e9,#fde7a5,#66573a,#af9859,#af9859,#af9859,#66573a,#fff6c8,#fff6c8,#fde7a5,#af9859,#af9859,#af9859,#66573a,#66573a,#66573a,#cbe4e9,#d9e7d4,#120e1c,#8a7a9a,#8a7a9a,#fff6c8,#8a7a9a,#8a7a9a,#8a7a9a,#8a7a9a,#8a7a9a,#fff6c8,#8a7a9a,#8a7a9a,#8a7a9a,#8a7a9a,#8a7a9a,#fff6c8,#8a7a9a,#8a7a9a,#8a7a9a,#8a7a9a,#6a6478,#6a6478
#e8e4f4,#e8e4f4,#fff6c8,#8a7a9a,#a195ae,#8a7a9a,#a195ae,#8a7a9a,#fff6c8,#8a7a9a,#a195ae,#8a7a9a,#a195ae,#8a7a9a,#fff6c8,#8a7a9a,#a195ae,#8a7a9a,#a195ae,#8a7a9a,#fff6c8,#8a7a9a,#120e1c,#d9e7d4,#7c959d,#cbe4e9,#e2f0f3,#fde7a5,#66573a,#af9859,#af9859,#fde7a5,#fde7a5,#fde7a5,#af9859,#66573a,#66573a,#66573a,#cbe4e9,#cbe4e9,#d9e7d4,#120e1c,#a195ae,#8a7a9a,#fff6c8,#8a7a9a,#a195ae,#8a7a9a,#a195ae,#8a7a9a,#fff6c8,#8a7a9a,#a195ae,#8a7a9a,#a195ae,#8a7a9a,#fff6c8,#8a7a9a,#a195ae,#8a7a9a,#a195ae,#8a7a9a,#6a6478,#6a6478
#e8e4f4,#e8e4f4,#8a7a9a,#8a7a9a,#8a7a9a,#a195ae,#8a7a9a,#fff6c8,#8a7a9a,#a195ae,#8a7a9a,#8a7a9a,#8a7a9a,#fff6c8,#8a7a9a,#8a7a9a,#8a7a9a,#a195ae,#8a7a9a,#fff6c8,#8a7a9a,#595260,#8a7a9a,#120e1c,#d9e7d4,#d9e7d4,#7c959d,#cbe4e9,#cbe4e9,#fde7a5,#66573a,#66573a,#66573a,#66573a,#66573a,#66573a,#cbe4e9,#cbe4e9,#cbe4e9,#d9e7d4,#120e1c,#595260,#8a7a9a,#8c876e,#8a7a9a,#a195ae,#8a7a9a,#8a7a9a,#8a7a9a,#fff6c8,#8a7a9a,#8a7a9a,#8a7a9a,#a195ae,#8a7a9a,#fff6c8,#8a7a9a,#a195ae,#8a7a9a,#8a7a9a,#8a7a9a,#fff6c8,#6a6478,#6a6478
#e8e4f4,#e8e4f4,#a195ae,#8a7a9a,#a195ae,#8a7a9a,#fff6c8,#8a7a9a,#a195ae,#8a7a9a,#a195ae,#8a7a9a,#fff6c8,#8a7a9a,#a195ae,#8a7a9a,#a195ae,#8a7a9a,#8c876e,#4c4355,#595260,#4c4355,#595260,#4c4355,#120e1c,#120e1c,#d9e7d4,#d9e7d4,#d9e7d4,#cbe4e9,#cbe4e9,#cbe4e9,#cbe4e9,#cbe4e9,#cbe4e9,#cbe4e9,#cbe4e9,#d9e7d4,#d9e7d4,#120e1c,#595260,#4c4355,#8c876e,#4c4355,#595260,#4c4355,#595260,#8a7a9a,#fff6c8,#8a7a9a,#a195ae,#8a7a9a,#a195ae,#8a7a9a,#fff6c8,#8a7a9a,#a195ae,#8a7a9a,#a195ae,#8a7a9a,#fff6c8,#8a7a9a,#6a6478,#6a6478
#e8e4f4,#e8e4f4,#8a7a9a,#8a7a9a,#8a7a9a,#fff6c8,#8a7a9a,#8a7a9a,#8a7a9a,#8a7a9a,#8a7a9a,#fff6c8,#8a7a9a,#8a7a9a,#8a7a9a,#8a7a9a,#8a7a9a,#8c876e,#8a7a9a,#4c4355,#8a7a9a,#4c4355,#8a7a9a,#8c876e,#8a7a9a,#4c4355,#120e1c,#120e1c,#120e1c,#d9e7d4,#d9e7d4,#d9e7d4,#d9e7d4,#d9e7d4,#d9e7d4,#d9e7d4,#d9e7d4,#120e1c,#120e1c,#4c4355,#8a7a9a,#8c876e,#8a7a9a,#4c4355,#8a7a9a,#4c4355,#8a7a9a,#8c876e,#8a7a9a,#8a7a9a,#8a7a9a,#8a7a9a,#8a7a9a,#fff6c8,#8a7a9a,#8a7a9a,#8a7a9a,#8a7a9a,#8a7a9a,#fff6c8,#8a7a9a,#8a7a9a,#6a6478,#6a6478
#e8e4f4,#e8e4f4,#a195ae,#8a7a9a,#fff6c8,#8a7a9a,#a195ae,#8a7a9a,#a195ae,#8a7a9a,#fff6c8,#8a7a9a,#a195ae,#8a7a9a,#a195ae,#8a7a9a,#fff6c8,#8a7a9a,#595260,#4c4355,#595260,#4c4355,#8c876e,#4c4355,#595260,#4c4355,#595260,#4c4355,#8c876e,#120e1c,#120e1c,#120e1c,#120e1c,#120e1c,#120e1c,#120e1c,#120e1c,#4c4355,#595260,#4c4355,#8c876e,#4c4355,#595260,#4c4355,#595260,#4c4355,#8c876e,#8a7a9a,#a195ae,#8a7a9a,#a195ae,#8a7a9a,#fff6c8,#8a7a9a,#a195ae,#8a7a9a,#a195ae,#8a7a9a,#fff6c8,#8a7a9a,#a195ae,#8a7a9a,#6a6478,#6a6478
#e8e4f4,#e8e4f4,#8a7a9a,#fff6c8,#8a7a9a,#a195ae,#8a7a9a,#8a7a9a,#8a7a9a,#fff6c8,#8a7a9a,#8a7a9a,#8a7a9a,#a195ae,#8a7a9a,#fff6c8,#8a7a9a,#a195ae,#8a7a9a,#8a7a9a,#8a7a9a,#8c876e,#8a7a9a,#4c4355,#8a7a9a,#595260,#8a7a9a,#8c876e,#8a7a9a,#595260,#8a7a9a,#4c4355,#8a7a9a,#8c876e,#8a7a9a,#4c4355,#8a7a9a,#595260,#8a7a9a,#8c876e,#8a7a9a,#595260,#8a7a9a,#4c4355,#8a7a9a,#fff6c8,#8a7a9a,#8a7a9a,#8a7a9a,#a195ae,#8a7a9a,#fff6c8,#8a7a9a,#a195ae,#8a7a9a,#8a7a9a,#8a7a9a,#fff6c8,#8a7a9a,#8a7a9a,#8a7a9a,#a195ae,#6a6478,#6a6478
#e8e4f4,#e8e4f4,#fff6c8,#8a7a9a,#a195ae,#8a7a9a,#a195ae,#8a7a9a,#fff6c8,#8a7a9a,#a195ae,#8a7a9a,#a195ae,#8a7a9a,#fff6c8,#8a7a9a,#a195ae,#8a7a9a,#a195ae,#8a7a9a,#fff6c8,#8a7a9a,#a195ae,#8a7a9a,#a195ae,#8a7a9a,#fff6c8,#8a7a9a,#a195ae,#8a7a9a,#a195ae,#8a7a9a,#8c876e,#8a7a9a,#a195ae,#8a7a9a,#a195ae,#8a7a9a,#fff6c8,#8a7a9a,#a195ae,#8a7a9a,#a195ae,#8a7a9a,#fff6c8,#8a7a9a,#a195ae,#8a7a9a,#a195ae,#8a7a9a,#fff6c8,#8a7a9a,#a195ae,#8a7a9a,#a195ae,#8a7a9a,#fff6c8,#8a7a9a,#a195ae,#8a7a9a,#a195ae,#8a7a9a,#6a6478,#6a6478
#e8e4f4,#e8e4f4,#8a7a9a,#8a7a9a,#8a7a9a,#8a7a9a,#8a7a9a,#fff6c8,#8a7a9a,#8a7a9a,#8a7a9a,#8a7a9a,#8a7a9a,#fff6c8,#8a7a9a,#8a7a9a,#8a7a9a,#8a7a9a,#8a7a9a,#fff6c8,#8a7a9a,#8a7a9a,#8a7a9a,#8a7a9a,#8a7a9a,#fff6c8,#8a7a9a,#8a7a9a,#8a7a9a,#8a7a9a,#8a7a9a,#fff6c8,#8a7a9a,#8a7a9a,#8a7a9a,#8a7a9a,#8a7a9a,#fff6c8,#8a7a9a,#8a7a9a,#8a7a9a,#8a7a9a,#8a7a9a,#fff6c8,#8a7a9a,#8a7a9a,#8a7a9a,#8a7a9a,#8a7a9a,#fff6c8,#8a7a9a,#8a7a9a,#8a7a9a,#8a7a9a,#8a7a9a,#fff6c8,#8a7a9a,#8a7a9a,#8a7a9a,#8a7a9a,#8a7a9a,#fff6c8,#6a6478,#6a6478
#e8e4f4,#e8e4f4,#a195ae,#8a7a9a,#a195ae,#8a7a9a,#fff6c8,#8a7a9a,#a195ae,#8a7a9a,#a195ae,#8a7a9a,#fff6c8,#8a7a9a,#a195ae,#8a7a9a,#a195ae,#8a7a9a,#fff6c8,#8a7a9a,#a195ae,#8a7a9a,#a195ae,#8a7a9a,#fff6c8,#8a7a9a,#a195ae,#8a7a9a,#a195ae,#8a7a9a,#fff6c8,#8a7a9a,#a195ae,#8a7a9a,#a195ae,#8a7a9a,#fff6c8,#8a7a9a,#a195ae,#8a7a9a,#a195ae,#8a7a9a,#fff6c8,#8a7a9a,#a195ae,#8a7a9a,#a195ae,#8a7a9a,#fff6c8,#8a7a9a,#a195ae,#8a7a9a,#a195ae,#8a7a9a,#fff6c8,#8a7a9a,#a195ae,#8a7a9a,#a195ae,#8a7a9a,#fff6c8,#8a7a9a,#6a6478,#6a6478
#e8e4f4,#e8e4f4,#ffffff,#8a7a9a,#8a7a9a,#fff6c8,#8a7a9a,#8a7a9a,#8a7a9a,#a195ae,#8a7a9a,#fff6c8,#8a7a9a,#a195ae,#8a7a9a,#8a7a9a,#8a7a9a,#fff6c8,#8a7a9a,#8a7a9a,#8a7a9a,#a195ae,#8a7a9a,#fff6c8,#8a7a9a,#a195ae,#8a7a9a,#8a7a9a,#8a7a9a,#fff6c8,#8a7a9a,#8a7a9a,#8a7a9a,#a195ae,#8a7a9a,#fff6c8,#8a7a9a,#a195ae,#8a7a9a,#8a7a9a,#8a7a9a,#fff6c8,#8a7a9a,#8a7a9a,#8a7a9a,#a195ae,#8a7a9a,#fff6c8,#8a7a9a,#a195ae,#8a7a9a,#8a7a9a,#8a7a9a,#fff6c8,#8a7a9a,#8a7a9a,#8a7a9a,#a195ae,#8a7a9a,#fff6c8,#8a7a9a,#ffffff,#6a6478,#6a6478
#e8e4f4,#e8e4f4,#6a6478,#6a6478,#6a6478,#6a6478,#6a6478,#6a6478,#6a6478,#6a6478,#6a6478,#6a6478,#6a6478,#6a6478,#6a6478,#6a6478,#6a6478,#6a6478,#6a6478,#6a6478,#6a6478,#6a6478,#6a6478,#6a6478,#6a6478,#6a6478,#6a6478,#6a6478,#6a6478,#6a6478,#6a6478,#6a6478,#6a6478,#6a6478,#6a6478,#6a6478,#6a6478,#6a6478,#6a6478,#6a6478,#6a6478,#6a6478,#6a6478,#6a6478,#6a6478,#6a6478,#6a6478,#6a6478,#6a6478,#6a6478,#6a6478,#6a6478,#6a6478,#6a6478,#6a6478,#6a6478,#6a6478,#6a6478,#6a6478,#6a6478,#6a6478,#6a6478,#6a6478,#6a6478
#e8e4f4,#6a6478,#6a6478,#6a6478,#6a6478,#6a6478,#6a6478,#6a6478,#6a6478,#6a6478,#6a6478,#6a6478,#6a6478,#6a6478,#6a6478,#6a6478,#6a6478,#6a6478,#6a6478,#6a6478,#6a6478,#6a6478,#6a6478,#6a6478,#6a6478,#6a6478,#6a6478,#6a6478,#6a6478,#6a6478,#6a6478,#6a6478,#6a6478,#6a6478,#6a6478,#6a6478,#6a6478,#6a6478,#6a6478,#6a6478,#6a6478,#6a6478,#6a6478,#6a6478,#6a6478,#6a6478,#6a6478,#6a6478,#6a6478,#6a6478,#6a6478,#6a6478,#6a6478,#6a6478,#6a6478,#6a6478,#6a6478,#6a6478,#6a6478,#6a6478,#6a6478,#6a6478,#6a6478,#6a6478
