#2a2240,#2a2240,#2a2240,#2a2240,#2a2240,#2a2240,#2a2240,#504858,#504858,#504858,#504858,#2a2240,#2a2240,#2a2240,#2a2240,#504858,#2a2240,#504858,#ffd966,#2a2240,#2a2240,#2a2240,#504858,#504858,#504858,#504858,#2a2240,#2a2240,#2a2240,#2a2240,#2a2240,#2a2240
#2a2240,#2a2240,#2a2240,#2a2240,#2a2240,#2a2240,#2a2240,#2a2240,#2a2240,#ffffff,#504858,#120e1c,#2a2240,#2a2240,#2a2240,#504858,#2a2240,#120e1c,#ffffff,#ffd966,#2a2240,#504858,#504858,#120e1c,#2a2240,#2a2240,#2a2240,#2a2240,#2a2240,#2a2240,#2a2240,#2a2240
#2a2240,#2a2240,#6a5a80,#2a2240,#2a2240,#2a2240,#6a5a80,#2a2240,#2a2240,#2a2240,#120e1c,#ffe9a6,#120e1c,#504858,#6a5a80,#2a2240,#120e1c,#ffe9a6,#120e1c,#504858,#504858,#2a2240,#120e1c,#ffe9a6,#120e1c,#2a2240,#6a5a80,#2a2240,#2a2240,#2a2240,#6a5a80,#2a2240
#2a2240,#2a2240,#2a2240,#2a2240,#2a2240,#2a2240,#2a2240,#2a2240,#2a2240,#2a2240,#120e1c,#ffe9a6,#120e1c,#2a2240,#504858,#2a2240,#120e1c,#ffe9a6,#120e1c,#2a2240,#2a2240,#2a2240,#120e1c,#ffe9a6,#120e1c,#2a2240,#2a2240,#2a2240,#2a2240,#2a2240,#2a2240,#2a2240
#6a5a80,#2a2240,#6a5a80,#2a2240,#6a5a80,#2a2240,#6a5a80,#2a2240,#6a5a80,#2a2240,#120e1c,#ffe9a6,#120e1c,#2a2240,#120e1c,#2a2240,#120e1c,#ffe9a6,#120e1c,#2a2240,#120e1c,#2a2240,#120e1c,#ffe9a6,#120e1c,#2a2240,#6a5a80,#2a2240,#6a5a80,#2a2240,#6a5a80,#2a2240
#2a2240,#504858,#504858,#504858,#504858,#504858,#504858,#504858,#504858,#504858,#120e1c,#ffe9a6,#120e1c,#120e1c,#f2f6ff,#120e1c,#120e1c,#ffe9a6,#120e1c,#120e1c,#f2f6ff,#120e1c,#120e1c,#ffe9a6,#120e1c,#504858,#504858,#504858,#504858,#504858,#504858,#504858
#85768d,#504858,#85768d,#504858,#85768d,#504858,#85768d,#504858,#85768d,#504858,#120e1c,#ffe9a6,#120e1c,#120e1c,#f2f6ff,#120e1c,#120e1c,#ffe9a6,#120e1c,#120e1c,#f2f6ff,#120e1c,#120e1c,#ffe9a6,#120e1c,#504858,#85768d,#504858,#85768d,#504858,#85768d,#504858
#504858,#504858,#504858,#504858,#504858,#504858,#2a2240,#2a2240,#2a2240,#120e1c,#ffe9a6,#ffe9a6,#ffe9a6,#120e1c,#f2f6ff,#120e1c,#ffe9a6,#ffe9a6,#ffe9a6,#120e1c,#f2f6ff,#120e1c,#ffe9a6,#ffe9a6,#ffe9a6,#120e1c,#2a2240,#504858,#504858,#504858,#504858,#504858
#85768d,#504858,#85768d,#2a2240,#6a5a80,#2a2240,#6a5a80,#2a2240,#120e1c,#120e1c,#ffe9a6,#675632,#675632,#f2f6ff,#f2f6ff,#f2f6ff,#ffe9a6,#675632,#675632,#f2f6ff,#f2f6ff,#f2f6ff,#ffe9a6,#675632,#675632,#120e1c,#6a5a80,#2a2240,#6a5a80,#2a2240,#85768d,#504858
#2a2240,#6a5a80,#2a2240,#2a2240,#2a2240,#6a5a80,#2a2240,#120e1c,#c3bdc0,#c3bdc0,#c3bdc0,#c3bdc0,#c3bdc0,#c3bdc0,#c3bdc0,#c3bdc0,#c3bdc0,#c3bdc0,#c3bdc0,#c3bdc0,#c3bdc0,#c3bdc0,#c3bdc0,#c3bdc0,#120e1c,#6a5a80,#2a2240,#2a2240,#2a2240,#6a5a80,#2a2240,#2a2240
#6a5a80,#2a2240,#6a5a80,#2a2240,#6a5a80,#2a2240,#6a5a80,#2a2240,#120e1c,#6d646c,#988d92,#988d92,#988d92,#988d92,#988d92,#988d92,#988d92,#988d92,#988d92,#988d92,#988d92,#988d92,#403943,#120e1c,#6a5a80,#2a2240,#6a5a80,#2a2240,#6a5a80,#2a2240,#6a5a80,#2a2240
#2a2240,#2a2240,#2a2240,#6a5a80,#2a2240,#2a2240,#2a2240,#6a5a80,#2a2240,#120e1c,#988d92,#988d92,#988d92,#988d92,#988d92,#988d92,#988d92,#988d92,#988d92,#988d92,#988d92,#6d646c,#120e1c,#85768d,#2a2240,#2a2240,#2a2240,#6a5a80,#2a2240,#2a2240,#2a2240,#6a5a80
#6a5a80,#2a2240,#6a5a80,#2a2240,#6a5a80,#2a2240,#6a5a80,#2a2240,#85768d,#120e1c,#c3bdc0,#988d92,#988d92,#988d92,#988d92,#988d92,#988d92,#988d92,#988d92,#988d92,#988d92,#403943,#120e1c,#504858,#85768d,#2a2240,#6a5a80,#2a2240,#6a5a80,#2a2240,#6a5a80,#2a2240
#2a2240,#6a5a80,#2a2240,#6a5a80,#2a2240,#6a5a80,#2a2240,#85768d,#504858,#85768d,#120e1c,#6d646c,#988d92,#988d92,#988d92,#988d92,#988d92,#988d92,#988d92,#988d92,#403943,#120e1c,#2a2240,#85768d,#504858,#85768d,#2a2240,#6a5a80,#2a2240,#6a5a80,#2a2240,#6a5a80
#6a5a80,#2a2240,#6a5a80,#ffd966,#6a5a80,#2a2240,#85768d,#504858,#85768d,#504858,#6a5a80,#120e1c,#403943,#403943,#403943,#403943,#403943,#403943,#403943,#403943,#120e1c,#2a2240,#6a5a80,#504858,#85768d,#504858,#85768d,#2a2240,#6a5a80,#2a2240,#6a5a80,#2a2240
#2a2240,#6a5a80,#ffd966,#ffffff,#ffd966,#85768d,#504858,#85768d,#504858,#6a5a80,#2a2240,#6a5a80,#120e1c,#120e1c,#c3a889,#c3a889,#c3a889,#c3a889,#120e1c,#120e1c,#2a2240,#6a5a80,#2a2240,#6a5a80,#504858,#85768d,#504858,#85768d,#2a2240,#6a5a80,#2a2240,#6a5a80
#6a5a80,#6a5a80,#6a5a80,#ffd966,#85768d,#85768d,#85768d,#504858,#6a5a80,#6a5a80,#6a5a80,#2a2240,#6a5a80,#120e1c,#c3a889,#986933,#986933,#6d4b29,#120e1c,#2a2240,#6a5a80,#6a5a80,#6a5a80,#2a2240,#6a5a80,#85768d,#85768d,#504858,#85768d,#6a5a80,#6a5a80,#2a2240
#2a2240,#6a5a80,#2a2240,#85768d,#504858,#85768d,#504858,#85768d,#2a2240,#6a5a80,#2a2240,#6a5a80,#2a2240,#120e1c,#c3a889,#986933,#986933,#6d4b29,#120e1c,#6a5a80,#2a2240,#6a5a80,#2a2240,#6a5a80,#2a2240,#85768d,#504858,#85768d,#504858,#85768d,#2a2240,#6a5a80
#6a5a80,#2a2240,#85768d,#85768d,#85768d,#504858,#85768d,#6a5a80,#6a5a80,#2a2240,#6a5a80,#6a5a80,#6a5a80,#120e1c,#c3a889,#986933,#986933,#6d4b29,#120e1c,#6a5a80,#6a5a80,#2a2240,#6a5a80,#6a5a80,#6a5a80,#2a2240,#85768d,#85768d,#85768d,#504858,#85768d,#6a5a80
#2a2240,#85768d,#504858,#85768d,#504858,#85768d,#2a2240,#6a5a80,#2a2240,#6a5a80,#2a2240,#6a5a80,#2a2240,#120e1c,#c3a889,#986933,#986933,#6d4b29,#120e1c,#6a5a80,#2a2240,#6a5a80,#2a2240,#6a5a80,#2a2240,#6a5a80,#2a2240,#85768d,#504858,#85768d,#504858,#85768d
#85768d,#85768d,#85768d,#85768d,#85768d,#85768d,#6a5a80,#6a5a80,#6a5a80,#6a5a80,#6a5a80,#6a5a80,#6a5a80,#120e1c,#c3a889,#986933,#986933,#6d4b29,#120e1c,#6a5a80,#6a5a80,#6a5a80,#6a5a80,#6a5a80,#6a5a80,#6a5a80,#6a5a80,#85768d,#85768d,#85768d,#85768d,#85768d
#504858,#85768d,#504858,#85768d,#504858,#6a5a80,#2a2240,#6a5a80,#2a2240,#6a5a80,#2a2240,#6a5a80,#2a2240,#120e1c,#c3a889,#986933,#986933,#6d4b29,#120e1c,#6a5a80,#2a2240,#6a5a80,#2a2240,#6a5a80,#2a2240,#6a5a80,#2a2240,#ffffff,#504858,#85768d,#504858,#85768d
#85768d,#85768d,#85768d,#85768d,#6a5a80,#6a5a80,#6a5a80,#6a5a80,#ffd966,#6a5a80,#6a5a80,#6a5a80,#6a5a80,#120e1c,#c3a889,#986933,#986933,#6d4b29,#120e1c,#ffffff,#6a5a80,#6a5a80,#6a5a80,#6a5a80,#6a5a80,#6a5a80,#6a5a80,#6a5a80,#6a5a80,#85768d,#85768d,#85768d
#504858,#85768d,#504858,#85768d,#2a2240,#6a5a80,#2a2240,#ffd966,#ffffff,#ffd966,#2a2240,#6a5a80,#2a2240,#120e1c,#c3a889,#986933,#986933,#6d4b29,#120e1c,#6a5a80,#2a2240,#6a5a80,#2a2240,#6a5a80,#2a2240,#6a5a80,#2a2240,#6a5a80,#2a2240,#85768d,#504858,#85768d
#85768d,#85768d,#85768d,#6a5a80,#6a5a80,#6a5a80,#6a5a80,#6a5a80,#ffd966,#6a5a80,#6a5a80,#6a5a80,#6a5a80,#120e1c,#c3a889,#986933,#986933,#6d4b29,#120e1c,#6a5a80,#6a5a80,#6a5a80,#6a5a80,#6a5a80,#6a5a80,#6a5a80,#6a5a80,#6a5a80,#6a5a80,#6a5a80,#85768d,#85768d
#8a7a9a,#8a7a9a,#8a7a9a,#8a7a9a,#8a7a9a,#fff6c8,#8a7a9a,#8a7a9a,#8a7a9a,#8a7a9a,#8a7a9a,#fff6c8,#8a7a9a,#120e1c,#c3a889,#986933,#986933,#6d4b29,#120e1c,#8a7a9a,#8a7a9a,#8a7a9a,#8a7a9a,#fff6c8,#8a7a9a,#8a7a9a,#8a7a9a,#8a7a9a,#8a7a9a,#fff6c8,#8a7a9a,#8a7a9a
#8a7a9a,#8a7a9a,#8a7a9a,#8a7a9a,#fff6c8,#8a7a9a,#8a7a9a,#8a7a9a,#8a7a9a,#8a7a9a,#fff6c8,#8a7a9a,#8a7a9a,#120e1c,#c3a889,#986933,#986933,#6d4b29,#120e1c,#8a7a9a,#8a7a9a,#8a7a9a,#fff6c8,#8a7a9a,#8a7a9a,#8a7a9a,#8a7a9a,#8a7a9a,#fff6c8,#8a7a9a,#8a7a9a,#8a7a9a
#8a7a9a,#8a7a9a,#8a7a9a,#fff6c8,#8a7a9a,#8a7a9a,#8a7a9a,#8a7a9a,#8a7a9a,#fff6c8,#8a7a9a,#8a7a9a,#8a7a9a,#120e1c,#c3a889,#986933,#986933,#6d4b29,#120e1c,#8a7a9a,#8a7a9a,#fff6c8,#8a7a9a,#ffffff,#8a7a9a,#8a7a9a,#8a7a9a,#fff6c8,#8a7a9a,#8a7a9a,#8a7a9a,#8a7a9a
#8a7a9a,#8a7a9a,#fff6c8,#8a7a9a,#8a7a9a,#8a7a9a,#8a7a9a,#8a7a9a,#fff6c8,#8a7a9a,#8a7a9a,#8a7a9a,#8a7a9a,#120e1c,#c3a889,#986933,#986933,#6d4b29,#120e1c,#8a7a9a,#fff6c8,#8a7a9a,#8a7a9a,#8a7a9a,#8a7a9a,#8a7a9a,#fff6c8,#8a7a9a,#8a7a9a,#8a7a9a,#8a7a9a,#8a7a9a
#8a7a9a,#fff6c8,#8a7a9a,#8a7a9a,#8a7a9a,#8a7a9a,#8a7a9a,#fff6c8,#8a7a9a,#8a7a9a,#8a7a9a,#8a7a9a,#8a7a9a,#120e1c,#c3a889,#402c1f,#402c1f,#402c1f,#120e1c,#fff6c8,#8a7a9a,#8a7a9a,#8a7a9a,#8a7a9a,#8a7a9a,#fff6c8,#8a7a9a,#8a7a9a,#8a7a9a,#8a7a9a,#8a7a9a,#fff6c8
#fff6c8,#8a7a9a,#8a7a9a,#8a7a9a,#8a7a9a,#8a7a9a,#fff6c8,#8a7a9a,#8a7a9a,#8a7a9a,#8a7a9a,#8a7a9a,#fff6c8,#8a7a9a,#120e1c,#120e1c,#120e1c,#120e1c,#fff6c8,#8a7a9a,#8a7a9a,#8a7a9a,#8a7a9a,#8a7a9a,#fff6c8,#8a7a9a,#8a7a9a,#8a7a9a,#8a7a9a,#8a7a9a,#fff6c8,#8a7a9a
#8a7a9a,#8a7a9a,#8a7a9a,#8a7a9a,#8a7a9a,#fff6c8,#8a7a9a,#8a7a9a,#8a7a9a,#8a7a9a,#8a7a9a,#fff6c8,#8a7a9a,#8a7a9a,#8a7a9a,#8a7a9a,#8a7a9a,#fff6c8,#8a7a9a,#8a7a9a,#8a7a9a,#8a7a9a,#8a7a9a,#fff6c8,#8a7a9a,#8a7a9a,#8a7a9a,#8a7a9a,#8a7a9a,#fff6c8,#8a7a9a,#8a7a9a
