#ffe185,#99823d,#ffe185,#99823d,#ffe185,#99823d,#ffe185,#99823d,#ffe185,#99823d,#ffe185,#99823d,#ffe185,#99823d,#ffe185,#99823d,#ffe185,#99823d,#ffe185,#99823d,#ffe185,#99823d,#ffe185,#99823d,#ffe185,#99823d,#ffe185,#99823d,#ffe185,#99823d,#ffe185,#99823d
#99823d,#2a2240,#2a2240,#2a2240,#2a2240,#2a2240,#2a2240,#2a2240,#2a2240,#2a2240,#504858,#504858,#2a2240,#2a2240,#2a2240,#504858,#2a2240,#504858,#2a2240,#2a2240,#2a2240,#504858,#504858,#2a2240,#2a2240,#2a2240,#2a2240,#ffd966,#2a2240,#2a2240,#2a2240,#ffe185
#ffe185,#2a2240,#6a5a80,#120e1c,#120e1c,#120e1c,#120e1c,#120e1c,#120e1c,#120e1c,#120e1c,#120e1c,#120e1c,#120e1c,#120e1c,#120e1c,#120e1c,#120e1c,#120e1c,#120e1c,#120e1c,#120e1c,#120e1c,#120e1c,#120e1c,#120e1c,#120e1c,#120e1c,#ffd966,#2a2240,#6a5a80,#99823d
#99823d,#2a2240,#120e1c,#f3d88a,#f3d88a,#f3d88a,#f3d88a,#f3d88a,#f3d88a,#f3d88a,#f3d88a,#f3d88a,#f3d88a,#f3d88a,#f3d88a,#f3d88a,#f3d88a,#f3d88a,#f3d88a,#f3d88a,#f3d88a,#f3d88a,#f3d88a,#f3d88a,#f3d88a,#f3d88a,#f3d88a,#f3d88a,#120e1c,#2a2240,#2a2240,#ffe185
#ffe185,#2a2240,#120e1c,#f3d88a,#ebbc36,#ebbc36,#ebbc36,#ebbc36,#ebbc36,#ebbc36,#ebbc36,#ebbc36,#ebbc36,#ebbc36,#ebbc36,#ebbc36,#ebbc36,#ebbc36,#ebbc36,#ebbc36,#ebbc36,#ebbc36,#ebbc36,#ebbc36,#ebbc36,#ebbc36,#ebbc36,#a8852b,#120e1c,#2a2240,#6a5a80,#99823d
#99823d,#504858,#120e1c,#f3d88a,#604b20,#604b20,#604b20,#604b20,#604b20,#604b20,#604b20,#604b20,#604b20,#604b20,#604b20,#604b20,#604b20,#604b20,#604b20,#604b20,#604b20,#604b20,#604b20,#604b20,#604b20,#604b20,#604b20,#604b20,#120e1c,#504858,#504858,#ffe185
#ffe185,#504858,#85768d,#120e1c,#120e1c,#f2f6ff,#ffe9a6,#ffe9a6,#f2f6ff,#f2f6ff,#ffe9a6,#ffe9a6,#f2f6ff,#f2f6ff,#ffe9a6,#ffe9a6,#f2f6ff,#f2f6ff,#ffe9a6,#ffe9a6,#f2f6ff,#f2f6ff,#ffe9a6,#ffe9a6,#f2f6ff,#f2f6ff,#120e1c,#120e1c,#85768d,#504858,#85768d,#99823d
#99823d,#504858,#504858,#504858,#120e1c,#f2f6ff,#ffe9a6,#b69a4d,#f2f6ff,#a5aab8,#ffe9a6,#b69a4d,#f2f6ff,#a5aab8,#ffe9a6,#b69a4d,#f2f6ff,#a5aab8,#ffe9a6,#b69a4d,#f2f6ff,#a5aab8,#ffe9a6,#b69a4d,#f2f6ff,#a5aab8,#120e1c,#504858,#504858,#504858,#504858,#ffe185
#ffe185,#504858,#85768d,#2a2240,#120e1c,#f2f6ff,#ffe9a6,#b69a4d,#f2f6ff,#a5aab8,#ffe9a6,#b69a4d,#f2f6ff,#a5aab8,#ffe9a6,#b69a4d,#f2f6ff,#a5aab8,#ffe9a6,#b69a4d,#f2f6ff,#a5aab8,#ffe9a6,#b69a4d,#f2f6ff,#a5aab8,#120e1c,#2a2240,#6a5a80,#2a2240,#85768d,#99823d
#99823d,#6a5a80,#2a2240,#2a2240,#120e1c,#f2f6ff,#ffe9a6,#b69a4d,#f2f6ff,#a5aab8,#ffe9a6,#b69a4d,#f2f6ff,#a5aab8,#ffe9a6,#b69a4d,#f2f6ff,#a5aab8,#ffe9a6,#b69a4d,#f2f6ff,#a5aab8,#ffe9a6,#b69a4d,#f2f6ff,#a5aab8,#120e1c,#2a2240,#2a2240,#6a5a80,#2a2240,#ffe185
#ffe185,#2a2240,#6a5a80,#2a2240,#120e1c,#f2f6ff,#ffe9a6,#b69a4d,#f2f6ff,#a5aab8,#ffe9a6,#b69a4d,#f2f6ff,#a5aab8,#ffe9a6,#b69a4d,#f2f6ff,#a5aab8,#ffe9a6,#b69a4d,#f2f6ff,#a5aab8,#ffe9a6,#b69a4d,#f2f6ff,#a5aab8,#120e1c,#2a2240,#6a5a80,#2a2240,#6a5a80,#99823d
#99823d,#2a2240,#2a2240,#6a5a80,#120e1c,#f2f6ff,#ffe9a6,#b69a4d,#f2f6ff,#a5aab8,#ffe9a6,#b69a4d,#f2f6ff,#a5aab8,#ffe9a6,#b69a4d,#f2f6ff,#a5aab8,#ffe9a6,#b69a4d,#f2f6ff,#a5aab8,#ffe9a6,#b69a4d,#f2f6ff,#a5aab8,#120e1c,#6a5a80,#2a2240,#2a2240,#2a2240,#ffe185
#ffe185,#2a2240,#6a5a80,#2a2240,#120e1c,#f2f6ff,#ffe9a6,#b69a4d,#f2f6ff,#a5aab8,#ffe9a6,#b69a4d,#f2f6ff,#a5aab8,#ffe9a6,#b69a4d,#f2f6ff,#a5aab8,#ffe9a6,#b69a4d,#f2f6ff,#a5aab8,#ffe9a6,#b69a4d,#f2f6ff,#a5aab8,#120e1c,#2a2240,#6a5a80,#2a2240,#6a5a80,#99823d
#99823d,#6a5a80,#2a2240,#6a5a80,#120e1c,#f2f6ff,#ffe9a6,#b69a4d,#f2f6ff,#a5aab8,#ffe9a6,#b69a4d,#f2f6ff,#a5aab8,#ffe9a6,#b69a4d,#f2f6ff,#a5aab8,#ffe9a6,#b69a4d,#f2f6ff,#a5aab8,#ffe9a6,#b69a4d,#f2f6ff,#a5aab8,#120e1c,#6a5a80,#2a2240,#6a5a80,#2a2240,#ffe185
#ffe185,#2a2240,#6a5a80,#2a2240,#120e1c,#f2f6ff,#ffe9a6,#b69a4d,#f2f6ff,#a5aab8,#ffe9a6,#b69a4d,#f2f6ff,#a5aab8,#ffe9a6,#b69a4d,#f2f6ff,#a5aab8,#ffe9a6,#b69a4d,#f2f6ff,#a5aab8,#ffe9a6,#b69a4d,#f2f6ff,#a5aab8,#120e1c,#2a2240,#6a5a80,#2a2240,#6a5a80,#99823d
#99823d,#6a5a80,#2a2240,#6a5a80,#120e1c,#f2f6ff,#ffe9a6,#b69a4d,#f2f6ff,#a5aab8,#ffe9a6,#b69a4d,#f2f6ff,#a5aab8,#ffe9a6,#b69a4d,#f2f6ff,#a5aab8,#ffe9a6,#b69a4d,#f2f6ff,#a5aab8,#ffe9a6,#b69a4d,#f2f6ff,#a5aab8,#120e1c,#85768d,#2a2240,#6a5a80,#2a2240,#ffe185
#ffe185,#6a5a80,#6a5a80,#2a2240,#120e1c,#f2f6ff,#ffe9a6,#b69a4d,#f2f6ff,#a5aab8,#ffe9a6,#b69a4d,#f2f6ff,#a5aab8,#ffe9a6,#b69a4d,#f2f6ff,#a5aab8,#ffe9a6,#b69a4d,#f2f6ff,#a5aab8,#ffe9a6,#b69a4d,#f2f6ff,#a5aab8,#120e1c,#504858,#85768d,#6a5a80,#6a5a80,#99823d
#99823d,#6a5a80,#2a2240,#85768d,#120e1c,#f2f6ff,#ffe9a6,#b69a4d,#f2f6ff,#a5aab8,#ffe9a6,#b69a4d,#f2f6ff,#a5aab8,#ffe9a6,#b69a4d,#f2f6ff,#a5aab8,#ffe9a6,#b69a4d,#f2f6ff,#a5aab8,#ffe9a6,#b69a4d,#f2f6ff,#a5aab8,#120e1c,#85768d,#504858,#85768d,#2a2240,#ffe185
#ffe185,#2a2240,#85768d,#85768d,#120e1c,#f2f6ff,#ffe9a6,#b69a4d,#f2f6ff,#a5aab8,#ffe9a6,#b69a4d,#f2f6ff,#a5aab8,#ffe9a6,#b69a4d,#f2f6ff,#a5aab8,#ffe9a6,#b69a4d,#f2f6ff,#a5aab8,#ffe9a6,#b69a4d,#f2f6ff,#a5aab8,#120e1c,#85768d,#85768d,#504858,#85768d,#99823d
#99823d,#85768d,#504858,#85768d,#120e1c,#f2f6ff,#ffe9a6,#b69a4d,#f2f6ff,#a5aab8,#ffe9a6,#b69a4d,#f2f6ff,#a5aab8,#ffe9a6,#b69a4d,#f2f6ff,#a5aab8,#ffe9a6,#b69a4d,#f2f6ff,#a5aab8,#ffe9a6,#b69a4d,#f2f6ff,#a5aab8,#120e1c,#85768d,#504858,#85768d,#504858,#ffe185
#ffe185,#85768d,#85768d,#85768d,#120e1c,#f2f6ff,#ffe9a6,#b69a4d,#f2f6ff,#a5aab8,#ffe9a6,#b69a4d,#f2f6ff,#a5aab8,#ffe9a6,#b69a4d,#f2f6ff,#a5aab8,#ffe9a6,#b69a4d,#f2f6ff,#a5aab8,#ffe9a6,#b69a4d,#f2f6ff,#a5aab8,#120e1c,#85768d,#85768d,#85768d,#85768d,#99823d
#99823d,#85768d,#504858,#85768d,#120e1c,#f2f6ff,#ffe9a6,#b69a4d,#f2f6ff,#a5aab8,#ffe9a6,#b69a4d,#f2f6ff,#a5aab8,#ffe9a6,#b69a4d,#f2f6ff,#a5aab8,#ffe9a6,#b69a4d,#f2f6ff,#a5aab8,#ffe9a6,#b69a4d,#f2f6ff,#a5aab8,#120e1c,#6a5a80,#504858,#85768d,#504858,#ffe185
#ffe185,#85768d,#85768d,#85768d,#120e1c,#f2f6ff,#ffe9a6,#b69a4d,#f2f6ff,#a5aab8,#ffe9a6,#b69a4d,#f2f6ff,#a5aab8,#ffe9a6,#b69a4d,#f2f6ff,#a5aab8,#ffe9a6,#b69a4d,#f2f6ff,#a5aab8,#ffe9a6,#b69a4d,#f2f6ff,#a5aab8,#120e1c,#6a5a80,#6a5a80,#85768d,#85768d,#99823d
#99823d,#85768d,#504858,#85768d,#120e1c,#f2f6ff,#ffe9a6,#b69a4d,#f2f6ff,#a5aab8,#ffe9a6,#b69a4d,#f2f6ff,#a5aab8,#ffe9a6,#b69a4d,#f2f6ff,#a5aab8,#ffe9a6,#b69a4d,#f2f6ff,#a5aab8,#ffe9a6,#b69a4d,#f2f6ff,#a5aab8,#120e1c,#6a5a80,#2a2240,#85768d,#504858,#ffe185
#ffe185,#85768d,#85768d,#6a5a80,#120e1c,#f2f6ff,#ffe9a6,#b69a4d,#f2f6ff,#a5aab8,#ffe9a6,#b69a4d,#f2f6ff,#a5aab8,#ffe9a6,#b69a4d,#f2f6ff,#a5aab8,#ffe9a6,#b69a4d,#f2f6ff,#a5aab8,#ffe9a6,#b69a4d,#f2f6ff,#a5aab8,#120e1c,#6a5a80,#6a5a80,#6a5a80,#85768d,#99823d
#99823d,#8a7a9a,#8a7a9a,#8a7a9a,#120e1c,#f2f6ff,#ffe9a6,#675632,#f2f6ff,#a5aab8,#ffe9a6,#b69a4d,#f2f6ff,#a5aab8,#ffe9a6,#675632,#f2f6ff,#5e5f6c,#ffe9a6,#b69a4d,#f2f6ff,#a5aab8,#ffe9a6,#675632,#f2f6ff,#5e5f6c,#120e1c,#8a7a9a,#8a7a9a,#fff6c8,#8a7a9a,#ffe185
#ffe185,#8a7a9a,#8a7a9a,#8a7a9a,#fff6c8,#120e1c,#120e1c,#120e1c,#120e1c,#5e5f6c,#ffe9a6,#b69a4d,#f2f6ff,#5e5f6c,#120e1c,#120e1c,#120e1c,#120e1c,#ffe9a6,#b69a4d,#f2f6ff,#a5aab8,#ffe9a6,#120e1c,#120e1c,#120e1c,#8a7a9a,#8a7a9a,#fff6c8,#8a7a9a,#8a7a9a,#99823d
#99823d,#8a7a9a,#8a7a9a,#fff6c8,#8a7a9a,#8a7a9a,#8a7a9a,#8a7a9a,#8a7a9a,#120e1c,#ffe9a6,#675632,#f2f6ff,#120e1c,#8a7a9a,#fff6c8,#8a7a9a,#8a7a9a,#120e1c,#675632,#f2f6ff,#5e5f6c,#120e1c,#8a7a9a,#8a7a9a,#8a7a9a,#8a7a9a,#fff6c8,#8a7a9a,#8a7a9a,#8a7a9a,#ffe185
#ffe185,#8a7a9a,#fff6c8,#8a7a9a,#8a7a9a,#8a7a9a,#8a7a9a,#8a7a9a,#fff6c8,#ffd966,#120e1c,#120e1c,#120e1c,#8a7a9a,#fff6c8,#8a7a9a,#8a7a9a,#8a7a9a,#8a7a9a,#120e1c,#120e1c,#120e1c,#8a7a9a,#8a7a9a,#8a7a9a,#8a7a9a,#fff6c8,#8a7a9a,#8a7a9a,#8a7a9a,#8a7a9a,#99823d
#99823d,#fff6c8,#8a7a9a,#8a7a9a,#8a7a9a,#8a7a9a,#8a7a9a,#fff6c8,#8a7a9a,#8a7a9a,#ffd966,#8a7a9a,#8a7a9a,#fff6c8,#8a7a9a,#8a7a9a,#8a7a9a,#8a7a9a,#8a7a9a,#fff6c8,#8a7a9a,#8a7a9a,#8a7a9a,#8a7a9a,#8a7a9a,#fff6c8,#8a7a9a,#8a7a9a,#8a7a9a,#8a7a9a,#8a7a9a,#ffe185
#ffe185,#8a7a9a,#8a7a9a,#8a7a9a,#8a7a9a,#8a7a9a,#fff6c8,#8a7a9a,#8a7a9a,#8a7a9a,#8a7a9a,#8a7a9a,#fff6c8,#8a7a9a,#8a7a9a,#8a7a9a,#8a7a9a,#8a7a9a,#fff6c8,#8a7a9a,#8a7a9a,#8a7a9a,#8a7a9a,#8a7a9a,#fff6c8,#8a7a9a,#8a7a9a,#8a7a9a,#8a7a9a,#8a7a9a,#fff6c8,#99823d
#99823d,#ffe185,#99823d,#ffe185,#99823d,#ffe185,#99823d,#ffe185,#99823d,#ffe185,#99823d,#ffe185,#99823d,#ffe185,#99823d,#ffe185,#99823d,#ffe185,#99823d,#ffe185,#99823d,#ffe185,#99823d,#ffe185,#99823d,#ffe185,#99823d,#ffe185,#99823d,#ffe185,#99823d,#ffe185
