#ffe38c,#ffe38c,#ffe38c,#ffe38c,#ffe38c,#ffe38c,#ffe38c,#ffe38c,#ffe38c,#ffe38c,#ffe38c,#ffe38c,#ffe38c,#ffe38c,#ffe38c,#ffe38c,#ffe38c,#ffe38c,#ffe38c,#ffe38c,#ffe38c,#ffe38c,#ffe38c,#ffe38c,#ffe38c,#ffe38c,#ffe38c,#ffe38c,#ffe38c,#ffe38c,#ffe38c,#ffe38c,#ffe38c,#ffe38c,#ffe38c,#ffe38c,#ffe38c,#ffe38c,#ffe38c,#ffe38c,#ffe38c,#ffe38c,#ffe38c,#ffe38c,#ffe38c,#ffe38c,#ffe38c,#ffe38c,#ffe38c,#ffe38c,#ffe38c,#ffe38c,#ffe38c,#ffe38c,#ffe38c,#ffe38c,#ffe38c,#ffe38c,#ffe38c,#ffe38c,#ffe38c,#ffe38c,#ffe38c,#ffe38c
#ffe38c,#2a2240,#2a2240,#2a2240,#2a2240,#2a2240,#59515e,#59515e,#59515e,#59515e,#59515e,#59515e,#59515e,#2a2240,#2a2240,#2a2240,#2a2240,#2a2240,#2a2240,#ffffff,#ffffff,#ffffff,#ffffff,#a79bb3,#2a2240,#2a2240,#2a2240,#59515e,#ffffff,#ffffff,#ffffff,#ffe066,#534b54,#cbad6f,#cbad6f,#cbad6f,#9879d3,#9879d3,#221b33,#221b33,#221b33,#2a2240,#2a2240,#2a2240,#2a2240,#2a2240,#2a2240,#a79bb3,#a79bb3,#a79bb3,#baafb8,#59515e,#59515e,#59515e,#59515e,#59515e,#59515e,#59515e,#59515e,#59515e,#59515e,#2a2240,#2a2240,#8c7738
#ffe38c,#2a2240,#3a3050,#2a2240,#2a2240,#2a2240,#3a3050,#59515e,#59515e,#59515e,#655c6a,#59515e,#59515e,#59515e,#3a3050,#2a2240,#2a2240,#2a2240,#ffe066,#ffe066,#a79bb3,#a79bb3,#a79bb3,#a79bb3,#2a2240,#2a2240,#3a3050,#59515e,#534b54,#534b54,#534b54,#ffe066,#ffe066,#cbad6f,#cbad6f,#cbad6f,#9879d3,#9879d3,#9879d3,#9879d3,#221b33,#221b33,#3a3050,#2a2240,#2a2240,#120e1c,#120e1c,#120e1c,#120e1c,#120e1c,#120e1c,#59515e,#59515e,#59515e,#655c6a,#59515e,#59515e,#59515e,#655c6a,#59515e,#2a2240,#2a2240,#3a3050,#8c7738
#ffe38c,#2a2240,#2a2240,#2a2240,#2a2240,#2a2240,#2a2240,#59515e,#59515e,#59515e,#59515e,#59515e,#59515e,#59515e,#2a2240,#2a2240,#2a2240,#2a2240,#ffe066,#ffe066,#a79bb3,#a79bb3,#a79bb3,#a79bb3,#2a2240,#2a2240,#2a2240,#534b54,#534b54,#534b54,#9bb8d1,#ffe066,#ffe066,#cbad6f,#cbad6f,#cbad6f,#9879d3,#9879d3,#9879d3,#9879d3,#cb7987,#221b33,#221b33,#2a2240,#120e1c,#f6f9ff,#f6f9ff,#f6f9ff,#f6f9ff,#f6f9ff,#f4f3e4,#120e1c,#59515e,#59515e,#59515e,#59515e,#59515e,#59515e,#59515e,#2a2240,#2a2240,#2a2240,#2a2240,#8c7738
#ffe38c,#2a2240,#3a3050,#2a2240,#3a3050,#2a2240,#3a3050,#2a2240,#655c6a,#59515e,#655c6a,#59515e,#655c6a,#59515e,#3a3050,#2a2240,#3a3050,#2a2240,#3a3050,#ffe066,#ffe066,#ffe066,#ffe066,#a79bb3,#3a3050,#2a2240,#3a3050,#534b54,#ffe066,#ffe066,#ffe066,#ffe066,#cbad6f,#cbad6f,#cbad6f,#cbad6f,#9879d3,#9879d3,#9879d3,#9879d3,#cb7987,#cb7987,#120e1c,#120e1c,#f6f9ff,#eff5ff,#5e5f6c,#5e5f6c,#a1a5b3,#a1a5b3,#f4f3e4,#120e1c,#655c6a,#59515e,#655c6a,#59515e,#655c6a,#59515e,#3a3050,#2a2240,#3a3050,#2a2240,#3a3050,#8c7738
#ffe38c,#3a3050,#2a2240,#3a3050,#2a2240,#3a3050,#2a2240,#3a3050,#2a2240,#655c6a,#59515e,#655c6a,#59515e,#655c6a,#59515e,#3a3050,#2a2240,#3a3050,#2a2240,#3a3050,#a79bb3,#a79bb3,#ffe066,#ffe066,#ffe066,#ffe066,#ffe066,#ffe066,#ffe066,#594f51,#594f51,#594f51,#2a2030,#2a2030,#2a2030,#2a2030,#2a2030,#2a2030,#2a2030,#2a2030,#2a2030,#120e1c,#f6f9ff,#f6f9ff,#eff5ff,#a1a5b3,#5e5f6c,#ffffff,#eff5ff,#a1a5b3,#a1a5b3,#f4f3e4,#120e1c,#655c6a,#59515e,#655c6a,#59515e,#3a3050,#2a2240,#3a3050,#2a2240,#3a3050,#2a2240,#8c7738
#ffe38c,#2a2240,#3a3050,#2a2240,#3a3050,#2a2240,#3a3050,#2a2240,#3a3050,#59515e,#655c6a,#59515e,#655c6a,#59515e,#655c6a,#2a2240,#3a3050,#2a2240,#3a3050,#2a2240,#a79bb3,#a79bb3,#a79bb3,#a79bb3,#3a3050,#2a2240,#221b33,#534b54,#d69595,#d69595,#d69595,#d69595,#7fa7d3,#7fa7d3,#7fa7d3,#7fa7d3,#cbad6f,#cbad6f,#cbad6f,#120e1c,#120e1c,#f6f9ff,#eff5ff,#a1a5b3,#5e5f6c,#5e5f6c,#5e5f6c,#ffffff,#ffffff,#eff5ff,#a1a5b3,#f4f3e4,#120e1c,#59515e,#655c6a,#59515e,#3a3050,#2a2240,#3a3050,#2a2240,#3a3050,#2a2240,#3a3050,#8c7738
#ffe38c,#3a3050,#2a2240,#3a3050,#2a2240,#3a3050,#2a2240,#3a3050,#2a2240,#3a3050,#59515e,#655c6a,#59515e,#655c6a,#59515e,#655c6a,#2a2240,#3a3050,#2a2240,#3a3050,#a79bb3,#a79bb3,#a79bb3,#a79bb3,#2a2240,#3a3050,#221b33,#534b54,#d69595,#d69595,#d69595,#d69595,#7fa7d3,#7fa7d3,#7fa7d3,#7fa7d3,#cbad6f,#120e1c,#120e1c,#f6f9ff,#f6f9ff,#eff5ff,#5e5f6c,#5e5f6c,#5e5f6c,#ffffff,#ffffff,#ffffff,#ffffff,#ffffff,#eff5ff,#f4f3e4,#120e1c,#655c6a,#2a2240,#3a3050,#2a2240,#3a3050,#2a2240,#3a3050,#2a2240,#3a3050,#2a2240,#8c7738
#ffe38c,#3a3050,#3a3050,#3a3050,#3a3050,#3a3050,#3a3050,#3a3050,#3a3050,#3a3050,#655c6a,#655c6a,#655c6a,#655c6a,#655c6a,#655c6a,#3a3050,#3a3050,#3a3050,#3a3050,#a79bb3,#a79bb3,#a79bb3,#a79bb3,#3a3050,#3a3050,#221b33,#534b54,#d69595,#d69595,#d69595,#d69595,#7fa7d3,#7fa7d3,#7fa7d3,#7fa7d3,#120e1c,#f6f9ff,#f6f9ff,#eff5ff,#a1a5b3,#5e5f6c,#5e5f6c,#ffffff,#ffffff,#ffffff,#ffffff,#ffffff,#ffffff,#eff5ff,#eff5ff,#f4f3e4,#120e1c,#3a3050,#3a3050,#3a3050,#3a3050,#3a3050,#3a3050,#3a3050,#3a3050,#3a3050,#3a3050,#8c7738
#ffe38c,#3a3050,#2a2240,#3a3050,#2a2240,#3a3050,#2a2240,#3a3050,#2a2240,#3a3050,#2a2240,#655c6a,#59515e,#655c6a,#59515e,#655c6a,#59515e,#3a3050,#2a2240,#3a3050,#a79bb3,#a79bb3,#a79bb3,#a79bb3,#2a2240,#3a3050,#221b33,#534b54,#d69595,#d69595,#d69595,#cb7987,#7fa7d3,#7fa7d3,#7fa7d3,#120e1c,#f6f9ff,#eff5ff,#a1a5b3,#5e5f6c,#5e5f6c,#5e5f6c,#ffffff,#ffffff,#ffffff,#ffffff,#ffffff,#ffffff,#eff5ff,#eff5ff,#a1a5b3,#f4f3e4,#120e1c,#3a3050,#2a2240,#3a3050,#2a2240,#3a3050,#2a2240,#3a3050,#2a2240,#3a3050,#2a2240,#8c7738
#ffe38c,#3a3050,#3a3050,#3a3050,#3a3050,#3a3050,#3a3050,#3a3050,#3a3050,#3a3050,#3a3050,#3a3050,#655c6a,#655c6a,#655c6a,#655c6a,#655c6a,#3a3050,#3a3050,#3a3050,#a79bb3,#a79bb3,#a79bb3,#a79bb3,#3a3050,#3a3050,#221b33,#534b54,#594f51,#594f51,#594f51,#2a2030,#2a2030,#2a2030,#120e1c,#f6f9ff,#eff5ff,#5e5f6c,#5e5f6c,#5e5f6c,#ffffff,#ffffff,#ffffff,#ffffff,#ffffff,#ffffff,#eff5ff,#eff5ff,#eff5ff,#5e5f6c,#f4f3e4,#f4f3e4,#120e1c,#3a3050,#3a3050,#3a3050,#3a3050,#3a3050,#3a3050,#3a3050,#3a3050,#3a3050,#3a3050,#8c7738
#ffe38c,#3a3050,#3a3050,#3a3050,#2a2240,#3a3050,#3a3050,#3a3050,#2a2240,#3a3050,#3a3050,#3a3050,#59515e,#655c6a,#655c6a,#655c6a,#59515e,#3a3050,#3a3050,#3a3050,#a79bb3,#a79bb3,#a79bb3,#a79bb3,#2a2240,#3a3050,#221b33,#534b54,#af95d1,#af95d1,#af95d1,#9879d3,#cb7987,#120e1c,#f6f9ff,#eff5ff,#a1a5b3,#5e5f6c,#5e5f6c,#ffffff,#ffffff,#ffffff,#ffffff,#ffffff,#eff5ff,#eff5ff,#eff5ff,#a1a5b3,#5e5f6c,#f4f3e4,#120e1c,#120e1c,#2a2240,#3a3050,#3a3050,#3a3050,#2a2240,#3a3050,#3a3050,#3a3050,#2a2240,#3a3050,#3a3050,#8c7738
#ffe38c,#3a3050,#3a3050,#3a3050,#3a3050,#3a3050,#3a3050,#3a3050,#3a3050,#3a3050,#3a3050,#3a3050,#3a3050,#655c6a,#655c6a,#655c6a,#655c6a,#655c6a,#3a3050,#3a3050,#a79bb3,#a79bb3,#a79bb3,#a79bb3,#3a3050,#3a3050,#120e1c,#120e1c,#120e1c,#120e1c,#120e1c,#120e1c,#120e1c,#f6f9ff,#eff5ff,#5e5f6c,#5e5f6c,#5e5f6c,#ffffff,#ffffff,#ffffff,#ffffff,#ffffff,#eff5ff,#eff5ff,#a1a5b3,#5e5f6c,#f4f3e4,#f4f3e4,#120e1c,#a79bb3,#3a3050,#3a3050,#3a3050,#3a3050,#3a3050,#3a3050,#3a3050,#3a3050,#3a3050,#3a3050,#3a3050,#3a3050,#8c7738
#ffe38c,#3a3050,#3a3050,#3a3050,#3a3050,#3a3050,#3a3050,#3a3050,#3a3050,#3a3050,#3a3050,#3a3050,#3a3050,#3a3050,#655c6a,#655c6a,#655c6a,#655c6a,#3a3050,#3a3050,#a79bb3,#a79bb3,#a79bb3,#a79bb3,#3a3050,#120e1c,#fff3ce,#fff3ce,#fff3ce,#fff3ce,#fff3ce,#fff3ce,#f6f9ff,#ffe9a7,#eff5ff,#5e5f6c,#ffffff,#ffffff,#ffffff,#ffffff,#ffffff,#ffffff,#ffffff,#eff5ff,#5e5f6c,#f4f3e4,#f4f3e4,#120e1c,#120e1c,#a79bb3,#a79bb3,#3a3050,#3a3050,#3a3050,#3a3050,#3a3050,#3a3050,#3a3050,#3a3050,#3a3050,#3a3050,#3a3050,#3a3050,#8c7738
#ffe38c,#3a3050,#4a3e60,#3a3050,#3a3050,#3a3050,#4a3e60,#3a3050,#3a3050,#3a3050,#4a3e60,#3a3050,#3a3050,#3a3050,#726677,#655c6a,#120e1c,#120e1c,#120e1c,#120e1c,#a79bb3,#a79bb3,#a79bb3,#a79bb3,#120e1c,#fff3ce,#ffe9a7,#ffdf7e,#ffe9a7,#ffe9a7,#ffe9a7,#ffe9a7,#ffe9a7,#ffe9a7,#ffe9a7,#ffffff,#ffffff,#ffffff,#ffffff,#ffffff,#ffffff,#ffffff,#eff5ff,#eff5ff,#f4f3e4,#120e1c,#120e1c,#a79bb3,#a79bb3,#a79bb3,#a79bb3,#3a3050,#3a3050,#3a3050,#4a3e60,#3a3050,#3a3050,#3a3050,#4a3e60,#3a3050,#3a3050,#3a3050,#4a3e60,#8c7738
#ffe38c,#3a3050,#3a3050,#3a3050,#3a3050,#3a3050,#3a3050,#3a3050,#3a3050,#3a3050,#3a3050,#3a3050,#3a3050,#3a3050,#120e1c,#120e1c,#f6f9ff,#f6f9ff,#f6f9ff,#f4f3e4,#120e1c,#120e1c,#a79bb3,#120e1c,#fff3ce,#ffe9a7,#ffe9a7,#ffe9a7,#ffdf7e,#ffdf7e,#ffdf7e,#ffe9a7,#ffe9a7,#b19a5b,#b19a5b,#ffe9a7,#ffffff,#ffffff,#ffffff,#ffffff,#eff5ff,#eff5ff,#eff5ff,#f4f3e4,#f4f3e4,#120e1c,#3a3050,#a79bb3,#a79bb3,#a79bb3,#a79bb3,#3a3050,#3a3050,#3a3050,#3a3050,#3a3050,#3a3050,#3a3050,#3a3050,#3a3050,#3a3050,#3a3050,#3a3050,#8c7738
#ffe38c,#3a3050,#4a3e60,#3a3050,#4a3e60,#3a3050,#4a3e60,#3a3050,#4a3e60,#3a3050,#4a3e60,#3a3050,#4a3e60,#120e1c,#f6f9ff,#eff5ff,#eff5ff,#a1a5b3,#a1a5b3,#eff5ff,#f6f9ff,#f4f3e4,#120e1c,#fff3ce,#ffe9a7,#ffe9a7,#ffe9a7,#ffdf7e,#ffe9a7,#ffdf7e,#ffe9a7,#ffdf7e,#b19a5b,#ffdf7e,#b19a5b,#67583b,#ffffff,#ffffff,#ffffff,#eff5ff,#eff5ff,#f4f3e4,#f4f3e4,#120e1c,#120e1c,#3a3050,#4a3e60,#a79bb3,#a79bb3,#a79bb3,#a79bb3,#3a3050,#4a3e60,#3a3050,#4a3e60,#3a3050,#4a3e60,#3a3050,#4a3e60,#3a3050,#4a3e60,#3a3050,#4a3e60,#8c7738
#ffe38c,#726677,#3a3050,#4a3e60,#3a3050,#4a3e60,#3a3050,#4a3e60,#3a3050,#4a3e60,#3a3050,#4a3e60,#3a3050,#120e1c,#f6f9ff,#a1a5b3,#5e5f6c,#5e5f6c,#5e5f6c,#a1a5b3,#a1a5b3,#5e5f6c,#f6f9ff,#ffe9a7,#ffe9a7,#ffe9a7,#ffdf7e,#ffdf7e,#ffdf7e,#ffe9a7,#ffdf7e,#ffdf7e,#ffdf7e,#b19a5b,#ffdf7e,#b19a5b,#ffe9a7,#eff5ff,#eff5ff,#eff5ff,#f4f3e4,#120e1c,#120e1c,#221b33,#221b33,#4a3e60,#3a3050,#a79bb3,#a79bb3,#a79bb3,#a79bb3,#4a3e60,#3a3050,#4a3e60,#3a3050,#4a3e60,#3a3050,#4a3e60,#3a3050,#4a3e60,#3a3050,#4a3e60,#3a3050,#8c7738
#ffe38c,#655c6a,#726677,#655c6a,#4a3e60,#3a3050,#4a3e60,#3a3050,#4a3e60,#3a3050,#4a3e60,#120e1c,#120e1c,#f6f9ff,#eff5ff,#5e5f6c,#5e5f6c,#ffffff,#ffffff,#eff5ff,#a1a5b3,#5e5f6c,#ffe9a7,#ffe9a7,#ffe9a7,#ffdf7e,#ffe9a7,#ffdf7e,#ffe9a7,#ffdf7e,#ffdf7e,#ffdf7e,#ffdf7e,#ffdf7e,#b19a5b,#b19a5b,#67583b,#eff5ff,#a1a5b3,#f4f3e4,#120e1c,#9bb8d1,#7fa7d3,#221b33,#221b33,#3a3050,#4a3e60,#a79bb3,#a79bb3,#a79bb3,#a79bb3,#3a3050,#4a3e60,#3a3050,#4a3e60,#3a3050,#4a3e60,#3a3050,#4a3e60,#3a3050,#4a3e60,#3a3050,#4a3e60,#8c7738
#ffe38c,#726677,#655c6a,#726677,#655c6a,#4a3e60,#3a3050,#4a3e60,#3a3050,#4a3e60,#120e1c,#f6f9ff,#f6f9ff,#e8f0ff,#5e5f6c,#5e5f6c,#ffffff,#ffffff,#ffffff,#ffffff,#eff5ff,#5e5f6c,#ffe9a7,#ffe9a7,#ffe9a7,#ffdf7e,#ffdf7e,#ffe9a7,#ffdf7e,#ffdf7e,#ffdf7e,#b19a5b,#ffdf7e,#b19a5b,#ffdf7e,#b19a5b,#67583b,#eff5ff,#f4f3e4,#f4f3e4,#120e1c,#7fa7d3,#7fa7d3,#221b33,#221b33,#4a3e60,#3a3050,#a79bb3,#a79bb3,#a79bb3,#a79bb3,#4a3e60,#3a3050,#4a3e60,#3a3050,#4a3e60,#3a3050,#4a3e60,#3a3050,#4a3e60,#3a3050,#4a3e60,#3a3050,#8c7738
#ffe38c,#726677,#726677,#726677,#726677,#726677,#726677,#4a3e60,#4a3e60,#120e1c,#f6f9ff,#eff5ff,#a1a5b3,#5e5f6c,#5e5f6c,#ffffff,#ffffff,#ffffff,#ffffff,#ffffff,#eff5ff,#5e5f6c,#ffe9a7,#ffe9a7,#ffe9a7,#ffdf7e,#ffe9a7,#ffdf7e,#ffdf7e,#ffdf7e,#ffdf7e,#ffdf7e,#ffdf7e,#ffdf7e,#b19a5b,#ffdf7e,#b19a5b,#ffeba3,#120e1c,#120e1c,#2a2030,#2a2030,#2a2030,#221b33,#221b33,#4a3e60,#4a3e60,#a79bb3,#a79bb3,#a79bb3,#a79bb3,#4a3e60,#4a3e60,#4a3e60,#4a3e60,#4a3e60,#4a3e60,#4a3e60,#4a3e60,#4a3e60,#4a3e60,#4a3e60,#4a3e60,#8c7738
#ffe38c,#726677,#655c6a,#726677,#655c6a,#726677,#655c6a,#726677,#120e1c,#f6f9ff,#eff5ff,#5e5f6c,#5e5f6c,#5e5f6c,#ffffff,#ffffff,#ffffff,#ffffff,#ffffff,#eff5ff,#eff5ff,#5e5f6c,#ffdf7e,#ffe9a7,#ffdf7e,#ffe9a7,#ffdf7e,#ffdf7e,#b19a5b,#ffdf7e,#ffdf7e,#ffdf7e,#ffdf7e,#b19a5b,#ffdf7e,#b19a5b,#b19a5b,#ffeba3,#120e1c,#9879d3,#cb7987,#cb7987,#cb7987,#221b33,#221b33,#4a3e60,#3a3050,#a79bb3,#a79bb3,#a79bb3,#a79bb3,#4a3e60,#3a3050,#4a3e60,#3a3050,#4a3e60,#3a3050,#4a3e60,#3a3050,#4a3e60,#3a3050,#4a3e60,#3a3050,#8c7738
#ffe38c,#726677,#726677,#726677,#726677,#726677,#726677,#120e1c,#f6f9ff,#eff5ff,#5e5f6c,#5e5f6c,#ffffff,#ffffff,#ffffff,#ffffff,#ffffff,#ffffff,#eff5ff,#eff5ff,#5e5f6c,#f4f3e4,#f4f3e4,#ffe9a7,#ffe9a7,#ffdf7e,#ffe9a7,#ffdf7e,#ffdf7e,#ffdf7e,#ffdf7e,#ffdf7e,#b19a5b,#ffdf7e,#b19a5b,#b19a5b,#67583b,#ffeba3,#120e1c,#9879d3,#cb7987,#cb7987,#cb7987,#221b33,#221b33,#4a3e60,#4a3e60,#a79bb3,#a79bb3,#a79bb3,#a79bb3,#4a3e60,#4a3e60,#4a3e60,#4a3e60,#4a3e60,#4a3e60,#4a3e60,#4a3e60,#4a3e60,#726677,#726677,#726677,#8c7738
#ffe38c,#4a3e60,#4a3e60,#726677,#655c6a,#726677,#726677,#120e1c,#f6f9ff,#5e5f6c,#5e5f6c,#ffffff,#ffffff,#ffffff,#ffffff,#ffffff,#ffffff,#ffffff,#eff5ff,#5e5f6c,#f4f3e4,#120e1c,#120e1c,#ffeba3,#ffe9a7,#b19a5b,#ffdf7e,#b19a5b,#ffdf7e,#b19a5b,#ffdf7e,#b19a5b,#ffdf7e,#b19a5b,#b19a5b,#b19a5b,#ffeba3,#120e1c,#9879d3,#9879d3,#cb7987,#cb7987,#cb7987,#221b33,#221b33,#4a3e60,#4a3e60,#a79bb3,#a79bb3,#a79bb3,#a79bb3,#4a3e60,#3a3050,#4a3e60,#4a3e60,#4a3e60,#3a3050,#726677,#726677,#726677,#655c6a,#726677,#726677,#8c7738
#ffe38c,#120e1c,#120e1c,#120e1c,#120e1c,#120e1c,#120e1c,#f6f9ff,#eff5ff,#5e5f6c,#ffffff,#ffffff,#ffffff,#ffffff,#ffffff,#ffffff,#eff5ff,#eff5ff,#eff5ff,#f4f3e4,#120e1c,#d0c6bd,#d0c6bd,#120e1c,#fff3ce,#ffe9a7,#b19a5b,#ffdf7e,#b19a5b,#b19a5b,#b19a5b,#ffdf7e,#b19a5b,#b19a5b,#b19a5b,#67583b,#ffeba3,#120e1c,#b9a1cf,#9879d3,#dca19c,#cb7987,#cb7987,#221b33,#221b33,#4a3e60,#4a3e60,#a79bb3,#a79bb3,#a79bb3,#a79bb3,#4a3e60,#4a3e60,#726677,#726677,#726677,#726677,#726677,#726677,#726677,#726677,#726677,#726677,#8c7738
#ffe38c,#ffe9a7,#fff3ce,#fff3ce,#ffe9a7,#fff3ce,#fff3ce,#ffe9a7,#ffdf7e,#ffffff,#ffffff,#ffffff,#ffffff,#ffffff,#ffffff,#eff5ff,#eff5ff,#f4f3e4,#f4f3e4,#120e1c,#a79bb3,#c3b8ba,#baafb8,#120e1c,#ffeba3,#b19a5b,#b19a5b,#b19a5b,#ffdf7e,#b19a5b,#ffdf7e,#b19a5b,#b19a5b,#b19a5b,#67583b,#ffeba3,#120e1c,#6e6461,#2a2030,#2a2030,#2a2030,#2a2030,#2a2030,#221b33,#221b33,#4a3e60,#4a3e60,#a79bb3,#a79bb3,#a79bb3,#baafb8,#726677,#726677,#726677,#726677,#726677,#726677,#726677,#726677,#726677,#726677,#726677,#726677,#8c7738
#ffe38c,#ffe9a7,#ffe9a7,#ffe9a7,#ffe9a7,#ffe9a7,#ffe9a7,#ffe9a7,#b19a5b,#ffe9a7,#ffffff,#ffffff,#ffffff,#ffffff,#eff5ff,#eff5ff,#f4f3e4,#120e1c,#120e1c,#847981,#c3b8ba,#a79bb3,#d0c6bd,#d0c6bd,#120e1c,#ffeba3,#ffeba3,#ffeba3,#b19a5b,#b19a5b,#b19a5b,#b19a5b,#67583b,#ffeba3,#ffeba3,#120e1c,#dcc48b,#cbad6f,#dcc48b,#cbad6f,#9879d3,#9879d3,#9879d3,#221b33,#221b33,#4a3e60,#7e7183,#baafb8,#baafb8,#baafb8,#baafb8,#726677,#726677,#726677,#7e7183,#726677,#726677,#726677,#7e7183,#726677,#726677,#726677,#7e7183,#8c7738
#ffe38c,#ffe9a7,#ffe9a7,#ffe9a7,#ffdf7e,#ffdf7e,#ffdf7e,#b19a5b,#ffdf7e,#b19a5b,#ffe9a7,#ffffff,#ffffff,#eff5ff,#eff5ff,#f4f3e4,#120e1c,#9f9491,#726677,#847981,#a79bb3,#c3b8ba,#a79bb3,#d0c6bd,#4a3e60,#120e1c,#120e1c,#120e1c,#ffeba3,#ffeba3,#ffeba3,#ffeba3,#ffeba3,#120e1c,#120e1c,#a8c0cf,#cbad6f,#cbad6f,#cbad6f,#cbad6f,#9879d3,#9879d3,#af95d1,#534b54,#534b54,#726677,#726677,#baafb8,#baafb8,#baafb8,#baafb8,#726677,#726677,#726677,#726677,#726677,#726677,#726677,#726677,#726677,#726677,#726677,#726677,#8c7738
#ffe38c,#ffe9a7,#ffdf7e,#ffdf7e,#ffe9a7,#ffdf7e,#ffe9a7,#ffdf7e,#b19a5b,#b19a5b,#67583b,#ffffff,#eff5ff,#eff5ff,#f4f3e4,#f4f3e4,#120e1c,#9f9491,#a79c99,#9f9491,#c3b8ba,#c3b8ba,#c3b8ba,#c3b8ba,#a79c99,#847981,#8a8279,#696163,#120e1c,#120e1c,#120e1c,#120e1c,#120e1c,#a8c0cf,#a8c0cf,#7fa7d3,#dcc48b,#cbad6f,#dcc48b,#d6bd83,#c9b4ce,#af95d1,#af95d1,#534b54,#534b54,#726677,#7e7183,#baafb8,#baafb8,#baafb8,#baafb8,#726677,#7e7183,#726677,#7e7183,#726677,#7e7183,#726677,#7e7183,#726677,#7e7183,#726677,#7e7183,#8c7738
#ffe38c,#ffe9a7,#ffdf7e,#ffdf7e,#ffdf7e,#b19a5b,#ffdf7e,#ffdf7e,#ffdf7e,#67583b,#b19a5b,#ffe9a7,#eff5ff,#f4f3e4,#120e1c,#120e1c,#4a3e60,#8f828c,#4a3e60,#a79c99,#baafb8,#d0c6bd,#a79bb3,#c3b8ba,#9f9491,#8f828c,#8a8279,#696163,#e3b4a5,#dca19c,#cb7987,#dca19c,#7fa7d3,#a8c0cf,#7fa7d3,#bbccce,#d6bd83,#e3cf99,#d6bd83,#d6bd83,#af95d1,#af95d1,#af95d1,#534b54,#534b54,#7e7183,#726677,#baafb8,#baafb8,#baafb8,#baafb8,#7e7183,#726677,#7e7183,#726677,#7e7183,#4a3e60,#5a4c70,#4a3e60,#5a4c70,#4a3e60,#5a4c70,#4a3e60,#8c7738
#ffe38c,#ffe9a7,#ffe9a7,#ffdf7e,#ffdf7e,#ffdf7e,#ffdf7e,#ffdf7e,#b19a5b,#ffdf7e,#b19a5b,#67583b,#eff5ff,#f4f3e4,#120e1c,#4a3e60,#8f828c,#4a3e60,#8f828c,#847981,#c3b8ba,#c3b8ba,#d0c6bd,#d0c6bd,#8f828c,#847981,#696163,#8a8279,#6e6461,#6e6461,#6e6461,#8e8477,#8e8477,#594f51,#8e8477,#594f51,#8e8477,#594f51,#8e8477,#594f51,#8e8477,#594f51,#8e8477,#534b54,#221b33,#4a3e60,#5a4c70,#a79bb3,#a79bb3,#a79bb3,#a79bb3,#4a3e60,#5a4c70,#4a3e60,#5a4c70,#4a3e60,#5a4c70,#4a3e60,#5a4c70,#4a3e60,#5a4c70,#4a3e60,#5a4c70,#8c7738
#ffe38c,#ffe9a7,#ffdf7e,#ffe9a7,#ffdf7e,#ffdf7e,#ffdf7e,#b19a5b,#ffdf7e,#b19a5b,#b19a5b,#67583b,#f4f3e4,#120e1c,#4a3e60,#8f828c,#4a3e60,#8f828c,#4a3e60,#8f828c,#a79bb3,#c3b8ba,#c3b8ba,#c3b8ba,#847981,#8f828c,#8a8279,#696163,#c9b4ce,#c9b4ce,#c9b4ce,#c9b4ce,#cb7987,#dca19c,#cb7987,#dca19c,#7fa7d3,#7fa7d3,#7fa7d3,#7fa7d3,#cbad6f,#cbad6f,#cbad6f,#221b33,#221b33,#5a4c70,#4a3e60,#a79bb3,#a79bb3,#a79bb3,#a79bb3,#5a4c70,#4a3e60,#5a4c70,#4a3e60,#5a4c70,#4a3e60,#5a4c70,#4a3e60,#5a4c70,#4a3e60,#5a4c70,#4a3e60,#8c7738
#ffe38c,#ffe9a7,#ffe9a7,#ffdf7e,#ffdf7e,#ffdf7e,#ffdf7e,#ffdf7e,#b19a5b,#b19a5b,#b19a5b,#ffeba3,#120e1c,#5a4c70,#8f828c,#5a4c70,#8f828c,#8f828c,#8f828c,#8f828c,#d0c6bd,#d0c6bd,#d0c6bd,#d0c6bd,#8f828c,#a79c99,#696163,#696163,#b9a1cf,#b9a1cf,#b9a1cf,#b9a1cf,#dca19c,#dca19c,#dca19c,#cb7987,#a8c0cf,#7fa7d3,#a8c0cf,#7fa7d3,#dcc48b,#cbad6f,#120e1c,#221b33,#221b33,#5a4c70,#5a4c70,#a79bb3,#a79bb3,#a79bb3,#a79bb3,#5a4c70,#5a4c70,#5a4c70,#5a4c70,#5a4c70,#5a4c70,#5a4c70,#5a4c70,#5a4c70,#5a4c70,#5a4c70,#5a4c70,#8c7738
#ffe38c,#ffe9a7,#ffdf7e,#ffdf7e,#ffdf7e,#ffdf7e,#ffdf7e,#b19a5b,#ffdf7e,#b19a5b,#67583b,#ffeba3,#120e1c,#a79c99,#726677,#a79c99,#726677,#a79c99,#726677,#a79c99,#d0c6bd,#c3b8ba,#a79bb3,#c3b8ba,#9f9491,#8f828c,#696163,#696163,#c9b4ce,#c9b4ce,#9879d3,#b9a1cf,#cb7987,#dca19c,#cb7987,#dca19c,#7fa7d3,#a8c0cf,#7fa7d3,#120e1c,#120e1c,#120e1c,#f4f3e4,#120e1c,#120e1c,#5a4c70,#4a3e60,#a79bb3,#a79bb3,#a79bb3,#a79bb3,#5a4c70,#4a3e60,#5a4c70,#4a3e60,#5a4c70,#4a3e60,#5a4c70,#4a3e60,#5a4c70,#4a3e60,#5a4c70,#4a3e60,#8c7738
#ffe38c,#ffe9a7,#ffe9a7,#ffdf7e,#ffdf7e,#ffdf7e,#67583b,#ffdf7e,#b19a5b,#b19a5b,#ffeba3,#120e1c,#a79c99,#7e7183,#a79c99,#7e7183,#a79c99,#5a4c70,#8f828c,#8f828c,#c3b8ba,#c3b8ba,#c3b8ba,#d0c6bd,#8f828c,#a79c99,#696163,#8a8279,#b9a1cf,#b9a1cf,#c9b4ce,#c9b4ce,#e3b4a5,#cb7987,#dca19c,#cb7987,#a8c0cf,#120e1c,#120e1c,#f6f9ff,#f6f9ff,#f6f9ff,#eff5ff,#f6f9ff,#f4f3e4,#120e1c,#5a4c70,#a79bb3,#a79bb3,#a79bb3,#a79bb3,#5a4c70,#5a4c70,#5a4c70,#5a4c70,#5a4c70,#5a4c70,#5a4c70,#5a4c70,#5a4c70,#5a4c70,#5a4c70,#5a4c70,#8c7738
#ffe38c,#ffe9a7,#ffdf7e,#ffe9a7,#ffdf7e,#b19a5b,#ffdf7e,#b19a5b,#b19a5b,#67583b,#ffeba3,#120e1c,#726677,#5a4c70,#5a4c70,#8f828c,#4a3e60,#8f828c,#5a4c70,#8f828c,#a79bb3,#c3b8ba,#baafb8,#c3b8ba,#4a3e60,#a79c99,#696163,#8a8279,#2a2030,#6e6461,#2a2030,#6e6461,#594f51,#8e8477,#594f51,#6e6461,#120e1c,#eff5ff,#f6f9ff,#eff5ff,#5e5f6c,#5e5f6c,#a1a5b3,#a1a5b3,#f4f3e4,#120e1c,#5a4c70,#a79bb3,#a79bb3,#a79bb3,#a79bb3,#5a4c70,#4a3e60,#5a4c70,#5a4c70,#5a4c70,#4a3e60,#5a4c70,#5a4c70,#5a4c70,#4a3e60,#5a4c70,#5a4c70,#8c7738
#ffe38c,#ffe9a7,#b19a5b,#ffdf7e,#b19a5b,#ffdf7e,#b19a5b,#b19a5b,#b19a5b,#67583b,#ffeba3,#120e1c,#8f828c,#5a4c70,#8f828c,#5a4c70,#8f828c,#8f828c,#8f828c,#5a4c70,#c3b8ba,#d0c6bd,#c3b8ba,#c3b8ba,#8f828c,#a79c99,#696163,#696163,#e3cf99,#dcc48b,#dcc48b,#dcc48b,#b9a1cf,#c9b4ce,#c9b4ce,#120e1c,#f6f9ff,#eff5ff,#5e5f6c,#5e5f6c,#ffffff,#ffffff,#eff5ff,#eff5ff,#a1a5b3,#f4f3e4,#120e1c,#a79bb3,#a79bb3,#a79bb3,#a79bb3,#5a4c70,#5a4c70,#5a4c70,#5a4c70,#5a4c70,#5a4c70,#5a4c70,#5a4c70,#5a4c70,#5a4c70,#5a4c70,#5a4c70,#8c7738
#ffe38c,#b19a5b,#ffdf7e,#b19a5b,#ffdf7e,#b19a5b,#b19a5b,#b19a5b,#67583b,#ffeba3,#120e1c,#5a4c70,#5a4c70,#8f828c,#5a4c70,#8f828c,#5a4c70,#8f828c,#5a4c70,#8f828c,#baafb8,#d0c6bd,#a79bb3,#c3b8ba,#8f828c,#a79c99,#221b33,#696163,#d6bd83,#e3cf99,#cbad6f,#dcc48b,#9879d3,#b9a1cf,#120e1c,#f6f9ff,#eff5ff,#a1a5b3,#5e5f6c,#ffffff,#ffffff,#ffffff,#ffffff,#eff5ff,#a1a5b3,#f4f3e4,#120e1c,#a79bb3,#a79bb3,#a79bb3,#a79bb3,#5a4c70,#5a4c70,#5a4c70,#5a4c70,#5a4c70,#5a4c70,#5a4c70,#5a4c70,#5a4c70,#5a4c70,#5a4c70,#5a4c70,#8c7738
#ffe38c,#ffeba3,#b19a5b,#b19a5b,#b19a5b,#b19a5b,#b19a5b,#67583b,#ffeba3,#120e1c,#9a8c97,#5a4c70,#5a4c70,#5a4c70,#9a8c97,#5a4c70,#8f828c,#5a4c70,#b0a3a2,#7e7183,#d0c6bd,#a79bb3,#c3b8ba,#c3b8ba,#a79c99,#a79c99,#696163,#696163,#dcc48b,#d6bd83,#dcc48b,#dcc48b,#b9a1cf,#9879d3,#120e1c,#f6f9ff,#5e5f6c,#5e5f6c,#5e5f6c,#ffffff,#ffffff,#ffffff,#ffffff,#eff5ff,#a1a5b3,#f4f3e4,#120e1c,#a79bb3,#a79bb3,#a79bb3,#a79bb3,#5a4c70,#5a4c70,#5a4c70,#6a5a80,#5a4c70,#5a4c70,#5a4c70,#6a5a80,#5a4c70,#5a4c70,#5a4c70,#6a5a80,#8c7738
#ffe38c,#120e1c,#ffeba3,#ffeba3,#ffeba3,#ffeba3,#ffeba3,#ffeba3,#120e1c,#5a4c70,#5a4c70,#5a4c70,#5a4c70,#5a4c70,#5a4c70,#5a4c70,#5a4c70,#7e7183,#7e7183,#a79c99,#a79bb3,#c3b8ba,#a79bb3,#c3b8ba,#7e7183,#a79c99,#221b33,#696163,#cbad6f,#e3cf99,#d6bd83,#dcc48b,#9879d3,#120e1c,#f6f9ff,#e8f0ff,#5e5f6c,#ffffff,#ffffff,#ffffff,#ffffff,#ffffff,#eff5ff,#eff5ff,#5e5f6c,#f4f3e4,#120e1c,#a79bb3,#a79bb3,#a79bb3,#a79bb3,#5a4c70,#5a4c70,#5a4c70,#5a4c70,#5a4c70,#5a4c70,#5a4c70,#5a4c70,#5a4c70,#5a4c70,#5a4c70,#5a4c70,#8c7738
#ffe38c,#5a4c70,#120e1c,#120e1c,#120e1c,#120e1c,#120e1c,#120e1c,#6a5a80,#5a4c70,#6a5a80,#5a4c70,#9a8c97,#5a4c70,#9a8c97,#5a4c70,#b0a3a2,#7e7183,#b0a3a2,#5a4c70,#c3b8ba,#c3b8ba,#c3b8ba,#a79bb3,#b0a3a2,#a79c99,#696163,#221b33,#6e6461,#6e6461,#8e8477,#594f51,#120e1c,#eff5ff,#eff5ff,#5e5f6c,#5e5f6c,#ffffff,#ffffff,#ffffff,#ffffff,#e8f0ff,#eff5ff,#a1a5b3,#f4f3e4,#120e1c,#8b7c90,#baafb8,#baafb8,#a79bb3,#a79bb3,#5a4c70,#6a5a80,#5a4c70,#6a5a80,#5a4c70,#6a5a80,#5a4c70,#6a5a80,#5a4c70,#6a5a80,#5a4c70,#6a5a80,#8c7738
#ffe38c,#6a5a80,#5a4c70,#6a5a80,#5a4c70,#6a5a80,#5a4c70,#6a5a80,#5a4c70,#6a5a80,#5a4c70,#6a5a80,#5a4c70,#6a5a80,#5a4c70,#8b7c90,#7e7183,#b0a3a2,#5a4c70,#9a8c97,#a79bb3,#c3b8ba,#a79bb3,#c3b8ba,#7e7183,#b0a3a2,#221b33,#696163,#7fa7d3,#a8c0cf,#120e1c,#120e1c,#f6f9ff,#eff5ff,#5e5f6c,#5e5f6c,#ffffff,#ffffff,#ffffff,#ffffff,#eff5ff,#eff5ff,#5e5f6c,#f4f3e4,#f4f3e4,#120e1c,#7e7183,#baafb8,#baafb8,#baafb8,#baafb8,#6a5a80,#5a4c70,#6a5a80,#5a4c70,#6a5a80,#5a4c70,#6a5a80,#5a4c70,#6a5a80,#5a4c70,#6a5a80,#5a4c70,#8c7738
#ffe38c,#5a4c70,#6a5a80,#5a4c70,#6a5a80,#5a4c70,#6a5a80,#5a4c70,#6a5a80,#5a4c70,#6a5a80,#5a4c70,#6a5a80,#5a4c70,#b0a3a2,#7e7183,#b0a3a2,#7e7183,#9a8c97,#5a4c70,#c3b8ba,#a79bb3,#c3b8ba,#a79bb3,#b0a3a2,#7e7183,#696163,#221b33,#a8c0cf,#120e1c,#f6f9ff,#f6f9ff,#e8f0ff,#5e5f6c,#5e5f6c,#ffffff,#ffffff,#ffffff,#ffffff,#ffffff,#eff5ff,#a1a5b3,#f4f3e4,#120e1c,#120e1c,#7e7183,#8b7c90,#baafb8,#baafb8,#baafb8,#baafb8,#7e7183,#8b7c90,#7e7183,#6a5a80,#5a4c70,#6a5a80,#5a4c70,#6a5a80,#5a4c70,#6a5a80,#5a4c70,#6a5a80,#8c7738
#ffe38c,#6a5a80,#5a4c70,#6a5a80,#5a4c70,#6a5a80,#5a4c70,#6a5a80,#5a4c70,#6a5a80,#5a4c70,#6a5a80,#5a4c70,#8b7c90,#7e7183,#8b7c90,#7e7183,#6a5a80,#5a4c70,#6a5a80,#a79bb3,#a79bb3,#a79bb3,#d0c6bd,#7e7183,#6a5a80,#221b33,#696163,#120e1c,#f6f9ff,#eff5ff,#a1a5b3,#5e5f6c,#5e5f6c,#ffffff,#ffffff,#ffffff,#ffffff,#ffffff,#eff5ff,#eff5ff,#5e5f6c,#f4f3e4,#120e1c,#221b33,#8b7c90,#7e7183,#baafb8,#baafb8,#baafb8,#baafb8,#8b7c90,#7e7183,#8b7c90,#7e7183,#8b7c90,#7e7183,#6a5a80,#5a4c70,#6a5a80,#5a4c70,#6a5a80,#5a4c70,#8c7738
#ffe38c,#6a5a80,#6a5a80,#6a5a80,#6a5a80,#6a5a80,#6a5a80,#6a5a80,#6a5a80,#6a5a80,#6a5a80,#6a5a80,#8b7c90,#8b7c90,#8b7c90,#8b7c90,#9a8c97,#6a5a80,#9a8c97,#6a5a80,#c3b8ba,#a79bb3,#c3b8ba,#baafb8,#b0a3a2,#120e1c,#120e1c,#120e1c,#f6f9ff,#eff5ff,#a1a5b3,#5e5f6c,#5e5f6c,#ffffff,#ffffff,#ffffff,#ffffff,#ffffff,#eff5ff,#eff5ff,#5e5f6c,#f4f3e4,#120e1c,#221b33,#221b33,#6a5a80,#6a5a80,#baafb8,#baafb8,#baafb8,#baafb8,#8b7c90,#8b7c90,#8b7c90,#8b7c90,#8b7c90,#8b7c90,#8b7c90,#8b7c90,#6a5a80,#6a5a80,#6a5a80,#6a5a80,#8c7738
#ffe38c,#6a5a80,#5a4c70,#6a5a80,#5a4c70,#6a5a80,#5a4c70,#6a5a80,#5a4c70,#6a5a80,#7e7183,#8b7c90,#7e7183,#8b7c90,#7e7183,#6a5a80,#5a4c70,#6a5a80,#5a4c70,#6a5a80,#a79bb3,#a79bb3,#a79bb3,#baafb8,#120e1c,#fff3ce,#fff3ce,#fff3ce,#ffe9a7,#eff5ff,#5e5f6c,#5e5f6c,#ffffff,#ffffff,#ffffff,#ffffff,#eff5ff,#eff5ff,#eff5ff,#5e5f6c,#f4f3e4,#120e1c,#221b33,#221b33,#221b33,#6a5a80,#5a4c70,#a79bb3,#baafb8,#baafb8,#baafb8,#8b7c90,#7e7183,#8b7c90,#7e7183,#8b7c90,#7e7183,#8b7c90,#7e7183,#8b7c90,#7e7183,#8b7c90,#5a4c70,#8c7738
#ffe38c,#6a5a80,#6a5a80,#6a5a80,#6a5a80,#6a5a80,#6a5a80,#6a5a80,#6a5a80,#8b7c90,#8b7c90,#8b7c90,#8b7c90,#8b7c90,#6a5a80,#6a5a80,#6a5a80,#6a5a80,#9a8c97,#6a5a80,#a79bb3,#a79bb3,#120e1c,#120e1c,#fff3ce,#ffe9a7,#ffe9a7,#ffe9a7,#ffe9a7,#ffe9a7,#ffe9a7,#ffffff,#ffffff,#ffffff,#ffffff,#eff5ff,#eff5ff,#a1a5b3,#5e5f6c,#f4f3e4,#120e1c,#221b33,#221b33,#221b33,#221b33,#6a5a80,#6a5a80,#a79bb3,#a79bb3,#a79bb3,#baafb8,#8b7c90,#8b7c90,#8b7c90,#8b7c90,#8b7c90,#8b7c90,#8b7c90,#8b7c90,#8b7c90,#8b7c90,#8b7c90,#8b7c90,#8c7738
#ffe38c,#6a5a80,#6a5a80,#6a5a80,#5a4c70,#6a5a80,#6a5a80,#6a5a80,#7e7183,#8b7c90,#8b7c90,#8b7c90,#7e7183,#8b7c90,#6a5a80,#6a5a80,#5a4c70,#6a5a80,#6a5a80,#6a5a80,#a79bb3,#120e1c,#fff3ce,#fff3ce,#ffe9a7,#ffe9a7,#ffe9a7,#ffe9a7,#ffdf7e,#ffe9a7,#ffe9a7,#ffe9a7,#ffe9a7,#ffffff,#eff5ff,#eff5ff,#a1a5b3,#5e5f6c,#f4f3e4,#120e1c,#221b33,#221b33,#221b33,#221b33,#221b33,#6a5a80,#6a5a80,#a79bb3,#a79bb3,#a79bb3,#a79bb3,#6a5a80,#7e7183,#8b7c90,#8b7c90,#8b7c90,#7e7183,#8b7c90,#8b7c90,#8b7c90,#7e7183,#8b7c90,#8b7c90,#8c7738
#ffe38c,#8a7a9a,#8a7a9a,#8a7a9a,#a79bb3,#a79bb3,#a79bb3,#baafb8,#a495a4,#a495a4,#a495a4,#a495a4,#baafb8,#a79bb3,#a79bb3,#a79bb3,#8a7a9a,#8a7a9a,#8a7a9a,#8a7a9a,#120e1c,#fff3ce,#ffe9a7,#ffe9a7,#ffe9a7,#ffe9a7,#ffe9a7,#ffdf7e,#ffe9a7,#ffdf7e,#b19a5b,#ffe9a7,#b19a5b,#ffe9a7,#eff5ff,#a1a5b3,#5e5f6c,#f4f3e4,#120e1c,#a79bb3,#8a7a9a,#8a7a9a,#8a7a9a,#8a7a9a,#a79bb3,#a79bb3,#a79bb3,#a79bb3,#8a7a9a,#8a7a9a,#8a7a9a,#8a7a9a,#a79bb3,#baafb8,#baafb8,#baafb8,#a495a4,#a495a4,#a495a4,#a495a4,#baafb8,#baafb8,#baafb8,#8c7738
#ffe38c,#8a7a9a,#8a7a9a,#8a7a9a,#a79bb3,#a79bb3,#baafb8,#baafb8,#a495a4,#a495a4,#a495a4,#a495a4,#a79bb3,#a79bb3,#a79bb3,#a79bb3,#8a7a9a,#8a7a9a,#8a7a9a,#120e1c,#ffeba3,#ffe9a7,#ffe9a7,#ffe9a7,#ffdf7e,#ffe9a7,#ffdf7e,#ffdf7e,#ffdf7e,#ffe9a7,#ffdf7e,#b19a5b,#ffdf7e,#b19a5b,#ffe9a7,#eff5ff,#f4f3e4,#120e1c,#a79bb3,#a79bb3,#8a7a9a,#8a7a9a,#8a7a9a,#8a7a9a,#a79bb3,#a79bb3,#a79bb3,#a79bb3,#8a7a9a,#8a7a9a,#8a7a9a,#8a7a9a,#a79bb3,#a79bb3,#a79bb3,#baafb8,#a495a4,#a495a4,#a495a4,#a495a4,#baafb8,#baafb8,#baafb8,#8c7738
#ffe38c,#8a7a9a,#8a7a9a,#8a7a9a,#a79bb3,#baafb8,#baafb8,#0a0612,#a495a4,#a495a4,#a495a4,#8a7a9a,#a79bb3,#a79bb3,#a79bb3,#a79bb3,#8a7a9a,#8a7a9a,#8a7a9a,#8a7a9a,#120e1c,#fff3ce,#ffe9a7,#ffdf7e,#ffe9a7,#ffdf7e,#ffe9a7,#ffdf7e,#ffdf7e,#ffdf7e,#ffdf7e,#ffdf7e,#b19a5b,#b19a5b,#67583b,#f4f3e4,#120e1c,#baafb8,#a79bb3,#a79bb3,#8a7a9a,#8a7a9a,#8a7a9a,#8a7a9a,#a79bb3,#a79bb3,#a79bb3,#a79bb3,#8a7a9a,#8a7a9a,#8a7a9a,#8a7a9a,#a79bb3,#a79bb3,#a79bb3,#a79bb3,#8a7a9a,#a495a4,#a495a4,#a495a4,#baafb8,#baafb8,#baafb8,#8c7738
#ffe38c,#8a7a9a,#8a7a9a,#a495a4,#0a0612,#0a0612,#0a0612,#30513b,#0a0612,#0a0612,#0a0612,#8a7a9a,#a79bb3,#a79bb3,#a79bb3,#a79bb3,#8a7a9a,#8a7a9a,#8a7a9a,#120e1c,#fff3ce,#ffe9a7,#ffdf7e,#ffe9a7,#ffdf7e,#ffdf7e,#ffdf7e,#ffdf7e,#ffdf7e,#ffdf7e,#ffdf7e,#b19a5b,#ffdf7e,#b19a5b,#ffeba3,#120e1c,#baafb8,#baafb8,#baafb8,#a79bb3,#8a7a9a,#8a7a9a,#8a7a9a,#8a7a9a,#a79bb3,#a79bb3,#a79bb3,#a79bb3,#8a7a9a,#8a7a9a,#8a7a9a,#8a7a9a,#a79bb3,#a79bb3,#a79bb3,#a79bb3,#8a7a9a,#8a7a9a,#a495a4,#a495a4,#baafb8,#baafb8,#baafb8,#8c7738
#ffe38c,#a79bb3,#baafb8,#0a0612,#30513b,#30513b,#30513b,#8aff9a,#8aff9a,#30513b,#30513b,#0a0612,#8a7a9a,#8a7a9a,#8a7a9a,#8a7a9a,#a79bb3,#a79bb3,#a79bb3,#120e1c,#fff3ce,#ffe9a7,#ffe9a7,#ffdf7e,#ffe9a7,#ffdf7e,#ffdf7e,#ffdf7e,#ffdf7e,#ffdf7e,#b19a5b,#ffdf7e,#b19a5b,#b19a5b,#ffeba3,#120e1c,#a495a4,#a495a4,#a495a4,#a495a4,#a79bb3,#a79bb3,#a79bb3,#a79bb3,#8a7a9a,#8a7a9a,#8a7a9a,#8a7a9a,#a79bb3,#a79bb3,#a79bb3,#a79bb3,#8a7a9a,#8a7a9a,#8a7a9a,#8a7a9a,#a79bb3,#a79bb3,#a79bb3,#a79bb3,#a495a4,#a495a4,#a495a4,#8c7738
#ffe38c,#baafb8,#0a0612,#30513b,#30513b,#30513b,#30513b,#8aff9a,#8aff9a,#30513b,#30513b,#30513b,#0a0612,#8a7a9a,#8a7a9a,#8a7a9a,#a79bb3,#a79bb3,#a79bb3,#120e1c,#fff3ce,#ffe9a7,#ffdf7e,#ffdf7e,#ffdf7e,#ffdf7e,#ffdf7e,#ffdf7e,#ffdf7e,#b19a5b,#ffdf7e,#b19a5b,#b19a5b,#b19a5b,#ffeba3,#120e1c,#a495a4,#a495a4,#a495a4,#a495a4,#a79bb3,#a79bb3,#a79bb3,#a79bb3,#8a7a9a,#8a7a9a,#8a7a9a,#8a7a9a,#a79bb3,#a79bb3,#a79bb3,#a79bb3,#8a7a9a,#8a7a9a,#8a7a9a,#8a7a9a,#a79bb3,#a79bb3,#a79bb3,#a79bb3,#8a7a9a,#8a7a9a,#a495a4,#8c7738
#ffe38c,#baafb8,#0a0612,#30513b,#30513b,#30513b,#30513b,#8aff9a,#8aff9a,#30513b,#30513b,#30513b,#0a0612,#8a7a9a,#8a7a9a,#8a7a9a,#a79bb3,#a79bb3,#a79bb3,#120e1c,#fff3ce,#ffe9a7,#ffe9a7,#ffdf7e,#ffe9a7,#ffdf7e,#ffdf7e,#ffdf7e,#ffdf7e,#b19a5b,#b19a5b,#ffdf7e,#b19a5b,#67583b,#ffeba3,#120e1c,#a495a4,#a495a4,#a495a4,#a495a4,#baafb8,#a79bb3,#a79bb3,#a79bb3,#8a7a9a,#8a7a9a,#8a7a9a,#8a7a9a,#a79bb3,#a79bb3,#a79bb3,#a79bb3,#8a7a9a,#8a7a9a,#8a7a9a,#8a7a9a,#a79bb3,#a79bb3,#a79bb3,#a79bb3,#8a7a9a,#8a7a9a,#8a7a9a,#8c7738
#ffe38c,#baafb8,#0a0612,#30513b,#30513b,#30513b,#30513b,#8aff9a,#8aff9a,#30513b,#30513b,#30513b,#0a0612,#8a7a9a,#8a7a9a,#8a7a9a,#a79bb3,#a79bb3,#a79bb3,#120e1c,#ffeba3,#ffe9a7,#ffdf7e,#ffe9a7,#ffdf7e,#ffdf7e,#ffdf7e,#b19a5b,#ffdf7e,#b19a5b,#ffdf7e,#b19a5b,#b19a5b,#ffeba3,#120e1c,#a79bb3,#a495a4,#a495a4,#a495a4,#a495a4,#baafb8,#baafb8,#a79bb3,#a79bb3,#8a7a9a,#8a7a9a,#8a7a9a,#8a7a9a,#a79bb3,#a79bb3,#a79bb3,#a79bb3,#8a7a9a,#8a7a9a,#8a7a9a,#8a7a9a,#a79bb3,#a79bb3,#a79bb3,#a79bb3,#8a7a9a,#8a7a9a,#8a7a9a,#8c7738
#ffe38c,#0a0612,#30513b,#8aff9a,#8aff9a,#8aff9a,#8aff9a,#8aff9a,#8aff9a,#8aff9a,#8aff9a,#8aff9a,#8aff9a,#0a0612,#a79bb3,#a79bb3,#8a7a9a,#8a7a9a,#8a7a9a,#8a7a9a,#120e1c,#fff3ce,#ffe9a7,#ffdf7e,#b19a5b,#ffdf7e,#b19a5b,#ffdf7e,#b19a5b,#ffdf7e,#b19a5b,#b19a5b,#67583b,#ffeba3,#120e1c,#8a7a9a,#baafb8,#baafb8,#baafb8,#baafb8,#a495a4,#a495a4,#8a7a9a,#8a7a9a,#a79bb3,#a79bb3,#a79bb3,#a79bb3,#8a7a9a,#8a7a9a,#8a7a9a,#8a7a9a,#a79bb3,#a79bb3,#a79bb3,#a79bb3,#8a7a9a,#8a7a9a,#8a7a9a,#8a7a9a,#a79bb3,#a79bb3,#a79bb3,#8c7738
#ffe38c,#a495a4,#0a0612,#8aff9a,#8aff9a,#8aff9a,#8aff9a,#8aff9a,#8aff9a,#8aff9a,#8aff9a,#8aff9a,#8aff9a,#a79bb3,#a79bb3,#a79bb3,#8a7a9a,#8a7a9a,#8a7a9a,#8a7a9a,#120e1c,#ffeba3,#b19a5b,#b19a5b,#ffdf7e,#b19a5b,#ffdf7e,#b19a5b,#ffdf7e,#b19a5b,#b19a5b,#b19a5b,#ffeba3,#120e1c,#8a7a9a,#8a7a9a,#a79bb3,#baafb8,#baafb8,#baafb8,#a495a4,#a495a4,#a495a4,#8a7a9a,#a79bb3,#a79bb3,#a79bb3,#a79bb3,#8a7a9a,#8a7a9a,#8a7a9a,#8a7a9a,#a79bb3,#a79bb3,#a79bb3,#a79bb3,#8a7a9a,#8a7a9a,#8a7a9a,#8a7a9a,#a79bb3,#a79bb3,#a79bb3,#8c7738
#ffe38c,#a495a4,#0a0612,#30513b,#30513b,#30513b,#30513b,#8aff9a,#8aff9a,#30513b,#30513b,#30513b,#0a0612,#5c5562,#5c5562,#5c5562,#4c4355,#4c4355,#4c4355,#4c4355,#666065,#120e1c,#ffeba3,#b19a5b,#b19a5b,#b19a5b,#b19a5b,#b19a5b,#b19a5b,#b19a5b,#67583b,#ffeba3,#ffeba3,#120e1c,#4c4355,#4c4355,#5c5562,#666065,#666065,#666065,#5a525a,#5a525a,#5a525a,#4c4355,#a79bb3,#a79bb3,#a79bb3,#a79bb3,#8a7a9a,#8a7a9a,#8a7a9a,#8a7a9a,#a79bb3,#a79bb3,#a79bb3,#a79bb3,#8a7a9a,#8a7a9a,#8a7a9a,#8a7a9a,#a79bb3,#a79bb3,#a79bb3,#8c7738
#ffe38c,#a495a4,#0a0612,#30513b,#30513b,#30513b,#30513b,#8aff9a,#8aff9a,#30513b,#30513b,#30513b,#0a0612,#5c5562,#a79bb3,#5c5562,#8a7a9a,#4c4355,#8a7a9a,#4c4355,#baafb8,#666065,#120e1c,#ffeba3,#ffeba3,#b19a5b,#67583b,#ffeba3,#ffeba3,#ffeba3,#ffeba3,#120e1c,#120e1c,#4c4355,#8a7a9a,#4c4355,#a79bb3,#5c5562,#baafb8,#666065,#a495a4,#5a525a,#a495a4,#5a525a,#a79bb3,#5c5562,#a79bb3,#5c5562,#8a7a9a,#8a7a9a,#8a7a9a,#8a7a9a,#a79bb3,#a79bb3,#a79bb3,#a79bb3,#8a7a9a,#8a7a9a,#8a7a9a,#8a7a9a,#a79bb3,#a79bb3,#a79bb3,#8c7738
#ffe38c,#baafb8,#666065,#0a0612,#30513b,#30513b,#30513b,#8aff9a,#8aff9a,#30513b,#30513b,#0a0612,#4c4355,#4c4355,#4c4355,#4c4355,#5c5562,#5c5562,#5c5562,#666065,#5a525a,#5a525a,#5a525a,#120e1c,#120e1c,#ffeba3,#ffeba3,#120e1c,#120e1c,#120e1c,#120e1c,#4c4355,#5c5562,#5c5562,#5c5562,#5c5562,#4c4355,#4c4355,#5a525a,#5a525a,#666065,#666065,#666065,#666065,#5a525a,#4c4355,#4c4355,#4c4355,#5c5562,#5c5562,#a79bb3,#a79bb3,#8a7a9a,#8a7a9a,#8a7a9a,#8a7a9a,#a79bb3,#a79bb3,#a79bb3,#a79bb3,#8a7a9a,#8a7a9a,#8a7a9a,#8c7738
#ffe38c,#baafb8,#a79bb3,#a79bb3,#0a0612,#0a0612,#0a0612,#8aff9a,#8aff9a,#0a0612,#0a0612,#5c5562,#8a7a9a,#4c4355,#8a7a9a,#4c4355,#a79bb3,#5c5562,#a79bb3,#666065,#a495a4,#5a525a,#a495a4,#5a525a,#baafb8,#120e1c,#120e1c,#5c5562,#8a7a9a,#4c4355,#8a7a9a,#4c4355,#a79bb3,#5c5562,#a79bb3,#5c5562,#8a7a9a,#4c4355,#a495a4,#5a525a,#baafb8,#666065,#baafb8,#666065,#a495a4,#4c4355,#8a7a9a,#4c4355,#a79bb3,#a79bb3,#a79bb3,#a79bb3,#8a7a9a,#8a7a9a,#8a7a9a,#8a7a9a,#a79bb3,#a79bb3,#a79bb3,#a79bb3,#8a7a9a,#8a7a9a,#8a7a9a,#8c7738
#ffe38c,#baafb8,#a79bb3,#a79bb3,#8a7a9a,#8a7a9a,#8a7a9a,#0a0612,#5c5562,#5c5562,#5c5562,#5c5562,#4c4355,#4c4355,#4c4355,#4c4355,#5c5562,#5c5562,#5c5562,#666065,#5a525a,#5a525a,#5a525a,#5a525a,#666065,#5c5562,#5c5562,#5c5562,#4c4355,#4c4355,#4c4355,#4c4355,#5c5562,#5c5562,#5c5562,#5c5562,#4c4355,#4c4355,#4c4355,#5a525a,#666065,#666065,#666065,#666065,#a495a4,#a495a4,#8a7a9a,#8a7a9a,#a79bb3,#a79bb3,#a79bb3,#a79bb3,#8a7a9a,#8a7a9a,#8a7a9a,#8a7a9a,#a79bb3,#a79bb3,#a79bb3,#a79bb3,#8a7a9a,#8a7a9a,#8a7a9a,#8c7738
#ffe38c,#8c7738,#8c7738,#8c7738,#8c7738,#8c7738,#8c7738,#8c7738,#8c7738,#8c7738,#8c7738,#8c7738,#8c7738,#8c7738,#8c7738,#8c7738,#8c7738,#8c7738,#8c7738,#8c7738,#8c7738,#8c7738,#8c7738,#8c7738,#8c7738,#8c7738,#8c7738,#8c7738,#8c7738,#8c7738,#8c7738,#8c7738,#8c7738,#8c7738,#8c7738,#8c7738,#8c7738,#8c7738,#8c7738,#8c7738,#8c7738,#8c7738,#8c7738,#8c7738,#8c7738,#8c7738,#8c7738,#8c7738,#8c7738,#8c7738,#8c7738,#8c7738,#8c7738,#8c7738,#8c7738,#8c7738,#8c7738,#8c7738,#8c7738,#8c7738,#8c7738,#8c7738,#8c7738,#8c7738
