#bbbfce,#bbbfce,#bbbfce,#bbbfce,#bbbfce,#bbbfce,#bbbfce,#bbbfce,#bbbfce,#bbbfce,#bbbfce,#bbbfce,#bbbfce,#bbbfce,#bbbfce,#bbbfce,#bbbfce,#bbbfce,#bbbfce,#bbbfce,#bbbfce,#bbbfce,#bbbfce,#bbbfce,#bbbfce,#bbbfce,#bbbfce,#bbbfce,#bbbfce,#bbbfce,#bbbfce,#bbbfce,#bbbfce,#bbbfce,#bbbfce,#bbbfce,#bbbfce,#bbbfce,#bbbfce,#bbbfce,#bbbfce,#bbbfce,#bbbfce,#bbbfce,#bbbfce,#bbbfce,#bbbfce,#bbbfce,#bbbfce,#bbbfce,#bbbfce,#bbbfce,#bbbfce,#bbbfce,#bbbfce,#bbbfce,#bbbfce,#bbbfce,#bbbfce,#bbbfce,#bbbfce,#bbbfce,#bbbfce,#bbbfce
#bbbfce,#484c5c,#484c5c,#141620,#141620,#484c5c,#484c5c,#484c5c,#484c5c,#484c5c,#484c5c,#484c5c,#484c5c,#484c5c,#484c5c,#484c5c,#484c5c,#141620,#141620,#484c5c,#484c5c,#484c5c,#484c5c,#484c5c,#484c5c,#484c5c,#484c5c,#141620,#484c5c,#484c5c,#484c5c,#484c5c,#141620,#141620,#141620,#141620,#141620,#141620,#141620,#141620,#141620,#141620,#141620,#141620,#141620,#141620,#141620,#141620,#141620,#141620,#484c5c,#484c5c,#484c5c,#484c5c,#484c5c,#484c5c,#141620,#141620,#141620,#141620,#141620,#141620,#141620,#5a5e69
#bbbfce,#484c5c,#484c5c,#141620,#141620,#484c5c,#484c5c,#484c5c,#484c5c,#484c5c,#484c5c,#484c5c,#484c5c,#484c5c,#484c5c,#484c5c,#484c5c,#141620,#1b1d28,#484c5c,#484c5c,#484c5c,#484c5c,#484c5c,#484c5c,#484c5c,#1b1d28,#141620,#484c5c,#484c5c,#484c5c,#484c5c,#141620,#141620,#1b1d28,#141620,#141620,#141620,#1b1d28,#141620,#141620,#141620,#1b1d28,#141620,#141620,#141620,#1b1d28,#141620,#141620,#141620,#484c5c,#484c5c,#484c5c,#484c5c,#484c5c,#141620,#141620,#141620,#1b1d28,#141620,#141620,#141620,#1b1d28,#5a5e69
#bbbfce,#484c5c,#141620,#141620,#141620,#141620,#484c5c,#484c5c,#484c5c,#484c5c,#484c5c,#484c5c,#484c5c,#484c5c,#484c5c,#484c5c,#141620,#484c5c,#484c5c,#484c5c,#484c5c,#484c5c,#484c5c,#484c5c,#07080c,#07080c,#07080c,#07080c,#07080c,#07080c,#07080c,#07080c,#141620,#141620,#141620,#141620,#141620,#141620,#141620,#141620,#141620,#141620,#141620,#141620,#141620,#141620,#141620,#141620,#141620,#141620,#484c5c,#484c5c,#484c5c,#484c5c,#484c5c,#141620,#141620,#141620,#141620,#141620,#141620,#141620,#141620,#5a5e69
#bbbfce,#484c5c,#1b1d28,#141620,#1b1d28,#141620,#1b1d28,#484c5c,#484c5c,#484c5c,#484c5c,#484c5c,#484c5c,#484c5c,#484c5c,#141620,#1b1d28,#141620,#1b1d28,#141620,#484c5c,#484c5c,#484c5c,#07080c,#d4c4b6,#d4c4b6,#d4c4b6,#d4c4b6,#d4c4b6,#d4c4b6,#b1967c,#b7a497,#07080c,#07080c,#07080c,#07080c,#07080c,#07080c,#07080c,#07080c,#07080c,#141620,#1b1d28,#141620,#1b1d28,#141620,#1b1d28,#141620,#1b1d28,#141620,#1b1d28,#484c5c,#484c5c,#484c5c,#484c5c,#141620,#1b1d28,#141620,#1b1d28,#141620,#1b1d28,#141620,#1b1d28,#5a5e69
#bbbfce,#484c5c,#141620,#1b1d28,#141620,#1b1d28,#141620,#484c5c,#484c5c,#484c5c,#484c5c,#484c5c,#484c5c,#484c5c,#484c5c,#1b1d28,#141620,#1b1d28,#141620,#1b1d28,#484c5c,#484c5c,#484c5c,#07080c,#d4c4b6,#b1967c,#b1967c,#8d643e,#b1967c,#b1967c,#b1967c,#b1967c,#d4c4b6,#d4c4b6,#d4c4b6,#d4c4b6,#b1967c,#d4c4b6,#d4c4b6,#d4c4b6,#b7a497,#07080c,#141620,#1b1d28,#141620,#1b1d28,#141620,#1b1d28,#141620,#1b1d28,#141620,#484c5c,#484c5c,#484c5c,#484c5c,#1b1d28,#141620,#1b1d28,#141620,#1b1d28,#141620,#1b1d28,#141620,#5a5e69
#bbbfce,#484c5c,#1b1d28,#141620,#1b1d28,#141620,#1b1d28,#141620,#484c5c,#484c5c,#484c5c,#484c5c,#484c5c,#484c5c,#1b1d28,#141620,#1b1d28,#141620,#1b1d28,#141620,#484c5c,#484c5c,#484c5c,#07080c,#d4c4b6,#b1967c,#634630,#8d643e,#634630,#8d643e,#634630,#8d643e,#b1967c,#b1967c,#b1967c,#b1967c,#b1967c,#b1967c,#634630,#b7a497,#07080c,#141620,#1b1d28,#141620,#1b1d28,#141620,#1b1d28,#141620,#1b1d28,#141620,#1b1d28,#484c5c,#484c5c,#484c5c,#484c5c,#141620,#1b1d28,#141620,#1b1d28,#141620,#1b1d28,#141620,#1b1d28,#5a5e69
#bbbfce,#1b1d28,#141620,#1b1d28,#141620,#1b1d28,#141620,#1b1d28,#141620,#1b1d28,#484c5c,#484c5c,#484c5c,#484c5c,#141620,#1b1d28,#141620,#1b1d28,#141620,#1b1d28,#484c5c,#484c5c,#484c5c,#07080c,#d4c4b6,#b1967c,#8d643e,#634630,#634630,#634630,#8d643e,#634630,#8d643e,#634630,#8d643e,#3c2a23,#8d643e,#634630,#634630,#b7a497,#07080c,#1b1d28,#141620,#1b1d28,#141620,#1b1d28,#141620,#1b1d28,#141620,#1b1d28,#141620,#484c5c,#484c5c,#484c5c,#141620,#1b1d28,#141620,#1b1d28,#141620,#1b1d28,#141620,#1b1d28,#141620,#5a5e69
#bbbfce,#1b1d28,#1b1d28,#1b1d28,#1b1d28,#1b1d28,#1b1d28,#1b1d28,#1b1d28,#1b1d28,#484c5c,#484c5c,#484c5c,#484c5c,#1b1d28,#1b1d28,#1b1d28,#1b1d28,#1b1d28,#1b1d28,#1b1d28,#484c5c,#484c5c,#07080c,#d4c4b6,#634630,#634630,#634630,#634630,#634630,#634630,#8d643e,#634630,#8d643e,#634630,#8d643e,#634630,#8d643e,#634630,#b7a497,#07080c,#1b1d28,#1b1d28,#1b1d28,#1b1d28,#1b1d28,#1b1d28,#1b1d28,#1b1d28,#1b1d28,#1b1d28,#484c5c,#484c5c,#484c5c,#1b1d28,#1b1d28,#1b1d28,#1b1d28,#1b1d28,#1b1d28,#1b1d28,#1b1d28,#1b1d28,#5a5e69
#bbbfce,#1b1d28,#141620,#1b1d28,#141620,#1b1d28,#141620,#1b1d28,#141620,#1b1d28,#484c5c,#484c5c,#484c5c,#1b1d28,#141620,#1b1d28,#141620,#1b1d28,#141620,#1b1d28,#141620,#1b1d28,#484c5c,#07080c,#b7a497,#b7a497,#3c2a23,#3c2a23,#3c2a23,#3c2a23,#3c2a23,#634630,#634630,#634630,#3c2a23,#634630,#634630,#634630,#634630,#b7a497,#07080c,#1b1d28,#141620,#1b1d28,#141620,#1b1d28,#141620,#1b1d28,#141620,#1b1d28,#141620,#1b1d28,#484c5c,#484c5c,#141620,#1b1d28,#141620,#1b1d28,#141620,#1b1d28,#141620,#1b1d28,#141620,#5a5e69
#bbbfce,#1b1d28,#1b1d28,#1b1d28,#1b1d28,#1b1d28,#1b1d28,#1b1d28,#1b1d28,#1b1d28,#1b1d28,#484c5c,#484c5c,#1b1d28,#1b1d28,#1b1d28,#1b1d28,#1b1d28,#1b1d28,#1b1d28,#1b1d28,#1b1d28,#484c5c,#1b1d28,#07080c,#07080c,#deeef7,#c4e0f1,#c4e0f1,#c4e0f1,#c4e0f1,#b1967c,#3c2a23,#3c2a23,#3c2a23,#3c2a23,#3c2a23,#3c2a23,#b7a497,#b7a497,#07080c,#1b1d28,#1b1d28,#1b1d28,#1b1d28,#1b1d28,#1b1d28,#1b1d28,#1b1d28,#1b1d28,#1b1d28,#1b1d28,#484c5c,#484c5c,#1b1d28,#1b1d28,#1b1d28,#1b1d28,#1b1d28,#1b1d28,#1b1d28,#1b1d28,#1b1d28,#5a5e69
#bbbfce,#1b1d28,#1b1d28,#1b1d28,#141620,#1b1d28,#1b1d28,#1b1d28,#141620,#1b1d28,#1b1d28,#484c5c,#141620,#1b1d28,#1b1d28,#1b1d28,#141620,#1b1d28,#1b1d28,#1b1d28,#141620,#1b1d28,#484c5c,#1b1d28,#141620,#07080c,#deeef7,#c4e0f1,#c4e0f1,#c4e0f1,#c4e0f1,#c4e0f1,#c4e0f1,#c4e0f1,#c4e0f1,#c4e0f1,#c4e0f1,#c4dbed,#07080c,#07080c,#141620,#1b1d28,#1b1d28,#1b1d28,#141620,#1b1d28,#1b1d28,#1b1d28,#141620,#1b1d28,#1b1d28,#1b1d28,#484c5c,#1b1d28,#1b1d28,#1b1d28,#141620,#1b1d28,#1b1d28,#1b1d28,#141620,#1b1d28,#1b1d28,#5a5e69
#bbbfce,#1b1d28,#1b1d28,#1b1d28,#1b1d28,#1b1d28,#1b1d28,#1b1d28,#1b1d28,#1b1d28,#1b1d28,#1b1d28,#1b1d28,#1b1d28,#1b1d28,#1b1d28,#1b1d28,#1b1d28,#1b1d28,#1b1d28,#1b1d28,#1b1d28,#484c5c,#1b1d28,#5a5d68,#07080c,#deeef7,#c4e0f1,#c4e0f1,#deeef7,#c4e0f1,#c4e0f1,#deeef7,#c4e0f1,#c4e0f1,#c4e0f1,#7591a5,#c4dbed,#07080c,#1b1d28,#1b1d28,#1b1d28,#1b1d28,#1b1d28,#1b1d28,#1b1d28,#1b1d28,#1b1d28,#1b1d28,#1b1d28,#1b1d28,#1b1d28,#484c5c,#1b1d28,#1b1d28,#1b1d28,#1b1d28,#1b1d28,#1b1d28,#1b1d28,#1b1d28,#1b1d28,#1b1d28,#5a5e69
#bbbfce,#1b1d28,#1b1d28,#1b1d28,#1b1d28,#1b1d28,#1b1d28,#1b1d28,#1b1d28,#1b1d28,#1b1d28,#1b1d28,#1b1d28,#1b1d28,#1b1d28,#1b1d28,#1b1d28,#1b1d28,#1b1d28,#1b1d28,#1b1d28,#1b1d28,#1b1d28,#1b1d28,#1b1d28,#07080c,#deeef7,#c4e0f1,#a8d2ea,#c4e0f1,#a8d2ea,#a8d2ea,#a8d2ea,#7591a5,#a8d2ea,#7591a5,#7591a5,#c4dbed,#07080c,#1b1d28,#1b1d28,#1b1d28,#1b1d28,#1b1d28,#1b1d28,#1b1d28,#1b1d28,#1b1d28,#1b1d28,#1b1d28,#1b1d28,#1b1d28,#1b1d28,#1b1d28,#1b1d28,#1b1d28,#1b1d28,#1b1d28,#1b1d28,#1b1d28,#1b1d28,#1b1d28,#1b1d28,#5a5e69
#bbbfce,#1b1d28,#212430,#1b1d28,#1b1d28,#1b1d28,#212430,#1b1d28,#1b1d28,#1b1d28,#212430,#1b1d28,#1b1d28,#1b1d28,#212430,#1b1d28,#1b1d28,#1b1d28,#212430,#1b1d28,#1b1d28,#1b1d28,#5e616d,#1b1d28,#07080c,#deeef7,#c4e0f1,#c4e0f1,#c4e0f1,#a8d2ea,#a8d2ea,#a8d2ea,#c4e0f1,#a8d2ea,#7591a5,#7591a5,#7591a5,#c4dbed,#07080c,#1b1d28,#1b1d28,#1b1d28,#212430,#1b1d28,#1b1d28,#1b1d28,#212430,#1b1d28,#1b1d28,#1b1d28,#212430,#1b1d28,#1b1d28,#1b1d28,#212430,#1b1d28,#1b1d28,#1b1d28,#212430,#1b1d28,#1b1d28,#1b1d28,#212430,#5a5e69
#bbbfce,#1b1d28,#1b1d28,#1b1d28,#1b1d28,#1b1d28,#1b1d28,#1b1d28,#1b1d28,#1b1d28,#1b1d28,#1b1d28,#1b1d28,#1b1d28,#1b1d28,#1b1d28,#1b1d28,#1b1d28,#1b1d28,#1b1d28,#1b1d28,#1b1d28,#1b1d28,#1b1d28,#07080c,#deeef7,#c4e0f1,#c4e0f1,#a8d2ea,#a8d2ea,#a8d2ea,#a8d2ea,#a8d2ea,#7591a5,#a8d2ea,#7591a5,#deeef7,#c4dbed,#07080c,#1b1d28,#1b1d28,#1b1d28,#1b1d28,#1b1d28,#1b1d28,#1b1d28,#1b1d28,#1b1d28,#1b1d28,#1b1d28,#1b1d28,#1b1d28,#1b1d28,#1b1d28,#1b1d28,#1b1d28,#1b1d28,#1b1d28,#1b1d28,#1b1d28,#1b1d28,#1b1d28,#1b1d28,#5a5e69
#bbbfce,#1b1d28,#212430,#1b1d28,#212430,#1b1d28,#212430,#1b1d28,#212430,#1b1d28,#212430,#1b1d28,#212430,#484c5c,#484c5c,#1b1d28,#212430,#1b1d28,#212430,#1b1d28,#5e616d,#1b1d28,#5e616d,#1b1d28,#07080c,#deeef7,#c4e0f1,#a8d2ea,#c4e0f1,#a8d2ea,#a8d2ea,#a8d2ea,#a8d2ea,#a8d2ea,#7591a5,#7591a5,#c4dbed,#07080c,#5e616d,#1b1d28,#797d8b,#484c5c,#212430,#1b1d28,#212430,#1b1d28,#212430,#1b1d28,#212430,#1b1d28,#212430,#1b1d28,#212430,#1b1d28,#212430,#1b1d28,#212430,#1b1d28,#212430,#1b1d28,#212430,#484c5c,#484c5c,#5a5e69
#bbbfce,#212430,#1b1d28,#212430,#1b1d28,#212430,#1b1d28,#212430,#1b1d28,#212430,#1b1d28,#212430,#1b1d28,#212430,#1b1d28,#212430,#1b1d28,#212430,#1b1d28,#212430,#1b1d28,#212430,#1b1d28,#212430,#07080c,#deeef7,#c4e0f1,#a8d2ea,#a8d2ea,#deeef7,#a8d2ea,#a8d2ea,#a8d2ea,#7591a5,#a8d2ea,#7591a5,#c4dbed,#07080c,#1b1d28,#212430,#1b1d28,#212430,#1b1d28,#212430,#1b1d28,#212430,#1b1d28,#212430,#1b1d28,#212430,#1b1d28,#212430,#1b1d28,#212430,#1b1d28,#212430,#1b1d28,#212430,#1b1d28,#212430,#1b1d28,#212430,#1b1d28,#5a5e69
#bbbfce,#1b1d28,#212430,#1b1d28,#212430,#1b1d28,#212430,#1b1d28,#212430,#1b1d28,#212430,#1b1d28,#212430,#1b1d28,#212430,#1b1d28,#212430,#1b1d28,#5e616d,#1b1d28,#5e616d,#1b1d28,#5e616d,#1b1d28,#07080c,#deeef7,#c4e0f1,#a8d2ea,#c4e0f1,#a8d2ea,#a8d2ea,#a8d2ea,#a8d2ea,#a8d2ea,#7591a5,#7591a5,#c4dbed,#07080c,#5e616d,#1b1d28,#212430,#1b1d28,#212430,#1b1d28,#212430,#1b1d28,#212430,#1b1d28,#212430,#1b1d28,#212430,#1b1d28,#212430,#1b1d28,#212430,#1b1d28,#212430,#1b1d28,#212430,#1b1d28,#212430,#1b1d28,#212430,#5a5e69
#bbbfce,#212430,#1b1d28,#212430,#1b1d28,#212430,#1b1d28,#212430,#1b1d28,#212430,#1b1d28,#212430,#1b1d28,#212430,#1b1d28,#212430,#1b1d28,#212430,#1b1d28,#212430,#1b1d28,#212430,#1b1d28,#5e616d,#07080c,#deeef7,#c4e0f1,#c4e0f1,#a8d2ea,#a8d2ea,#a8d2ea,#a8d2ea,#a8d2ea,#7591a5,#a8d2ea,#7591a5,#c4dbed,#07080c,#1b1d28,#212430,#1b1d28,#212430,#1b1d28,#212430,#1b1d28,#212430,#1b1d28,#212430,#1b1d28,#212430,#1b1d28,#212430,#1b1d28,#212430,#1b1d28,#212430,#1b1d28,#212430,#1b1d28,#212430,#1b1d28,#212430,#1b1d28,#5a5e69
#bbbfce,#212430,#212430,#212430,#212430,#212430,#212430,#212430,#212430,#212430,#212430,#212430,#212430,#212430,#212430,#212430,#5e616d,#212430,#5e616d,#212430,#5e616d,#212430,#5e616d,#212430,#07080c,#deeef7,#c4e0f1,#a8d2ea,#c4e0f1,#a8d2ea,#a8d2ea,#a8d2ea,#a8d2ea,#a8d2ea,#7591a5,#7591a5,#c4dbed,#07080c,#797d8b,#212430,#5e616d,#212430,#5e616d,#212430,#5e616d,#212430,#212430,#212430,#212430,#212430,#212430,#212430,#212430,#212430,#212430,#212430,#212430,#212430,#212430,#212430,#212430,#212430,#212430,#5a5e69
#bbbfce,#212430,#1b1d28,#212430,#1b1d28,#212430,#1b1d28,#212430,#1b1d28,#212430,#1b1d28,#212430,#1b1d28,#212430,#1b1d28,#212430,#1b1d28,#212430,#1b1d28,#212430,#1b1d28,#5e616d,#1b1d28,#5e616d,#07080c,#deeef7,#c4e0f1,#a8d2ea,#a8d2ea,#a8d2ea,#a8d2ea,#a8d2ea,#a8d2ea,#7591a5,#a8d2ea,#7591a5,#c4dbed,#07080c,#1b1d28,#212430,#1b1d28,#212430,#1b1d28,#212430,#1b1d28,#212430,#1b1d28,#212430,#1b1d28,#212430,#1b1d28,#212430,#1b1d28,#212430,#1b1d28,#212430,#1b1d28,#212430,#1b1d28,#212430,#1b1d28,#212430,#1b1d28,#5a5e69
#bbbfce,#212430,#212430,#212430,#212430,#212430,#212430,#212430,#212430,#212430,#212430,#212430,#212430,#212430,#5e616d,#212430,#5e616d,#212430,#5e616d,#212430,#5e616d,#212430,#5e616d,#212430,#07080c,#deeef7,#deeef7,#a8d2ea,#c4e0f1,#a8d2ea,#a8d2ea,#a8d2ea,#a8d2ea,#a8d2ea,#7591a5,#7591a5,#c4dbed,#07080c,#5e616d,#212430,#5e616d,#212430,#5e616d,#212430,#212430,#212430,#212430,#212430,#212430,#212430,#212430,#212430,#212430,#212430,#212430,#212430,#212430,#212430,#212430,#212430,#212430,#212430,#212430,#5a5e69
#bbbfce,#212430,#212430,#212430,#1b1d28,#212430,#212430,#212430,#1b1d28,#212430,#212430,#212430,#1b1d28,#212430,#212430,#212430,#1b1d28,#212430,#212430,#5e616d,#1b1d28,#07080c,#07080c,#07080c,#deeef7,#c4e0f1,#c4e0f1,#c4e0f1,#deeef7,#a8d2ea,#a8d2ea,#a8d2ea,#a8d2ea,#7591a5,#a8d2ea,#7591a5,#c4dbed,#07080c,#212430,#5e616d,#1b1d28,#212430,#212430,#212430,#1b1d28,#212430,#212430,#212430,#1b1d28,#212430,#212430,#212430,#1b1d28,#212430,#212430,#212430,#1b1d28,#212430,#212430,#212430,#1b1d28,#212430,#212430,#5a5e69
#bbbfce,#212430,#212430,#212430,#212430,#212430,#212430,#212430,#212430,#212430,#212430,#212430,#5e616d,#212430,#5e616d,#212430,#5e616d,#212430,#5e616d,#212430,#07080c,#deeef7,#deeef7,#deeef7,#c4e0f1,#c4e0f1,#c4e0f1,#a8d2ea,#c4e0f1,#a8d2ea,#a8d2ea,#a8d2ea,#a8d2ea,#a8d2ea,#7591a5,#a8d2ea,#7591a5,#c4dbed,#07080c,#212430,#5e616d,#212430,#5e616d,#212430,#5e616d,#212430,#212430,#212430,#212430,#212430,#212430,#212430,#212430,#212430,#212430,#212430,#212430,#212430,#212430,#212430,#212430,#212430,#212430,#5a5e69
#bbbfce,#212430,#212430,#212430,#212430,#212430,#212430,#212430,#212430,#212430,#212430,#212430,#212430,#212430,#212430,#212430,#212430,#5e616d,#212430,#07080c,#deeef7,#c4e0f1,#c4e0f1,#c4e0f1,#c4e0f1,#c4e0f1,#a8d2ea,#a8d2ea,#a8d2ea,#a8d2ea,#a8d2ea,#a8d2ea,#a8d2ea,#a8d2ea,#a8d2ea,#7591a5,#a8d2ea,#7591a5,#c4dbed,#07080c,#212430,#5e616d,#212430,#212430,#212430,#484c5c,#484c5c,#212430,#212430,#212430,#212430,#212430,#212430,#212430,#212430,#212430,#212430,#212430,#212430,#484c5c,#484c5c,#212430,#212430,#5a5e69
#bbbfce,#212430,#282b38,#212430,#212430,#212430,#282b38,#212430,#212430,#212430,#282b38,#212430,#212430,#212430,#636673,#212430,#5e616d,#07080c,#07080c,#deeef7,#c4e0f1,#c4e0f1,#deeef7,#a8d2ea,#c4e0f1,#a8d2ea,#c4e0f1,#a8d2ea,#c4e0f1,#a8d2ea,#deeef7,#a8d2ea,#a8d2ea,#a8d2ea,#deeef7,#a8d2ea,#7591a5,#7591a5,#c4dbed,#07080c,#5e616d,#212430,#636673,#212430,#212430,#212430,#282b38,#212430,#212430,#212430,#282b38,#212430,#212430,#212430,#282b38,#212430,#212430,#484c5c,#484c5c,#212430,#212430,#212430,#282b38,#5a5e69
#bbbfce,#212430,#212430,#212430,#212430,#212430,#212430,#212430,#212430,#212430,#212430,#212430,#212430,#212430,#212430,#212430,#07080c,#deeef7,#deeef7,#c4e0f1,#c4e0f1,#c4e0f1,#a8d2ea,#c4e0f1,#a8d2ea,#a8d2ea,#a8d2ea,#c4e0f1,#a8d2ea,#a8d2ea,#a8d2ea,#a8d2ea,#a8d2ea,#deeef7,#a8d2ea,#a8d2ea,#a8d2ea,#7591a5,#7591a5,#c4dbed,#07080c,#212430,#212430,#212430,#212430,#212430,#212430,#212430,#212430,#212430,#212430,#212430,#212430,#212430,#212430,#212430,#212430,#212430,#212430,#212430,#212430,#212430,#212430,#5a5e69
#bbbfce,#212430,#282b38,#212430,#282b38,#212430,#282b38,#212430,#282b38,#212430,#282b38,#212430,#636673,#212430,#636673,#07080c,#deeef7,#c4e0f1,#c4e0f1,#c4e0f1,#c4e0f1,#a8d2ea,#7591a5,#a8d2ea,#c4e0f1,#a8d2ea,#7591a5,#a8d2ea,#a8d2ea,#a8d2ea,#deeef7,#a8d2ea,#a8d2ea,#a8d2ea,#a8d2ea,#a8d2ea,#a8d2ea,#a8d2ea,#7591a5,#7591a5,#c4dbed,#07080c,#636673,#212430,#636673,#212430,#282b38,#212430,#282b38,#212430,#282b38,#484c5c,#484c5c,#212430,#282b38,#212430,#282b38,#212430,#282b38,#212430,#282b38,#212430,#282b38,#5a5e69
#bbbfce,#282b38,#212430,#282b38,#212430,#282b38,#212430,#282b38,#212430,#282b38,#212430,#282b38,#212430,#282b38,#212430,#07080c,#deeef7,#c4e0f1,#c4e0f1,#a8d2ea,#a8d2ea,#7591a5,#a8d2ea,#7591a5,#a8d2ea,#7591a5,#a8d2ea,#7591a5,#a8d2ea,#7591a5,#a8d2ea,#7591a5,#a8d2ea,#7591a5,#a8d2ea,#a8d2ea,#a8d2ea,#a8d2ea,#a8d2ea,#7591a5,#7591a5,#c4dbed,#07080c,#282b38,#212430,#282b38,#212430,#282b38,#212430,#282b38,#212430,#282b38,#212430,#282b38,#212430,#282b38,#212430,#282b38,#212430,#282b38,#212430,#282b38,#212430,#5a5e69
#bbbfce,#212430,#282b38,#212430,#282b38,#212430,#282b38,#212430,#282b38,#212430,#282b38,#212430,#282b38,#212430,#07080c,#deeef7,#c4e0f1,#c4e0f1,#7591a5,#a8d2ea,#7591a5,#a8d2ea,#7591a5,#a8d2ea,#7591a5,#a8d2ea,#7591a5,#a8d2ea,#7591a5,#a8d2ea,#7591a5,#a8d2ea,#7591a5,#a8d2ea,#7591a5,#a8d2ea,#a8d2ea,#a8d2ea,#a8d2ea,#a8d2ea,#7591a5,#7591a5,#c4dbed,#07080c,#282b38,#212430,#282b38,#212430,#282b38,#212430,#282b38,#212430,#282b38,#212430,#282b38,#212430,#282b38,#212430,#282b38,#212430,#282b38,#212430,#282b38,#5a5e69
#bbbfce,#282b38,#484c5c,#484c5c,#212430,#282b38,#212430,#282b38,#212430,#282b38,#212430,#282b38,#212430,#282b38,#07080c,#deeef7,#c4e0f1,#c4e0f1,#deeef7,#7591a5,#a8d2ea,#7591a5,#7591a5,#7591a5,#7591a5,#465464,#465464,#7591a5,#7591a5,#7591a5,#7591a5,#7591a5,#7591a5,#7591a5,#a8d2ea,#7591a5,#a8d2ea,#a8d2ea,#a8d2ea,#a8d2ea,#a8d2ea,#7591a5,#7591a5,#c4dbed,#07080c,#282b38,#212430,#282b38,#212430,#282b38,#212430,#282b38,#212430,#282b38,#212430,#282b38,#212430,#282b38,#212430,#282b38,#212430,#282b38,#212430,#5a5e69
#bbbfce,#282b38,#282b38,#282b38,#282b38,#282b38,#282b38,#282b38,#282b38,#282b38,#282b38,#282b38,#636673,#07080c,#deeef7,#c4e0f1,#c4e0f1,#a8d2ea,#7591a5,#7591a5,#7591a5,#7591a5,#7591a5,#465464,#465464,#465464,#c3c4cf,#c4e0f1,#465464,#465464,#465464,#465464,#465464,#465464,#7591a5,#7591a5,#7591a5,#a8d2ea,#a8d2ea,#a8d2ea,#7591a5,#deeef7,#7591a5,#c4dbed,#07080c,#282b38,#282b38,#282b38,#282b38,#282b38,#282b38,#282b38,#282b38,#282b38,#282b38,#282b38,#282b38,#282b38,#282b38,#282b38,#282b38,#282b38,#282b38,#5a5e69
#bbbfce,#282b38,#212430,#282b38,#212430,#282b38,#212430,#282b38,#212430,#282b38,#484c5c,#484c5c,#07080c,#deeef7,#c4e0f1,#c4e0f1,#c4e0f1,#7591a5,#7591a5,#7591a5,#465464,#465464,#deeef7,#465464,#c3c4cf,#c3c4cf,#c3c4cf,#c3c4cf,#c3c4cf,#c3c4cf,#c3c4cf,#c3c4cf,#c3c4cf,#c3c4cf,#c4e0f1,#465464,#7591a5,#7591a5,#a8d2ea,#a8d2ea,#a8d2ea,#7591a5,#a8d2ea,#7591a5,#c4dbed,#07080c,#212430,#282b38,#212430,#282b38,#212430,#282b38,#212430,#282b38,#212430,#282b38,#212430,#282b38,#212430,#282b38,#212430,#282b38,#212430,#5a5e69
#bbbfce,#282b38,#282b38,#282b38,#282b38,#282b38,#282b38,#282b38,#282b38,#282b38,#282b38,#282b38,#07080c,#deeef7,#c4e0f1,#c4e0f1,#7591a5,#7591a5,#7591a5,#465464,#465464,#c3c4cf,#c3c4cf,#c3c4cf,#c3c4cf,#c3c4cf,#c3c4cf,#c3c4cf,#c3c4cf,#c3c4cf,#a7a8b8,#c3c4cf,#c3c4cf,#c3c4cf,#a7a8b8,#c3c4cf,#c4e0f1,#c4e0f1,#7591a5,#a8d2ea,#deeef7,#a8d2ea,#7591a5,#deeef7,#c4dbed,#07080c,#282b38,#282b38,#282b38,#282b38,#282b38,#282b38,#282b38,#282b38,#282b38,#282b38,#282b38,#282b38,#282b38,#282b38,#282b38,#282b38,#282b38,#5a5e69
#bbbfce,#282b38,#282b38,#282b38,#212430,#282b38,#282b38,#282b38,#212430,#282b38,#282b38,#282b38,#07080c,#deeef7,#c4e0f1,#7591a5,#7591a5,#7591a5,#465464,#465464,#c3c4cf,#c3c4cf,#c3c4cf,#c3c4cf,#c3c4cf,#c3c4cf,#a7a8b8,#c3c4cf,#a7a8b8,#a7a8b8,#a7a8b8,#757483,#757483,#757483,#757483,#757483,#c3c4cf,#c4e0f1,#c4e0f1,#7591a5,#a8d2ea,#7591a5,#a8d2ea,#7591a5,#c4dbed,#07080c,#282b38,#282b38,#212430,#282b38,#282b38,#484c5c,#484c5c,#282b38,#282b38,#282b38,#212430,#282b38,#282b38,#282b38,#212430,#282b38,#282b38,#5a5e69
#bbbfce,#282b38,#282b38,#282b38,#282b38,#282b38,#282b38,#282b38,#282b38,#282b38,#282b38,#282b38,#07080c,#deeef7,#c4e0f1,#a8d2ea,#7591a5,#465464,#465464,#c3c4cf,#c3c4cf,#c3c4cf,#c3c4cf,#a7a8b8,#c3c4cf,#a7a8b8,#c3c4cf,#a7a8b8,#c3c4cf,#a7a8b8,#c3c4cf,#757483,#464451,#464451,#464451,#757483,#464451,#c4e0f1,#7591a5,#a8d2ea,#c4e0f1,#a8d2ea,#7591a5,#7591a5,#7591a5,#c4dbed,#07080c,#282b38,#282b38,#282b38,#282b38,#282b38,#282b38,#282b38,#282b38,#282b38,#282b38,#282b38,#282b38,#282b38,#282b38,#282b38,#282b38,#5a5e69
#bbbfce,#282b38,#282b38,#282b38,#282b38,#282b38,#282b38,#282b38,#282b38,#282b38,#282b38,#282b38,#07080c,#deeef7,#c4e0f1,#7591a5,#7591a5,#465464,#c3c4cf,#c3c4cf,#c3c4cf,#c3c4cf,#a7a8b8,#a7a8b8,#a7a8b8,#c3c4cf,#a7a8b8,#a7a8b8,#a7a8b8,#757483,#a7a8b8,#757483,#464451,#ffffff,#ffffff,#c3c4cf,#757483,#c3c4cf,#c4e0f1,#7591a5,#a8d2ea,#7591a5,#a8d2ea,#7591a5,#465464,#c4dbed,#07080c,#282b38,#282b38,#282b38,#282b38,#282b38,#282b38,#282b38,#282b38,#282b38,#282b38,#282b38,#282b38,#282b38,#282b38,#282b38,#282b38,#5a5e69
#bbbfce,#282b38,#2e3240,#282b38,#282b38,#282b38,#2e3240,#282b38,#282b38,#282b38,#2e3240,#282b38,#07080c,#deeef7,#c4e0f1,#7591a5,#465464,#465464,#c3c4cf,#c3c4cf,#c3c4cf,#a7a8b8,#c3c4cf,#a7a8b8,#c3c4cf,#a7a8b8,#a7a8b8,#a7a8b8,#a7a8b8,#a7a8b8,#757483,#757483,#464451,#ffffff,#ffffff,#c3c4cf,#c3c4cf,#464451,#c3c4cf,#c4e0f1,#c4e0f1,#a8d2ea,#7591a5,#7591a5,#c4dbed,#07080c,#2e3240,#282b38,#282b38,#282b38,#2e3240,#282b38,#282b38,#282b38,#2e3240,#282b38,#282b38,#282b38,#484c5c,#484c5c,#282b38,#282b38,#2e3240,#5a5e69
#bbbfce,#282b38,#282b38,#282b38,#282b38,#282b38,#282b38,#282b38,#282b38,#282b38,#282b38,#282b38,#07080c,#deeef7,#c4e0f1,#7591a5,#465464,#c3c4cf,#c3c4cf,#c3c4cf,#a7a8b8,#a7a8b8,#a7a8b8,#c3c4cf,#a7a8b8,#a7a8b8,#a7a8b8,#a7a8b8,#a7a8b8,#a7a8b8,#a7a8b8,#a7a8b8,#a7a8b8,#c3c4cf,#c3c4cf,#a7a8b8,#c3c4cf,#757483,#757483,#c3c4cf,#c4e0f1,#c4e0f1,#a8d2ea,#7591a5,#c4dbed,#07080c,#282b38,#282b38,#282b38,#282b38,#282b38,#282b38,#282b38,#282b38,#282b38,#282b38,#282b38,#282b38,#282b38,#282b38,#282b38,#282b38,#282b38,#5a5e69
#bbbfce,#282b38,#2e3240,#282b38,#2e3240,#282b38,#2e3240,#282b38,#2e3240,#282b38,#2e3240,#282b38,#07080c,#c4dbed,#c4e0f1,#7591a5,#465464,#c3c4cf,#c3c4cf,#c3c4cf,#757483,#a7a8b8,#757483,#a7a8b8,#757483,#a7a8b8,#a7a8b8,#a7a8b8,#a7a8b8,#a7a8b8,#a7a8b8,#a7a8b8,#a7a8b8,#a7a8b8,#c3c4cf,#c3c4cf,#c3c4cf,#a7a8b8,#757483,#464451,#c4e0f1,#c4e0f1,#7591a5,#7591a5,#c4dbed,#07080c,#2e3240,#282b38,#2e3240,#282b38,#2e3240,#282b38,#2e3240,#282b38,#2e3240,#282b38,#2e3240,#282b38,#2e3240,#282b38,#2e3240,#282b38,#2e3240,#5a5e69
#bbbfce,#2e3240,#282b38,#2e3240,#282b38,#2e3240,#282b38,#2e3240,#282b38,#2e3240,#282b38,#2e3240,#282b38,#07080c,#deeef7,#7591a5,#465464,#c3c4cf,#c3c4cf,#757483,#a7a8b8,#757483,#a7a8b8,#757483,#a7a8b8,#a7a8b8,#a7a8b8,#a7a8b8,#a7a8b8,#a7a8b8,#a7a8b8,#a7a8b8,#a7a8b8,#c3c4cf,#a7a8b8,#a7a8b8,#a7a8b8,#464451,#a7a8b8,#757483,#c3c4cf,#c4e0f1,#c4e0f1,#7591a5,#c4dbed,#07080c,#282b38,#2e3240,#282b38,#2e3240,#282b38,#2e3240,#282b38,#2e3240,#282b38,#2e3240,#282b38,#2e3240,#282b38,#2e3240,#282b38,#2e3240,#282b38,#5a5e69
#bbbfce,#282b38,#2e3240,#282b38,#2e3240,#282b38,#2e3240,#282b38,#2e3240,#282b38,#2e3240,#282b38,#2e3240,#07080c,#deeef7,#465464,#465464,#c3c4cf,#c3c4cf,#a7a8b8,#757483,#757483,#757483,#757483,#757483,#a7a8b8,#757483,#a7a8b8,#a7a8b8,#a7a8b8,#a7a8b8,#a7a8b8,#757483,#a7a8b8,#c3c4cf,#a7a8b8,#a7a8b8,#757483,#757483,#757483,#464451,#c4e0f1,#7591a5,#7591a5,#c4dbed,#07080c,#2e3240,#282b38,#2e3240,#282b38,#2e3240,#282b38,#2e3240,#282b38,#2e3240,#282b38,#2e3240,#282b38,#2e3240,#282b38,#2e3240,#282b38,#2e3240,#5a5e69
#bbbfce,#2e3240,#282b38,#2e3240,#282b38,#2e3240,#282b38,#2e3240,#282b38,#2e3240,#282b38,#2e3240,#07080c,#c4dbed,#c4e0f1,#465464,#c3c4cf,#c3c4cf,#c3c4cf,#c3c4cf,#757483,#464451,#464451,#464451,#464451,#a7a8b8,#a7a8b8,#a7a8b8,#a7a8b8,#a7a8b8,#a7a8b8,#a7a8b8,#a7a8b8,#a7a8b8,#a7a8b8,#757483,#a7a8b8,#757483,#a7a8b8,#757483,#464451,#c4e0f1,#7591a5,#deeef7,#c4dbed,#07080c,#282b38,#2e3240,#282b38,#2e3240,#282b38,#2e3240,#282b38,#484c5c,#484c5c,#2e3240,#282b38,#2e3240,#282b38,#2e3240,#282b38,#2e3240,#282b38,#5a5e69
#bbbfce,#2e3240,#2e3240,#2e3240,#2e3240,#2e3240,#2e3240,#2e3240,#2e3240,#2e3240,#2e3240,#2e3240,#2e3240,#07080c,#deeef7,#465464,#c3c4cf,#c3c4cf,#a7a8b8,#a7a8b8,#757483,#464451,#e0e4f0,#e0e4f0,#e0e4f0,#c3c4cf,#c3c4cf,#a7a8b8,#c3c4cf,#a7a8b8,#a7a8b8,#a7a8b8,#a7a8b8,#a7a8b8,#a7a8b8,#a7a8b8,#757483,#a7a8b8,#757483,#757483,#464451,#c4e0f1,#7591a5,#c4dbed,#07080c,#2e3240,#2e3240,#2e3240,#2e3240,#2e3240,#2e3240,#2e3240,#2e3240,#2e3240,#2e3240,#2e3240,#2e3240,#2e3240,#2e3240,#2e3240,#2e3240,#2e3240,#2e3240,#5a5e69
#bbbfce,#2e3240,#282b38,#2e3240,#282b38,#2e3240,#282b38,#2e3240,#282b38,#2e3240,#282b38,#2e3240,#282b38,#07080c,#c4dbed,#7591a5,#c4e0f1,#c3c4cf,#c3c4cf,#757483,#757483,#464451,#e0e4f0,#e0e4f0,#c3c4cf,#c3c4cf,#a7a8b8,#a7a8b8,#a7a8b8,#757483,#a7a8b8,#a7a8b8,#a7a8b8,#a7a8b8,#a7a8b8,#757483,#a7a8b8,#757483,#757483,#757483,#464451,#c4e0f1,#7591a5,#c4dbed,#07080c,#2e3240,#282b38,#2e3240,#282b38,#2e3240,#282b38,#2e3240,#282b38,#2e3240,#282b38,#2e3240,#282b38,#2e3240,#282b38,#2e3240,#282b38,#2e3240,#282b38,#5a5e69
#bbbfce,#2e3240,#2e3240,#2e3240,#2e3240,#2e3240,#2e3240,#2e3240,#484c5c,#484c5c,#2e3240,#484c5c,#484c5c,#2e3240,#07080c,#deeef7,#465464,#c3c4cf,#757483,#a7a8b8,#757483,#a7a8b8,#c3c4cf,#c3c4cf,#c3c4cf,#c3c4cf,#c3c4cf,#a7a8b8,#757483,#a7a8b8,#a7a8b8,#a7a8b8,#757483,#a7a8b8,#757483,#a7a8b8,#757483,#757483,#464451,#464451,#464451,#c4e0f1,#deeef7,#c4dbed,#07080c,#2e3240,#2e3240,#2e3240,#2e3240,#2e3240,#2e3240,#2e3240,#2e3240,#2e3240,#2e3240,#2e3240,#2e3240,#2e3240,#2e3240,#2e3240,#2e3240,#2e3240,#2e3240,#5a5e69
#bbbfce,#2e3240,#2e3240,#2e3240,#282b38,#2e3240,#2e3240,#2e3240,#282b38,#2e3240,#2e3240,#2e3240,#282b38,#2e3240,#07080c,#c4dbed,#7591a5,#c4e0f1,#c3c4cf,#757483,#757483,#757483,#c3c4cf,#c3c4cf,#c3c4cf,#c3c4cf,#757483,#757483,#757483,#757483,#a7a8b8,#a7a8b8,#a7a8b8,#757483,#a7a8b8,#757483,#757483,#757483,#464451,#c4e0f1,#c4e0f1,#c4e0f1,#c4dbed,#07080c,#282b38,#2e3240,#2e3240,#2e3240,#282b38,#2e3240,#2e3240,#2e3240,#282b38,#2e3240,#2e3240,#2e3240,#282b38,#2e3240,#2e3240,#2e3240,#282b38,#2e3240,#2e3240,#5a5e69
#bbbfce,#4a4c58,#3a3c46,#3a3c46,#3a3c46,#3a3c46,#3a3c46,#3a3c46,#3a3c46,#5a5c68,#3a3c46,#3a3c46,#3a3c46,#5a5c68,#5a5c68,#07080c,#c4dbed,#7591a5,#c4e0f1,#c3c4cf,#757483,#757483,#757483,#a7a8b8,#c3c4cf,#a7a8b8,#757483,#464451,#464451,#464451,#757483,#a7a8b8,#757483,#a7a8b8,#757483,#757483,#757483,#464451,#464451,#c4e0f1,#465464,#c4dbed,#07080c,#3a3c46,#3a3c46,#3a3c46,#3a3c46,#3a3c46,#3a3c46,#3a3c46,#3a3c46,#3a3c46,#3a3c46,#4a4c58,#3a3c46,#3a3c46,#3a3c46,#3a3c46,#3a3c46,#3a3c46,#3a3c46,#3a3c46,#5a5c68,#5a5e69
#bbbfce,#3a3c46,#3a3c46,#3a3c46,#4a4c58,#3a3c46,#3a3c46,#3a3c46,#3a3c46,#3a3c46,#5a5c68,#3a3c46,#3a3c46,#5a5c68,#3a3c46,#3a3c46,#07080c,#c4dbed,#7591a5,#deeef7,#c3c4cf,#464451,#757483,#757483,#a7a8b8,#757483,#757483,#464451,#e0e4f0,#e0e4f0,#c3c4cf,#c3c4cf,#757483,#757483,#757483,#757483,#464451,#464451,#c4e0f1,#c4e0f1,#c4dbed,#07080c,#5a5c68,#4a4c58,#3a3c46,#3a3c46,#3a3c46,#3a3c46,#3a3c46,#3a3c46,#3a3c46,#3a3c46,#3a3c46,#3a3c46,#3a3c46,#3a3c46,#5a5c68,#3a3c46,#3a3c46,#3a3c46,#3a3c46,#3a3c46,#3a3c46,#5a5e69
#bbbfce,#3a3c46,#3a3c46,#5a5c68,#3a3c46,#3a3c46,#3a3c46,#4a4c58,#3a3c46,#3a3c46,#3a3c46,#3a3c46,#3a3c46,#3a3c46,#3a3c46,#3a3c46,#3a3c46,#07080c,#c4dbed,#7591a5,#c4e0f1,#c4e0f1,#c3c4cf,#464451,#757483,#a7a8b8,#757483,#464451,#e0e4f0,#e0e4f0,#c3c4cf,#757483,#757483,#464451,#464451,#464451,#464451,#c4e0f1,#c4e0f1,#c4dbed,#07080c,#3a3c46,#3a3c46,#3a3c46,#3a3c46,#3a3c46,#4a4c58,#5a5c68,#5a5c68,#3a3c46,#5a5c68,#3a3c46,#3a3c46,#3a3c46,#3a3c46,#3a3c46,#3a3c46,#3a3c46,#3a3c46,#4a4c58,#3a3c46,#5a5c68,#5a5c68,#5a5e69
#bbbfce,#3a3c46,#3a3c46,#3a3c46,#3a3c46,#5a5c68,#3a3c46,#3a3c46,#3a3c46,#3a3c46,#4a4c58,#5a5c68,#3a3c46,#3a3c46,#3a3c46,#3a3c46,#3a3c46,#3a3c46,#07080c,#c4dbed,#c4dbed,#7591a5,#c4e0f1,#c4e0f1,#c3c4cf,#757483,#757483,#757483,#c3c4cf,#c3c4cf,#c3c4cf,#464451,#464451,#464451,#c4e0f1,#c3c4cf,#c4e0f1,#c4e0f1,#c4dbed,#07080c,#3a3c46,#3a3c46,#3a3c46,#3a3c46,#3a3c46,#5a5c68,#3a3c46,#5a5c68,#3a3c46,#4a4c58,#3a3c46,#3a3c46,#3a3c46,#3a3c46,#5a5c68,#5a5c68,#3a3c46,#3a3c46,#3a3c46,#3a3c46,#3a3c46,#3a3c46,#4a4c58,#5a5e69
#bbbfce,#3a3c46,#3a3c46,#3a3c46,#3a3c46,#3a3c46,#3a3c46,#3a3c46,#3a3c46,#3a3c46,#3a3c46,#3a3c46,#3a3c46,#4a4c58,#3a3c46,#3a3c46,#3a3c46,#3a3c46,#202127,#07080c,#07080c,#c4dbed,#c4dbed,#c4dbed,#c3c4cf,#464451,#464451,#464451,#464451,#464451,#464451,#464451,#c4e0f1,#c4e0f1,#c4e0f1,#c4e0f1,#c4e0f1,#c4dbed,#07080c,#292a30,#202127,#3a3c46,#3a3c46,#5a5c68,#3a3c46,#3a3c46,#3a3c46,#3a3c46,#3a3c46,#3a3c46,#3a3c46,#3a3c46,#4a4c58,#3a3c46,#3a3c46,#3a3c46,#3a3c46,#3a3c46,#3a3c46,#5a5c68,#3a3c46,#3a3c46,#3a3c46,#5a5e69
#bbbfce,#3a3c46,#3a3c46,#4a4c58,#3a3c46,#3a3c46,#3a3c46,#3a3c46,#3a3c46,#3a3c46,#3a3c46,#3a3c46,#3a3c46,#3a3c46,#3a3c46,#202127,#5a5c68,#202127,#3a3c46,#202127,#3a3c46,#07080c,#07080c,#07080c,#deeef7,#c4e0f1,#c4e0f1,#c4e0f1,#c4e0f1,#c4e0f1,#c4e0f1,#c4e0f1,#c4dbed,#c4dbed,#465464,#c4dbed,#c4dbed,#07080c,#3a3c46,#202127,#3a3c46,#202127,#4a4c58,#202127,#3a3c46,#3a3c46,#3a3c46,#3a3c46,#3a3c46,#3a3c46,#5a5c68,#3a3c46,#3a3c46,#3a3c46,#3a3c46,#4a4c58,#3a3c46,#3a3c46,#3a3c46,#3a3c46,#3a3c46,#3a3c46,#3a3c46,#5a5e69
#bbbfce,#3a3c46,#3a3c46,#3a3c46,#3a3c46,#3a3c46,#4a4c58,#3a3c46,#3a3c46,#3a3c46,#3a3c46,#3a3c46,#3a3c46,#3a3c46,#202127,#202127,#202127,#202127,#202127,#292a30,#202127,#202127,#202127,#07080c,#c4dbed,#c4dbed,#c4dbed,#c4dbed,#c4dbed,#c4dbed,#c4dbed,#c4dbed,#07080c,#07080c,#c4dbed,#07080c,#07080c,#202127,#202127,#202127,#202127,#202127,#202127,#202127,#323339,#5a5c68,#3a3c46,#3a3c46,#3a3c46,#3a3c46,#3a3c46,#3a3c46,#3a3c46,#3a3c46,#3a3c46,#3a3c46,#3a3c46,#3a3c46,#5a5c68,#3a3c46,#3a3c46,#3a3c46,#3a3c46,#5a5e69
#bbbfce,#3a3c46,#3a3c46,#5a5c68,#3a3c46,#3a3c46,#3a3c46,#3a3c46,#3a3c46,#4a4c58,#3a3c46,#3a3c46,#3a3c46,#5a5c68,#3a3c46,#202127,#3a3c46,#202127,#3a3c46,#323339,#3a3c46,#202127,#4a4c58,#202127,#07080c,#07080c,#07080c,#07080c,#07080c,#07080c,#07080c,#07080c,#3a3c46,#202127,#07080c,#292a30,#3a3c46,#202127,#3a3c46,#202127,#3a3c46,#202127,#3a3c46,#202127,#3a3c46,#3a3c46,#3a3c46,#3a3c46,#5a5c68,#3a3c46,#3a3c46,#3a3c46,#5a5c68,#3a3c46,#3a3c46,#3a3c46,#3a3c46,#5a5c68,#3a3c46,#3a3c46,#3a3c46,#4a4c58,#3a3c46,#5a5e69
#bbbfce,#3a3c46,#3a3c46,#3a3c46,#3a3c46,#3a3c46,#5a5c68,#3a3c46,#3a3c46,#3a3c46,#3a3c46,#3a3c46,#4a4c58,#3a3c46,#3a3c46,#5a5c68,#3a3c46,#3a3c46,#202127,#202127,#202127,#202127,#202127,#202127,#202127,#292a30,#202127,#202127,#202127,#202127,#202127,#202127,#202127,#202127,#323339,#202127,#202127,#323339,#292a30,#202127,#202127,#5a5c68,#3a3c46,#3a3c46,#3a3c46,#3a3c46,#3a3c46,#3a3c46,#3a3c46,#3a3c46,#3a3c46,#4a4c58,#3a3c46,#3a3c46,#3a3c46,#5a5c68,#3a3c46,#3a3c46,#3a3c46,#3a3c46,#3a3c46,#3a3c46,#3a3c46,#5a5e69
#bbbfce,#3a3c46,#4a4c58,#3a3c46,#3a3c46,#3a3c46,#5a5c68,#3a3c46,#3a3c46,#3a3c46,#5a5c68,#3a3c46,#3a3c46,#3a3c46,#3a3c46,#4a4c58,#3a3c46,#3a3c46,#3a3c46,#3a3c46,#3a3c46,#3a3c46,#3a3c46,#3a3c46,#3a3c46,#3a3c46,#3a3c46,#3a3c46,#4a4c58,#202127,#3a3c46,#3a3c46,#3a3c46,#3a3c46,#3a3c46,#3a3c46,#3a3c46,#3a3c46,#3a3c46,#3a3c46,#3a3c46,#4a4c58,#3a3c46,#3a3c46,#3a3c46,#3a3c46,#3a3c46,#3a3c46,#3a3c46,#3a3c46,#3a3c46,#3a3c46,#3a3c46,#3a3c46,#4a4c58,#3a3c46,#3a3c46,#3a3c46,#3a3c46,#3a3c46,#3a3c46,#3a3c46,#3a3c46,#5a5e69
#bbbfce,#3a3c46,#3a3c46,#3a3c46,#3a3c46,#4a4c58,#3a3c46,#3a3c46,#3a3c46,#3a3c46,#3a3c46,#3a3c46,#3a3c46,#3a3c46,#5a5c68,#3a3c46,#3a3c46,#3a3c46,#5a5c68,#3a3c46,#3a3c46,#3a3c46,#3a3c46,#3a3c46,#3a3c46,#3a3c46,#3a3c46,#3a3c46,#3a3c46,#3a3c46,#3a3c46,#4a4c58,#3a3c46,#3a3c46,#3a3c46,#3a3c46,#3a3c46,#5a5c68,#3a3c46,#3a3c46,#3a3c46,#3a3c46,#3a3c46,#3a3c46,#4a4c58,#3a3c46,#3a3c46,#3a3c46,#5a5c68,#3a3c46,#3a3c46,#3a3c46,#3a3c46,#3a3c46,#3a3c46,#3a3c46,#3a3c46,#4a4c58,#3a3c46,#3a3c46,#3a3c46,#5a5c68,#3a3c46,#5a5e69
#bbbfce,#3a3c46,#3a3c46,#3a3c46,#3a3c46,#3a3c46,#3a3c46,#3a3c46,#4a4c58,#3a3c46,#3a3c46,#5a5c68,#3a3c46,#3a3c46,#3a3c46,#3a3c46,#3a3c46,#3a3c46,#3a3c46,#3a3c46,#3a3c46,#4a4c58,#3a3c46,#3a3c46,#3a3c46,#3a3c46,#3a3c46,#3a3c46,#3a3c46,#3a3c46,#3a3c46,#3a3c46,#3a3c46,#3a3c46,#4a4c58,#3a3c46,#3a3c46,#3a3c46,#5a5c68,#3a3c46,#3a3c46,#3a3c46,#3a3c46,#3a3c46,#3a3c46,#3a3c46,#3a3c46,#4a4c58,#3a3c46,#3a3c46,#3a3c46,#5a5c68,#3a3c46,#3a3c46,#3a3c46,#3a3c46,#3a3c46,#3a3c46,#3a3c46,#3a3c46,#4a4c58,#5a5c68,#3a3c46,#5a5e69
#bbbfce,#3a3c46,#3a3c46,#3a3c46,#3a3c46,#3a3c46,#3a3c46,#3a3c46,#3a3c46,#3a3c46,#3a3c46,#5a5c68,#3a3c46,#3a3c46,#3a3c46,#3a3c46,#3a3c46,#3a3c46,#3a3c46,#3a3c46,#3a3c46,#5a5c68,#3a3c46,#3a3c46,#4a4c58,#3a3c46,#3a3c46,#3a3c46,#3a3c46,#3a3c46,#3a3c46,#3a3c46,#3a3c46,#3a3c46,#3a3c46,#5a5c68,#3a3c46,#4a4c58,#5a5c68,#3a3c46,#3a3c46,#3a3c46,#3a3c46,#3a3c46,#3a3c46,#3a3c46,#3a3c46,#3a3c46,#3a3c46,#5a5c68,#4a4c58,#3a3c46,#3a3c46,#3a3c46,#3a3c46,#3a3c46,#3a3c46,#3a3c46,#5a5c68,#3a3c46,#5a5c68,#3a3c46,#3a3c46,#5a5e69
#bbbfce,#4a4c58,#3a3c46,#3a3c46,#3a3c46,#3a3c46,#5a5c68,#3a3c46,#5a5c68,#5a5c68,#3a3c46,#3a3c46,#3a3c46,#3a3c46,#4a4c58,#3a3c46,#3a3c46,#3a3c46,#3a3c46,#3a3c46,#3a3c46,#3a3c46,#3a3c46,#3a3c46,#5a5c68,#5a5c68,#3a3c46,#4a4c58,#3a3c46,#3a3c46,#3a3c46,#3a3c46,#3a3c46,#3a3c46,#3a3c46,#3a3c46,#3a3c46,#5a5c68,#3a3c46,#3a3c46,#5a5c68,#3a3c46,#5a5c68,#3a3c46,#3a3c46,#3a3c46,#3a3c46,#3a3c46,#3a3c46,#3a3c46,#5a5c68,#3a3c46,#3a3c46,#4a4c58,#3a3c46,#3a3c46,#3a3c46,#3a3c46,#3a3c46,#3a3c46,#3a3c46,#3a3c46,#3a3c46,#5a5e69
#bbbfce,#3a3c46,#3a3c46,#3a3c46,#4a4c58,#3a3c46,#3a3c46,#3a3c46,#3a3c46,#3a3c46,#5a5c68,#3a3c46,#3a3c46,#3a3c46,#3a3c46,#3a3c46,#5a5c68,#4a4c58,#3a3c46,#3a3c46,#3a3c46,#3a3c46,#3a3c46,#3a3c46,#3a3c46,#3a3c46,#3a3c46,#3a3c46,#3a3c46,#3a3c46,#4a4c58,#5a5c68,#3a3c46,#3a3c46,#3a3c46,#3a3c46,#5a5c68,#3a3c46,#3a3c46,#3a3c46,#3a3c46,#3a3c46,#3a3c46,#4a4c58,#3a3c46,#3a3c46,#3a3c46,#3a3c46,#3a3c46,#3a3c46,#3a3c46,#3a3c46,#3a3c46,#3a3c46,#3a3c46,#3a3c46,#4a4c58,#3a3c46,#5a5c68,#3a3c46,#3a3c46,#3a3c46,#3a3c46,#5a5e69
#bbbfce,#5a5e69,#5a5e69,#5a5e69,#5a5e69,#5a5e69,#5a5e69,#5a5e69,#5a5e69,#5a5e69,#5a5e69,#5a5e69,#5a5e69,#5a5e69,#5a5e69,#5a5e69,#5a5e69,#5a5e69,#5a5e69,#5a5e69,#5a5e69,#5a5e69,#5a5e69,#5a5e69,#5a5e69,#5a5e69,#5a5e69,#5a5e69,#5a5e69,#5a5e69,#5a5e69,#5a5e69,#5a5e69,#5a5e69,#5a5e69,#5a5e69,#5a5e69,#5a5e69,#5a5e69,#5a5e69,#5a5e69,#5a5e69,#5a5e69,#5a5e69,#5a5e69,#5a5e69,#5a5e69,#5a5e69,#5a5e69,#5a5e69,#5a5e69,#5a5e69,#5a5e69,#5a5e69,#5a5e69,#5a5e69,#5a5e69,#5a5e69,#5a5e69,#5a5e69,#5a5e69,#5a5e69,#5a5e69,#5a5e69
