#d16b9b,#d16b9b,#d16b9b,#d16b9b,#d16b9b,#d16b9b,#d16b9b,#d16b9b,#d16b9b,#d16b9b,#d16b9b,#d16b9b,#d16b9b,#d16b9b,#d16b9b,#d16b9b,#d16b9b,#d16b9b,#d16b9b,#d16b9b,#d16b9b,#d16b9b,#d16b9b,#d16b9b,#d16b9b,#d16b9b,#d16b9b,#d16b9b,#d16b9b,#d16b9b,#d16b9b,#d16b9b,#d16b9b,#d16b9b,#d16b9b,#d16b9b,#d16b9b,#d16b9b,#d16b9b,#d16b9b,#d16b9b,#d16b9b,#d16b9b,#d16b9b,#d16b9b,#d16b9b,#d16b9b,#d16b9b,#d16b9b,#d16b9b,#d16b9b,#d16b9b,#d16b9b,#d16b9b,#d16b9b,#d16b9b,#d16b9b,#d16b9b,#d16b9b,#d16b9b,#d16b9b,#d16b9b,#d16b9b,#d16b9b
#d16b9b,#0a0410,#0a0410,#0a0410,#0a0410,#0a0410,#0a0410,#0a0410,#0a0410,#0a0410,#0a0410,#0a0410,#0a0410,#0a0410,#0a0410,#0a0410,#0a0410,#0a0410,#0a0410,#0a0410,#0a0410,#0a0410,#0a0410,#0a0410,#0a0410,#0a0410,#0a0410,#0a0410,#0a0410,#0a0410,#0a0410,#0a0410,#0a0410,#0a0410,#0a0410,#0a0410,#0a0410,#0a0410,#0a0410,#0a0410,#0a0410,#0a0410,#0a0410,#0a0410,#0a0410,#0a0410,#0a0410,#0a0410,#0a0410,#0a0410,#0a0410,#0a0410,#0a0410,#0a0410,#0a0410,#0a0410,#0a0410,#0a0410,#0a0410,#0a0410,#0a0410,#0a0410,#0a0410,#6b2043
#d16b9b,#0a0410,#110718,#0a0410,#0a0410,#0a0410,#110718,#0a0410,#0a0410,#0a0410,#110718,#0a0410,#0a0410,#0a0410,#110718,#0a0410,#0a0410,#0a0410,#110718,#0a0410,#0a0410,#0a0410,#110718,#0a0410,#0a0410,#0a0410,#110718,#0a0410,#0a0410,#0a0410,#110718,#0a0410,#0a0410,#0a0410,#110718,#0a0410,#0a0410,#0a0410,#110718,#0a0410,#0a0410,#0a0410,#110718,#0a0410,#0a0410,#0a0410,#110718,#0a0410,#0a0410,#0a0410,#110718,#0a0410,#0a0410,#0a0410,#110718,#0a0410,#0a0410,#0a0410,#110718,#0a0410,#0a0410,#0a0410,#110718,#6b2043
#d16b9b,#0a0410,#0a0410,#0a0410,#0a0410,#0a0410,#0a0410,#0a0410,#0a0410,#fff0c8,#fff0c8,#fff0c8,#fff0c8,#fff0c8,#fff0c8,#0a0410,#0a0410,#0a0410,#0a0410,#0a0410,#0a0410,#0a0410,#0a0410,#0a0410,#0a0410,#0a0410,#0a0410,#0a0410,#0a0410,#0a0410,#0a0410,#0a0410,#0a0410,#0a0410,#0a0410,#0a0410,#0a0410,#0a0410,#0a0410,#0a0410,#0a0410,#0a0410,#0a0410,#0a0410,#0a0410,#0a0410,#0a0410,#0a0410,#0a0410,#0a0410,#0a0410,#0a0410,#0a0410,#07030a,#0a0410,#07030a,#0a0410,#0a0410,#0a0410,#0a0410,#0a0410,#0a0410,#0a0410,#6b2043
#d16b9b,#0a0410,#110718,#0a0410,#110718,#0a0410,#110718,#fff0c8,#fff0c8,#fff0c8,#fff0c8,#fff0c8,#fff0c8,#fff0c8,#fff0c8,#fff0c8,#fff0c8,#0a0410,#110718,#0a0410,#110718,#0a0410,#110718,#0a0410,#110718,#0a0410,#110718,#0a0410,#110718,#0a0410,#110718,#0a0410,#110718,#0a0410,#110718,#0a0410,#110718,#0a0410,#110718,#0a0410,#110718,#0a0410,#110718,#0a0410,#110718,#0a0410,#110718,#0a0410,#110718,#0a0410,#110718,#0a0410,#07030a,#0a0410,#07030a,#0a0410,#07030a,#0a0410,#110718,#0a0410,#110718,#0a0410,#110718,#6b2043
#d16b9b,#110718,#0a0410,#110718,#0a0410,#110718,#fff0c8,#fff0c8,#fff0c8,#0a0410,#0a0410,#0a0410,#0a0410,#0a0410,#0a0410,#fff0c8,#fff0c8,#fff0c8,#0a0410,#110718,#0a0410,#110718,#0a0410,#110718,#0a0410,#110718,#0a0410,#110718,#0a0410,#110718,#0a0410,#110718,#0a0410,#110718,#0a0410,#110718,#0a0410,#110718,#0a0410,#110718,#0a0410,#110718,#0a0410,#110718,#0a0410,#110718,#0a0410,#110718,#0a0410,#110718,#0a0410,#110718,#0a0410,#110718,#0a0410,#110718,#0a0410,#110718,#0a0410,#110718,#0a0410,#110718,#0a0410,#6b2043
#d16b9b,#0a0410,#110718,#0a0410,#110718,#fff0c8,#fff0c8,#0a0410,#0a0410,#0a0410,#0a0410,#0a0410,#0a0410,#0a0410,#0a0410,#0a0410,#0a0410,#fff0c8,#fff0c8,#0a0410,#110718,#0a0410,#110718,#0a0410,#110718,#0a0410,#110718,#0a0410,#110718,#0a0410,#110718,#0a0410,#110718,#0a0410,#110718,#0a0410,#110718,#0a0410,#110718,#0a0410,#110718,#0a0410,#110718,#0a0410,#110718,#0a0410,#110718,#0a0410,#110718,#0a0410,#110718,#0a0410,#110718,#0a0410,#110718,#0a0410,#110718,#0a0410,#110718,#0a0410,#110718,#0a0410,#110718,#6b2043
#d16b9b,#110718,#0a0410,#110718,#0a0410,#fff0c8,#fff0c8,#0a0410,#0a0410,#0a0410,#0a0410,#0a0410,#0a0410,#0a0410,#0a0410,#0a0410,#0a0410,#fff0c8,#fff0c8,#110718,#0a0410,#110718,#0a0410,#110718,#0a0410,#110718,#0a0410,#110718,#0a0410,#110718,#0a0410,#110718,#0a0410,#110718,#0a0410,#110718,#0a0410,#110718,#0a0410,#110718,#0a0410,#110718,#0a0410,#110718,#0a0410,#110718,#0a0410,#110718,#0a0410,#110718,#0a0410,#110718,#0a0410,#110718,#0a0410,#110718,#0a0410,#110718,#0a0410,#110718,#0a0410,#110718,#0a0410,#6b2043
#d16b9b,#110718,#110718,#110718,#fff0c8,#fff0c8,#0a0410,#0a0410,#0a0410,#0a0410,#0a0410,#0a0410,#0a0410,#0a0410,#0a0410,#0a0410,#0a0410,#0a0410,#fff0c8,#fff0c8,#110718,#110718,#110718,#110718,#110718,#110718,#110718,#110718,#110718,#110718,#110718,#110718,#110718,#110718,#110718,#110718,#110718,#110718,#110718,#110718,#110718,#110718,#110718,#110718,#110718,#110718,#110718,#110718,#110718,#110718,#110718,#110718,#110718,#110718,#110718,#110718,#110718,#110718,#110718,#110718,#110718,#110718,#110718,#6b2043
#d16b9b,#110718,#0a0410,#110718,#fff0c8,#fff0c8,#0a0410,#0a0410,#0a0410,#0a0410,#0a0410,#0a0410,#0a0410,#0a0410,#0a0410,#0a0410,#0a0410,#0a0410,#fff0c8,#fff0c8,#0a0410,#110718,#0a0410,#110718,#0a0410,#110718,#0a0410,#110718,#0a0410,#110718,#0a0410,#110718,#0a0410,#110718,#0a0410,#110718,#0a0410,#110718,#0a0410,#110718,#0a0410,#110718,#0a0410,#110718,#0a0410,#110718,#0a0410,#110718,#0a0410,#110718,#0a0410,#110718,#0a0410,#110718,#0a0410,#110718,#0a0410,#110718,#0a0410,#110718,#0a0410,#110718,#0a0410,#6b2043
#d16b9b,#110718,#110718,#110718,#fff0c8,#fff0c8,#0a0410,#0a0410,#0a0410,#0a0410,#0a0410,#0a0410,#0a0410,#0a0410,#0a0410,#0a0410,#0a0410,#0a0410,#fff0c8,#fff0c8,#110718,#110718,#110718,#110718,#110718,#110718,#110718,#110718,#110718,#110718,#110718,#110718,#110718,#110718,#110718,#110718,#110718,#110718,#110718,#110718,#110718,#110718,#110718,#110718,#110718,#110718,#110718,#110718,#110718,#110718,#110718,#110718,#110718,#110718,#110718,#110718,#110718,#110718,#110718,#110718,#110718,#110718,#110718,#6b2043
#d16b9b,#110718,#110718,#110718,#fff0c8,#fff0c8,#0a0410,#0a0410,#0a0410,#0a0410,#0a0410,#0a0410,#0a0410,#0a0410,#0a0410,#0a0410,#0a0410,#0a0410,#fff0c8,#fff0c8,#0a0410,#110718,#110718,#110718,#0a0410,#110718,#110718,#110718,#0a0410,#110718,#110718,#110718,#0a0410,#110718,#110718,#110718,#0a0410,#110718,#110718,#110718,#0a0410,#110718,#110718,#110718,#0a0410,#110718,#110718,#110718,#0a0410,#110718,#110718,#110718,#0a0410,#110718,#110718,#110718,#0a0410,#110718,#110718,#110718,#0a0410,#110718,#110718,#6b2043
#d16b9b,#110718,#110718,#110718,#fff0c8,#fff0c8,#0a0410,#0a0410,#0a0410,#0a0410,#0a0410,#0a0410,#0a0410,#0a0410,#0a0410,#0a0410,#0a0410,#0a0410,#fff0c8,#fff0c8,#110718,#110718,#110718,#110718,#110718,#110718,#110718,#110718,#110718,#110718,#110718,#110718,#110718,#110718,#110718,#110718,#110718,#110718,#110718,#110718,#110718,#110718,#110718,#110718,#110718,#110718,#110718,#110718,#110718,#110718,#110718,#110718,#110718,#110718,#110718,#110718,#110718,#110718,#110718,#110718,#110718,#110718,#110718,#6b2043
#d16b9b,#07030a,#110718,#07030a,#fff0c8,#fff0c8,#0a0410,#0a0410,#0a0410,#0a0410,#0a0410,#0a0410,#0a0410,#0a0410,#0a0410,#0a0410,#0a0410,#0a0410,#fff0c8,#fff0c8,#110718,#110718,#110718,#110718,#110718,#110718,#110718,#110718,#110718,#110718,#110718,#110718,#110718,#110718,#110718,#110718,#110718,#110718,#110718,#110718,#110718,#110718,#110718,#110718,#110718,#110718,#110718,#110718,#110718,#110718,#110718,#110718,#110718,#110718,#110718,#110718,#110718,#110718,#110718,#110718,#110718,#110718,#110718,#6b2043
#d16b9b,#110718,#07030a,#110718,#07030a,#fff0c8,#fff0c8,#0a0410,#0a0410,#0a0410,#0a0410,#0a0410,#0a0410,#0a0410,#0a0410,#0a0410,#0a0410,#fff0c8,#fff0c8,#110718,#110718,#110718,#180a1f,#110718,#110718,#110718,#180a1f,#110718,#110718,#110718,#180a1f,#110718,#110718,#110718,#180a1f,#110718,#110718,#110718,#180a1f,#110718,#110718,#110718,#180a1f,#110718,#110718,#110718,#180a1f,#110718,#110718,#110718,#180a1f,#110718,#110718,#110718,#180a1f,#110718,#110718,#110718,#180a1f,#110718,#110718,#110718,#180a1f,#6b2043
#d16b9b,#110718,#110718,#110718,#110718,#fff0c8,#fff0c8,#0a0410,#0a0410,#0a0410,#0a0410,#0a0410,#0a0410,#0a0410,#0a0410,#0a0410,#0a0410,#fff0c8,#fff0c8,#110718,#110718,#110718,#07030a,#110718,#07030a,#110718,#110718,#110718,#110718,#110718,#110718,#110718,#110718,#110718,#110718,#110718,#110718,#110718,#110718,#110718,#110718,#110718,#110718,#110718,#110718,#110718,#110718,#110718,#110718,#110718,#110718,#110718,#110718,#110718,#110718,#110718,#110718,#110718,#110718,#110718,#110718,#110718,#110718,#6b2043
#d16b9b,#110718,#180a1f,#110718,#180a1f,#110718,#fff0c8,#fff0c8,#fff0c8,#0a0410,#0a0410,#0a0410,#0a0410,#0a0410,#0a0410,#fff0c8,#fff0c8,#fff0c8,#180a1f,#110718,#180a1f,#07030a,#180a1f,#07030a,#5d3350,#07030a,#180a1f,#110718,#5d3350,#110718,#180a1f,#110718,#5d3350,#110718,#180a1f,#110718,#5d3350,#110718,#180a1f,#110718,#180a1f,#110718,#180a1f,#110718,#180a1f,#110718,#180a1f,#110718,#180a1f,#110718,#180a1f,#110718,#180a1f,#110718,#180a1f,#110718,#180a1f,#110718,#180a1f,#110718,#180a1f,#110718,#180a1f,#6b2043
#d16b9b,#180a1f,#110718,#180a1f,#110718,#180a1f,#110718,#fff0c8,#fff0c8,#fff0c8,#fff0c8,#fff0c8,#fff0c8,#fff0c8,#fff0c8,#fff0c8,#fff0c8,#180a1f,#110718,#180a1f,#110718,#07030a,#110718,#180a1f,#110718,#180a1f,#110718,#180a1f,#110718,#180a1f,#110718,#07030a,#110718,#180a1f,#110718,#180a1f,#110718,#180a1f,#110718,#180a1f,#110718,#180a1f,#110718,#180a1f,#110718,#180a1f,#110718,#180a1f,#110718,#180a1f,#110718,#180a1f,#110718,#180a1f,#110718,#180a1f,#110718,#180a1f,#110718,#180a1f,#110718,#180a1f,#110718,#6b2043
#d16b9b,#110718,#180a1f,#110718,#180a1f,#110718,#180a1f,#110718,#180a1f,#fff0c8,#fff0c8,#fff0c8,#fff0c8,#fff0c8,#fff0c8,#110718,#180a1f,#110718,#180a1f,#110718,#180a1f,#07030a,#5d3350,#110718,#180a1f,#110718,#5d3350,#110718,#5d3350,#110718,#5d3350,#07030a,#5d3350,#110718,#5d3350,#110718,#180a1f,#110718,#5d3350,#110718,#180a1f,#110718,#180a1f,#110718,#180a1f,#110718,#180a1f,#110718,#180a1f,#110718,#180a1f,#110718,#180a1f,#110718,#180a1f,#110718,#180a1f,#110718,#180a1f,#110718,#180a1f,#110718,#180a1f,#6b2043
#d16b9b,#180a1f,#110718,#180a1f,#110718,#180a1f,#110718,#180a1f,#110718,#180a1f,#110718,#180a1f,#07030a,#07030a,#07030a,#180a1f,#110718,#180a1f,#110718,#180a1f,#07030a,#07030a,#07030a,#180a1f,#110718,#180a1f,#110718,#180a1f,#110718,#180a1f,#07030a,#07030a,#07030a,#180a1f,#110718,#180a1f,#110718,#180a1f,#110718,#180a1f,#110718,#180a1f,#110718,#180a1f,#110718,#180a1f,#110718,#180a1f,#110718,#180a1f,#110718,#180a1f,#110718,#180a1f,#110718,#180a1f,#110718,#180a1f,#110718,#180a1f,#110718,#180a1f,#110718,#6b2043
#d16b9b,#180a1f,#180a1f,#180a1f,#180a1f,#180a1f,#180a1f,#180a1f,#180a1f,#180a1f,#180a1f,#180a1f,#07030a,#07030a,#07030a,#180a1f,#180a1f,#180a1f,#180a1f,#180a1f,#522e42,#07030a,#522e42,#180a1f,#5d3350,#180a1f,#5d3350,#180a1f,#5d3350,#180a1f,#522e42,#07030a,#522e42,#180a1f,#5d3350,#180a1f,#5d3350,#180a1f,#5d3350,#180a1f,#5d3350,#180a1f,#180a1f,#180a1f,#180a1f,#180a1f,#180a1f,#180a1f,#180a1f,#180a1f,#180a1f,#180a1f,#180a1f,#180a1f,#180a1f,#180a1f,#180a1f,#180a1f,#180a1f,#180a1f,#180a1f,#180a1f,#180a1f,#6b2043
#d16b9b,#180a1f,#110718,#180a1f,#110718,#180a1f,#110718,#180a1f,#110718,#180a1f,#110718,#07030a,#07030a,#07030a,#07030a,#07030a,#110718,#180a1f,#110718,#07030a,#07030a,#07030a,#07030a,#07030a,#110718,#5d3350,#110718,#5d3350,#110718,#522e42,#07030a,#522e42,#07030a,#522e42,#110718,#180a1f,#110718,#5d3350,#110718,#180a1f,#110718,#180a1f,#110718,#180a1f,#110718,#180a1f,#110718,#180a1f,#110718,#180a1f,#110718,#180a1f,#110718,#180a1f,#110718,#180a1f,#110718,#180a1f,#110718,#180a1f,#110718,#180a1f,#110718,#6b2043
#d16b9b,#180a1f,#180a1f,#180a1f,#180a1f,#180a1f,#180a1f,#180a1f,#180a1f,#180a1f,#180a1f,#07030a,#07030a,#07030a,#07030a,#07030a,#180a1f,#180a1f,#5d3350,#07030a,#522e42,#07030a,#522e42,#07030a,#5d3350,#180a1f,#5d3350,#180a1f,#5d3350,#07030a,#522e42,#07030a,#522e42,#07030a,#5d3350,#180a1f,#5d3350,#180a1f,#5d3350,#180a1f,#5d3350,#180a1f,#5d3350,#180a1f,#180a1f,#180a1f,#180a1f,#180a1f,#180a1f,#180a1f,#180a1f,#180a1f,#180a1f,#180a1f,#180a1f,#180a1f,#180a1f,#180a1f,#180a1f,#180a1f,#180a1f,#180a1f,#180a1f,#6b2043
#d16b9b,#180a1f,#180a1f,#180a1f,#110718,#180a1f,#180a1f,#180a1f,#110718,#180a1f,#07030a,#07030a,#07030a,#07030a,#07030a,#07030a,#07030a,#180a1f,#07030a,#07030a,#07030a,#07030a,#07030a,#522e42,#07030a,#5d3350,#180a1f,#5d3350,#07030a,#522e42,#07030a,#522e42,#07030a,#522e42,#07030a,#5d3350,#110718,#180a1f,#180a1f,#5d3350,#110718,#180a1f,#180a1f,#180a1f,#110718,#180a1f,#180a1f,#180a1f,#110718,#180a1f,#180a1f,#180a1f,#110718,#180a1f,#180a1f,#180a1f,#110718,#180a1f,#180a1f,#180a1f,#110718,#180a1f,#180a1f,#6b2043
#d16b9b,#180a1f,#180a1f,#180a1f,#180a1f,#180a1f,#180a1f,#180a1f,#180a1f,#180a1f,#07030a,#07030a,#07030a,#07030a,#07030a,#07030a,#5d3350,#180a1f,#522e42,#07030a,#522e42,#07030a,#522e42,#07030a,#5d3350,#5d3350,#5d3350,#180a1f,#522e42,#522e42,#522e42,#07030a,#522e42,#522e42,#5d3350,#180a1f,#5d3350,#180a1f,#5d3350,#050208,#5d3350,#180a1f,#5d3350,#180a1f,#5d3350,#180a1f,#180a1f,#180a1f,#180a1f,#180a1f,#180a1f,#180a1f,#180a1f,#180a1f,#180a1f,#180a1f,#180a1f,#180a1f,#180a1f,#180a1f,#180a1f,#180a1f,#180a1f,#6b2043
#d16b9b,#180a1f,#180a1f,#180a1f,#180a1f,#180a1f,#180a1f,#180a1f,#180a1f,#180a1f,#07030a,#07030a,#07030a,#07030a,#07030a,#07030a,#180a1f,#180a1f,#07030a,#07030a,#07030a,#522e42,#07030a,#522e42,#180a1f,#5d3350,#180a1f,#5d3350,#07030a,#522e42,#07030a,#522e42,#07030a,#522e42,#180a1f,#5d3350,#180a1f,#5d3350,#050208,#c182a6,#050208,#050208,#180a1f,#180a1f,#180a1f,#180a1f,#180a1f,#180a1f,#180a1f,#180a1f,#180a1f,#180a1f,#180a1f,#180a1f,#180a1f,#180a1f,#180a1f,#180a1f,#180a1f,#180a1f,#180a1f,#180a1f,#180a1f,#6b2043
#d16b9b,#180a1f,#1f0d27,#180a1f,#180a1f,#180a1f,#1f0d27,#180a1f,#180a1f,#180a1f,#07030a,#07030a,#07030a,#07030a,#07030a,#07030a,#180a1f,#180a1f,#522e42,#07030a,#522e42,#07030a,#522e42,#07030a,#5d3350,#180a1f,#623555,#fac080,#522e42,#522e42,#522e42,#522e42,#522e42,#522e42,#623555,#5d3350,#5d3350,#180a1f,#050208,#d5ccd6,#d5ccd6,#c182a6,#050208,#050208,#050208,#180a1f,#1f0d27,#180a1f,#180a1f,#180a1f,#1f0d27,#180a1f,#180a1f,#180a1f,#1f0d27,#180a1f,#180a1f,#180a1f,#1f0d27,#180a1f,#180a1f,#180a1f,#1f0d27,#6b2043
#d16b9b,#180a1f,#180a1f,#180a1f,#180a1f,#180a1f,#180a1f,#180a1f,#180a1f,#180a1f,#07030a,#07030a,#07030a,#07030a,#07030a,#07030a,#180a1f,#180a1f,#07030a,#522e42,#07030a,#522e42,#07030a,#522e42,#180a1f,#5d3350,#180a1f,#5d3350,#07030a,#522e42,#07030a,#522e42,#07030a,#522e42,#180a1f,#5d3350,#180a1f,#5d3350,#050208,#d5ccd6,#b4a5b6,#b4a5b6,#d5ccd6,#d5ccd6,#c182a6,#050208,#050208,#180a1f,#180a1f,#180a1f,#180a1f,#180a1f,#180a1f,#180a1f,#180a1f,#180a1f,#180a1f,#180a1f,#180a1f,#180a1f,#180a1f,#180a1f,#180a1f,#6b2043
#d16b9b,#180a1f,#1f0d27,#180a1f,#1f0d27,#180a1f,#1f0d27,#180a1f,#1f0d27,#180a1f,#07030a,#07030a,#07030a,#07030a,#07030a,#050208,#050208,#180a1f,#522e42,#07030a,#522e42,#07030a,#522e42,#ffd966,#623555,#5d3350,#623555,#5d3350,#522e42,#522e42,#522e42,#522e42,#522e42,#522e42,#623555,#5d3350,#623555,#5d3350,#050208,#c182a6,#b4a5b6,#917a94,#b4a5b6,#b4a5b6,#b4a5b6,#d5ccd6,#c182a6,#050208,#050208,#050208,#1f0d27,#180a1f,#1f0d27,#180a1f,#1f0d27,#180a1f,#1f0d27,#180a1f,#1f0d27,#180a1f,#1f0d27,#180a1f,#1f0d27,#6b2043
#d16b9b,#1f0d27,#180a1f,#1f0d27,#180a1f,#1f0d27,#180a1f,#1f0d27,#180a1f,#1f0d27,#07030a,#07030a,#07030a,#07030a,#050208,#de71a3,#de71a3,#050208,#050208,#522e42,#07030a,#522e42,#07030a,#522e42,#180a1f,#623555,#180a1f,#623555,#522e42,#522e42,#522e42,#522e42,#522e42,#522e42,#180a1f,#623555,#180a1f,#623555,#180a1f,#050208,#d5ccd6,#b4a5b6,#917a94,#917a94,#917a94,#b4a5b6,#b4a5b6,#d5ccd6,#d5ccd6,#c182a6,#050208,#050208,#050208,#1f0d27,#180a1f,#1f0d27,#180a1f,#1f0d27,#180a1f,#1f0d27,#180a1f,#1f0d27,#180a1f,#6b2043
#d16b9b,#180a1f,#1f0d27,#180a1f,#1f0d27,#180a1f,#1f0d27,#180a1f,#1f0d27,#180a1f,#07030a,#07030a,#07030a,#07030a,#522e42,#050208,#bab2bc,#bab2bc,#de71a3,#050208,#522e42,#07030a,#522e42,#522e42,#623555,#5d3350,#623555,#5d3350,#522e42,#522e42,#522e42,#522e42,#522e42,#522e42,#623555,#5d3350,#623555,#180a1f,#050208,#050208,#d5ccd6,#66556a,#66556a,#917a94,#b4a5b6,#917a94,#b4a5b6,#b4a5b6,#d5ccd6,#d5ccd6,#d5ccd6,#d5ccd6,#c182a6,#050208,#050208,#050208,#1f0d27,#180a1f,#1f0d27,#180a1f,#1f0d27,#180a1f,#1f0d27,#6b2043
#d16b9b,#1f0d27,#180a1f,#1f0d27,#180a1f,#1f0d27,#180a1f,#1f0d27,#180a1f,#1f0d27,#07030a,#07030a,#07030a,#07030a,#050208,#050208,#bab2bc,#221829,#dc8db2,#de71a3,#050208,#050208,#050208,#050208,#050208,#050208,#050208,#050208,#050208,#050208,#050208,#050208,#050208,#050208,#050208,#050208,#050208,#050208,#b48c76,#b48c76,#b4a5b6,#3d3243,#3d3243,#b4a5b6,#917a94,#917a94,#917a94,#66556a,#b4a5b6,#66556a,#b4a5b6,#b4a5b6,#66556a,#d5ccd6,#d5ccd6,#c182a6,#050208,#1f0d27,#180a1f,#1f0d27,#180a1f,#1f0d27,#180a1f,#6b2043
#d16b9b,#1f0d27,#1f0d27,#1f0d27,#1f0d27,#1f0d27,#050208,#050208,#050208,#050208,#050208,#050208,#050208,#050208,#d5bfb2,#bab2bc,#847687,#221829,#dc8db2,#dc8db2,#ebbfd4,#ebbfd4,#d5bfb2,#d5bfb2,#d5bfb2,#d5bfb2,#d5bfb2,#d5bfb2,#d5bfb2,#d5bfb2,#b48c76,#bab2bc,#bab2bc,#bab2bc,#d5bfb2,#d5bfb2,#d5bfb2,#d5bfb2,#b48c76,#3d241f,#847687,#847687,#847687,#b4a5b6,#b4a5b6,#917a94,#66556a,#b4a5b6,#66556a,#917a94,#66556a,#66556a,#66556a,#3d3243,#c182a6,#c182a6,#050208,#1f0d27,#1f0d27,#1f0d27,#1f0d27,#1f0d27,#1f0d27,#6b2043
#d16b9b,#1f0d27,#180a1f,#1f0d27,#180a1f,#050208,#d5bfb2,#d5bfb2,#b48c76,#d5bfb2,#d5bfb2,#d5bfb2,#d5bfb2,#b48c76,#b48c76,#b48c76,#dc8db2,#dc8db2,#dc8db2,#dc8db2,#8d3d66,#8d3d66,#dc8db2,#dc8db2,#b48c76,#663c2a,#663c2a,#3d241f,#663c2a,#663c2a,#3d241f,#847687,#221829,#221829,#b48c76,#663c2a,#3d241f,#663c2a,#663c2a,#3d241f,#847687,#36263b,#221829,#b4a5b6,#b4a5b6,#66556a,#b4a5b6,#66556a,#66556a,#66556a,#66556a,#3d3243,#c182a6,#c182a6,#050208,#050208,#180a1f,#1f0d27,#180a1f,#1f0d27,#180a1f,#1f0d27,#180a1f,#6b2043
#d16b9b,#1f0d27,#1f0d27,#1f0d27,#050208,#d5bfb2,#b48c76,#b48c76,#b48c76,#663c2a,#3d241f,#847687,#847687,#847687,#b48c76,#3d241f,#dc8db2,#dc8db2,#dc8db2,#8d3d66,#8d3d66,#532541,#532541,#b48c76,#b48c76,#c17077,#c17077,#c17077,#c17077,#c17077,#c17077,#c17077,#c17077,#c17077,#c17077,#c17077,#c17077,#c17077,#c17077,#c17077,#847687,#221829,#221829,#b4a5b6,#d5ccd6,#b4a5b6,#66556a,#66556a,#66556a,#3d3243,#c182a6,#c182a6,#050208,#050208,#1f0d27,#1f0d27,#1f0d27,#1f0d27,#1f0d27,#1f0d27,#1f0d27,#1f0d27,#1f0d27,#6b2043
#d16b9b,#1f0d27,#1f0d27,#1f0d27,#050208,#c17077,#663c2a,#3d241f,#663c2a,#663c2a,#3d241f,#847687,#221829,#9d6083,#c17077,#c17077,#dc8db2,#8d3d66,#8d3d66,#8d3d66,#532541,#de71a3,#c17077,#c17077,#c17077,#050208,#050208,#050208,#050208,#050208,#050208,#050208,#050208,#050208,#050208,#050208,#050208,#050208,#050208,#050208,#d5ccd6,#b4a5b6,#b4a5b6,#d5ccd6,#66556a,#66556a,#66556a,#66556a,#3d3243,#c182a6,#050208,#050208,#180a1f,#1f0d27,#1f0d27,#1f0d27,#180a1f,#1f0d27,#1f0d27,#1f0d27,#180a1f,#1f0d27,#1f0d27,#6b2043
#d16b9b,#1f0d27,#1f0d27,#1f0d27,#1f0d27,#050208,#c17077,#c17077,#c17077,#c17077,#c17077,#9d6083,#9d6083,#050208,#050208,#050208,#ebbfd4,#8d3d66,#532541,#de71a3,#de71a3,#050208,#050208,#050208,#050208,#522e42,#522e42,#522e42,#522e42,#522e42,#522e42,#522e42,#522e42,#522e42,#522e42,#623555,#623555,#623555,#623555,#050208,#d5ccd6,#b4a5b6,#66556a,#66556a,#3d3243,#c182a6,#c182a6,#c182a6,#c182a6,#050208,#1f0d27,#1f0d27,#1f0d27,#1f0d27,#1f0d27,#1f0d27,#1f0d27,#1f0d27,#1f0d27,#1f0d27,#1f0d27,#1f0d27,#1f0d27,#6b2043
#d16b9b,#1f0d27,#1f0d27,#1f0d27,#1f0d27,#1f0d27,#050208,#050208,#050208,#050208,#050208,#050208,#050208,#07030a,#07030a,#050208,#ebbfd4,#532541,#de71a3,#050208,#050208,#522e42,#07030a,#522e42,#07030a,#522e42,#07030a,#522e42,#522e42,#522e42,#07030a,#522e42,#522e42,#522e42,#07030a,#623555,#1f0d27,#623555,#1f0d27,#050208,#d5ccd6,#66556a,#66556a,#3d3243,#c182a6,#050208,#050208,#050208,#050208,#1f0d27,#1f0d27,#1f0d27,#1f0d27,#1f0d27,#1f0d27,#1f0d27,#1f0d27,#1f0d27,#1f0d27,#1f0d27,#1f0d27,#1f0d27,#1f0d27,#6b2043
#d16b9b,#1f0d27,#26102e,#1f0d27,#1f0d27,#1f0d27,#26102e,#1f0d27,#1f0d27,#1f0d27,#07030a,#07030a,#07030a,#07030a,#07030a,#050208,#ebbfd4,#de71a3,#050208,#07030a,#522e42,#07030a,#522e42,#07030a,#522e42,#07030a,#522e42,#522e42,#522e42,#522e42,#522e42,#522e42,#522e42,#522e42,#522e42,#623555,#623555,#1f0d27,#67375a,#050208,#d5ccd6,#3d3243,#c182a6,#c182a6,#050208,#1f0d27,#26102e,#1f0d27,#1f0d27,#1f0d27,#26102e,#1f0d27,#1f0d27,#1f0d27,#26102e,#1f0d27,#1f0d27,#1f0d27,#26102e,#1f0d27,#1f0d27,#1f0d27,#26102e,#6b2043
#d16b9b,#1f0d27,#1f0d27,#1f0d27,#1f0d27,#1f0d27,#1f0d27,#1f0d27,#1f0d27,#1f0d27,#07030a,#07030a,#07030a,#07030a,#07030a,#050208,#de71a3,#050208,#07030a,#07030a,#07030a,#07030a,#07030a,#522e42,#07030a,#522e42,#07030a,#522e42,#07030a,#522e42,#07030a,#522e42,#07030a,#522e42,#07030a,#623555,#1f0d27,#623555,#1f0d27,#050208,#c182a6,#c182a6,#050208,#050208,#1f0d27,#1f0d27,#1f0d27,#1f0d27,#1f0d27,#1f0d27,#1f0d27,#1f0d27,#1f0d27,#1f0d27,#1f0d27,#1f0d27,#1f0d27,#1f0d27,#1f0d27,#1f0d27,#1f0d27,#1f0d27,#1f0d27,#6b2043
#d16b9b,#1f0d27,#26102e,#1f0d27,#26102e,#1f0d27,#26102e,#1f0d27,#26102e,#1f0d27,#07030a,#07030a,#07030a,#07030a,#07030a,#07030a,#050208,#07030a,#522e42,#07030a,#522e42,#07030a,#522e42,#07030a,#522e42,#522e42,#522e42,#07030a,#522e42,#522e42,#522e42,#07030a,#522e42,#522e42,#522e42,#1f0d27,#67375a,#1f0d27,#67375a,#1f0d27,#050208,#050208,#67375a,#1f0d27,#67375a,#1f0d27,#26102e,#1f0d27,#26102e,#1f0d27,#26102e,#1f0d27,#26102e,#1f0d27,#26102e,#1f0d27,#26102e,#1f0d27,#26102e,#1f0d27,#26102e,#1f0d27,#26102e,#6b2043
#d16b9b,#26102e,#1f0d27,#26102e,#1f0d27,#26102e,#1f0d27,#26102e,#1f0d27,#26102e,#07030a,#07030a,#07030a,#07030a,#07030a,#07030a,#07030a,#07030a,#07030a,#07030a,#07030a,#522e42,#07030a,#522e42,#07030a,#522e42,#07030a,#522e42,#07030a,#522e42,#07030a,#522e42,#07030a,#522e42,#07030a,#67375a,#1f0d27,#67375a,#1f0d27,#26102e,#1f0d27,#26102e,#1f0d27,#26102e,#1f0d27,#26102e,#1f0d27,#26102e,#1f0d27,#26102e,#1f0d27,#26102e,#1f0d27,#26102e,#1f0d27,#26102e,#1f0d27,#26102e,#1f0d27,#26102e,#1f0d27,#26102e,#1f0d27,#6b2043
#d16b9b,#1f0d27,#26102e,#1f0d27,#26102e,#1f0d27,#26102e,#1f0d27,#26102e,#1f0d27,#07030a,#07030a,#07030a,#07030a,#07030a,#07030a,#07030a,#07030a,#522e42,#07030a,#522e42,#07030a,#522e42,#07030a,#522e42,#07030a,#522e42,#07030a,#522e42,#07030a,#522e42,#07030a,#522e42,#07030a,#522e42,#1f0d27,#67375a,#1f0d27,#67375a,#1f0d27,#67375a,#1f0d27,#67375a,#1f0d27,#26102e,#1f0d27,#26102e,#1f0d27,#26102e,#1f0d27,#26102e,#1f0d27,#26102e,#1f0d27,#26102e,#1f0d27,#26102e,#1f0d27,#26102e,#1f0d27,#26102e,#1f0d27,#26102e,#6b2043
#d16b9b,#26102e,#1f0d27,#26102e,#1f0d27,#26102e,#1f0d27,#26102e,#1f0d27,#26102e,#07030a,#07030a,#07030a,#07030a,#07030a,#07030a,#07030a,#07030a,#07030a,#07030a,#07030a,#07030a,#07030a,#07030a,#07030a,#07030a,#07030a,#522e42,#07030a,#07030a,#07030a,#522e42,#07030a,#07030a,#07030a,#67375a,#1f0d27,#26102e,#1f0d27,#26102e,#1f0d27,#26102e,#1f0d27,#26102e,#1f0d27,#26102e,#1f0d27,#26102e,#1f0d27,#26102e,#1f0d27,#26102e,#1f0d27,#26102e,#1f0d27,#26102e,#1f0d27,#26102e,#1f0d27,#26102e,#1f0d27,#26102e,#1f0d27,#6b2043
#d16b9b,#26102e,#26102e,#26102e,#26102e,#26102e,#26102e,#26102e,#26102e,#26102e,#07030a,#07030a,#07030a,#07030a,#07030a,#07030a,#07030a,#07030a,#07030a,#07030a,#522e42,#07030a,#522e42,#07030a,#522e42,#07030a,#522e42,#07030a,#522e42,#07030a,#522e42,#07030a,#522e42,#07030a,#522e42,#26102e,#67375a,#26102e,#67375a,#26102e,#67375a,#26102e,#26102e,#26102e,#26102e,#26102e,#26102e,#26102e,#26102e,#26102e,#26102e,#26102e,#26102e,#26102e,#26102e,#26102e,#26102e,#26102e,#26102e,#26102e,#26102e,#26102e,#26102e,#6b2043
#d16b9b,#26102e,#1f0d27,#26102e,#1f0d27,#26102e,#1f0d27,#26102e,#1f0d27,#26102e,#07030a,#07030a,#07030a,#07030a,#07030a,#07030a,#07030a,#07030a,#07030a,#07030a,#07030a,#07030a,#07030a,#07030a,#07030a,#07030a,#07030a,#07030a,#07030a,#522e42,#07030a,#07030a,#07030a,#522e42,#07030a,#26102e,#1f0d27,#26102e,#1f0d27,#26102e,#1f0d27,#26102e,#1f0d27,#26102e,#1f0d27,#26102e,#1f0d27,#26102e,#1f0d27,#26102e,#1f0d27,#26102e,#1f0d27,#26102e,#1f0d27,#26102e,#1f0d27,#26102e,#1f0d27,#26102e,#1f0d27,#26102e,#1f0d27,#6b2043
#d16b9b,#26102e,#26102e,#26102e,#26102e,#26102e,#26102e,#26102e,#26102e,#26102e,#07030a,#07030a,#07030a,#07030a,#07030a,#07030a,#07030a,#07030a,#07030a,#07030a,#07030a,#07030a,#522e42,#07030a,#07030a,#07030a,#522e42,#07030a,#522e42,#07030a,#522e42,#07030a,#522e42,#07030a,#522e42,#26102e,#26102e,#26102e,#67375a,#26102e,#26102e,#26102e,#26102e,#26102e,#26102e,#26102e,#26102e,#26102e,#26102e,#26102e,#26102e,#26102e,#26102e,#26102e,#26102e,#26102e,#26102e,#26102e,#26102e,#26102e,#26102e,#26102e,#26102e,#6b2043
#d16b9b,#26102e,#26102e,#26102e,#1f0d27,#26102e,#26102e,#26102e,#1f0d27,#26102e,#07030a,#07030a,#07030a,#07030a,#07030a,#07030a,#07030a,#07030a,#07030a,#07030a,#07030a,#07030a,#07030a,#07030a,#07030a,#07030a,#07030a,#07030a,#07030a,#07030a,#07030a,#07030a,#07030a,#07030a,#07030a,#26102e,#1f0d27,#26102e,#26102e,#26102e,#1f0d27,#26102e,#26102e,#26102e,#1f0d27,#26102e,#26102e,#26102e,#1f0d27,#26102e,#26102e,#26102e,#1f0d27,#26102e,#26102e,#26102e,#1f0d27,#26102e,#26102e,#26102e,#1f0d27,#26102e,#26102e,#6b2043
#d16b9b,#3c1530,#1a0c1e,#1a0c1e,#3c1530,#1a0c1e,#1a0c1e,#3c1530,#1a0c1e,#1a0c1e,#3c1530,#1a0c1e,#1a0c1e,#210c1a,#0e0711,#0e0711,#210c1a,#0e0711,#0e0711,#210c1a,#0e0711,#0e0711,#210c1a,#0e0711,#341d2b,#210c1a,#0e0711,#0e0711,#412033,#0e0711,#0e0711,#210c1a,#341d2b,#0e0711,#210c1a,#0e0711,#341d2b,#210c1a,#0e0711,#0e0711,#210c1a,#0e0711,#0e0711,#210c1a,#0e0711,#0e0711,#210c1a,#0e0711,#1a0c1e,#3c1530,#1a0c1e,#1a0c1e,#3c1530,#1a0c1e,#1a0c1e,#3c1530,#1a0c1e,#1a0c1e,#3c1530,#1a0c1e,#1a0c1e,#3c1530,#1a0c1e,#6b2043
#d16b9b,#1a0c1e,#1a0c1e,#1a0c1e,#1a0c1e,#1a0c1e,#1a0c1e,#1a0c1e,#1a0c1e,#0e0711,#1a0c1e,#0e0711,#1a0c1e,#0e0711,#1a0c1e,#0e0711,#1a0c1e,#0e0711,#1a0c1e,#0e0711,#1a0c1e,#0e0711,#1a0c1e,#0e0711,#1a0c1e,#0e0711,#1a0c1e,#0e0711,#1a0c1e,#0e0711,#1a0c1e,#0e0711,#1a0c1e,#0e0711,#1a0c1e,#0e0711,#1a0c1e,#0e0711,#1a0c1e,#0e0711,#1a0c1e,#0e0711,#1a0c1e,#0e0711,#1a0c1e,#0e0711,#1a0c1e,#0e0711,#1a0c1e,#0e0711,#1a0c1e,#0e0711,#1a0c1e,#1a0c1e,#1a0c1e,#1a0c1e,#1a0c1e,#1a0c1e,#1a0c1e,#1a0c1e,#1a0c1e,#1a0c1e,#1a0c1e,#6b2043
#d16b9b,#1a0c1e,#1a0c1e,#1a0c1e,#1a0c1e,#1a0c1e,#1a0c1e,#0e0711,#0e0711,#0e0711,#0e0711,#0e0711,#0e0711,#0e0711,#0e0711,#0e0711,#0e0711,#0e0711,#0e0711,#0e0711,#0e0711,#0e0711,#0e0711,#0e0711,#0e0711,#0e0711,#0e0711,#0e0711,#0e0711,#0e0711,#0e0711,#0e0711,#0e0711,#0e0711,#0e0711,#0e0711,#0e0711,#0e0711,#0e0711,#0e0711,#0e0711,#0e0711,#0e0711,#0e0711,#0e0711,#0e0711,#0e0711,#0e0711,#0e0711,#0e0711,#0e0711,#0e0711,#0e0711,#0e0711,#1a0c1e,#1a0c1e,#1a0c1e,#1a0c1e,#1a0c1e,#1a0c1e,#1a0c1e,#1a0c1e,#1a0c1e,#6b2043
#d16b9b,#1a0c1e,#3c1530,#1a0c1e,#1a0c1e,#3c1530,#1a0c1e,#1a0c1e,#3c1530,#0e0711,#1a0c1e,#210c1a,#1a0c1e,#0e0711,#3c1530,#0e0711,#1a0c1e,#210c1a,#1a0c1e,#0e0711,#3c1530,#0e0711,#1a0c1e,#210c1a,#1a0c1e,#0e0711,#3c1530,#0e0711,#1a0c1e,#210c1a,#1a0c1e,#0e0711,#3c1530,#0e0711,#1a0c1e,#210c1a,#1a0c1e,#0e0711,#3c1530,#0e0711,#1a0c1e,#210c1a,#1a0c1e,#0e0711,#3c1530,#0e0711,#1a0c1e,#210c1a,#1a0c1e,#0e0711,#3c1530,#0e0711,#1a0c1e,#3c1530,#1a0c1e,#1a0c1e,#3c1530,#1a0c1e,#1a0c1e,#3c1530,#1a0c1e,#1a0c1e,#3c1530,#6b2043
#d16b9b,#1a0c1e,#1a0c1e,#1a0c1e,#1a0c1e,#1a0c1e,#1a0c1e,#1a0c1e,#1a0c1e,#1a0c1e,#1a0c1e,#1a0c1e,#1a0c1e,#0e0711,#0e0711,#0e0711,#0e0711,#0e0711,#0e0711,#0e0711,#0e0711,#0e0711,#0e0711,#0e0711,#0e0711,#0e0711,#0e0711,#0e0711,#0e0711,#0e0711,#0e0711,#0e0711,#0e0711,#0e0711,#0e0711,#0e0711,#0e0711,#0e0711,#0e0711,#0e0711,#0e0711,#0e0711,#0e0711,#0e0711,#0e0711,#0e0711,#0e0711,#0e0711,#1a0c1e,#1a0c1e,#1a0c1e,#1a0c1e,#1a0c1e,#1a0c1e,#1a0c1e,#1a0c1e,#1a0c1e,#1a0c1e,#1a0c1e,#1a0c1e,#1a0c1e,#1a0c1e,#1a0c1e,#6b2043
#d16b9b,#1a0c1e,#1a0c1e,#1a0c1e,#1a0c1e,#1a0c1e,#1a0c1e,#1a0c1e,#1a0c1e,#1a0c1e,#1a0c1e,#1a0c1e,#1a0c1e,#1a0c1e,#1a0c1e,#1a0c1e,#1a0c1e,#1a0c1e,#1a0c1e,#1a0c1e,#1a0c1e,#1a0c1e,#1a0c1e,#1a0c1e,#1a0c1e,#1a0c1e,#1a0c1e,#1a0c1e,#1a0c1e,#1a0c1e,#1a0c1e,#1a0c1e,#1a0c1e,#1a0c1e,#1a0c1e,#1a0c1e,#1a0c1e,#1a0c1e,#1a0c1e,#1a0c1e,#1a0c1e,#1a0c1e,#1a0c1e,#1a0c1e,#1a0c1e,#1a0c1e,#1a0c1e,#1a0c1e,#1a0c1e,#1a0c1e,#1a0c1e,#1a0c1e,#1a0c1e,#1a0c1e,#1a0c1e,#1a0c1e,#1a0c1e,#1a0c1e,#1a0c1e,#1a0c1e,#1a0c1e,#1a0c1e,#1a0c1e,#6b2043
#d16b9b,#1a0c1e,#1a0c1e,#3c1530,#1a0c1e,#1a0c1e,#3c1530,#1a0c1e,#1a0c1e,#3c1530,#1a0c1e,#1a0c1e,#3c1530,#1a0c1e,#1a0c1e,#3c1530,#1a0c1e,#1a0c1e,#3c1530,#1a0c1e,#1a0c1e,#3c1530,#1a0c1e,#1a0c1e,#3c1530,#1a0c1e,#1a0c1e,#3c1530,#1a0c1e,#1a0c1e,#3c1530,#1a0c1e,#1a0c1e,#3c1530,#1a0c1e,#1a0c1e,#3c1530,#1a0c1e,#1a0c1e,#3c1530,#1a0c1e,#1a0c1e,#3c1530,#1a0c1e,#1a0c1e,#3c1530,#1a0c1e,#1a0c1e,#3c1530,#1a0c1e,#1a0c1e,#3c1530,#1a0c1e,#1a0c1e,#3c1530,#1a0c1e,#1a0c1e,#3c1530,#1a0c1e,#1a0c1e,#3c1530,#1a0c1e,#1a0c1e,#6b2043
#d16b9b,#1a0c1e,#1a0c1e,#1a0c1e,#1a0c1e,#1a0c1e,#1a0c1e,#1a0c1e,#1a0c1e,#1a0c1e,#1a0c1e,#1a0c1e,#1a0c1e,#1a0c1e,#1a0c1e,#1a0c1e,#1a0c1e,#1a0c1e,#1a0c1e,#1a0c1e,#1a0c1e,#1a0c1e,#1a0c1e,#1a0c1e,#1a0c1e,#1a0c1e,#1a0c1e,#1a0c1e,#1a0c1e,#1a0c1e,#1a0c1e,#1a0c1e,#1a0c1e,#1a0c1e,#1a0c1e,#1a0c1e,#1a0c1e,#1a0c1e,#1a0c1e,#1a0c1e,#1a0c1e,#1a0c1e,#1a0c1e,#1a0c1e,#1a0c1e,#1a0c1e,#1a0c1e,#1a0c1e,#1a0c1e,#1a0c1e,#1a0c1e,#1a0c1e,#1a0c1e,#1a0c1e,#1a0c1e,#1a0c1e,#1a0c1e,#1a0c1e,#1a0c1e,#1a0c1e,#1a0c1e,#1a0c1e,#1a0c1e,#6b2043
#d16b9b,#1a0c1e,#1a0c1e,#1a0c1e,#1a0c1e,#1a0c1e,#1a0c1e,#1a0c1e,#1a0c1e,#1a0c1e,#1a0c1e,#1a0c1e,#1a0c1e,#1a0c1e,#1a0c1e,#1a0c1e,#1a0c1e,#1a0c1e,#1a0c1e,#1a0c1e,#1a0c1e,#1a0c1e,#1a0c1e,#1a0c1e,#1a0c1e,#1a0c1e,#1a0c1e,#1a0c1e,#1a0c1e,#1a0c1e,#1a0c1e,#1a0c1e,#1a0c1e,#1a0c1e,#1a0c1e,#1a0c1e,#1a0c1e,#1a0c1e,#1a0c1e,#1a0c1e,#1a0c1e,#1a0c1e,#1a0c1e,#1a0c1e,#1a0c1e,#1a0c1e,#1a0c1e,#1a0c1e,#1a0c1e,#1a0c1e,#1a0c1e,#1a0c1e,#1a0c1e,#1a0c1e,#1a0c1e,#1a0c1e,#1a0c1e,#1a0c1e,#1a0c1e,#1a0c1e,#1a0c1e,#1a0c1e,#1a0c1e,#6b2043
#d16b9b,#3c1530,#1a0c1e,#1a0c1e,#3c1530,#1a0c1e,#1a0c1e,#3c1530,#1a0c1e,#1a0c1e,#3c1530,#1a0c1e,#1a0c1e,#3c1530,#1a0c1e,#1a0c1e,#3c1530,#1a0c1e,#1a0c1e,#3c1530,#1a0c1e,#1a0c1e,#3c1530,#1a0c1e,#1a0c1e,#3c1530,#1a0c1e,#1a0c1e,#3c1530,#1a0c1e,#1a0c1e,#3c1530,#1a0c1e,#1a0c1e,#3c1530,#1a0c1e,#1a0c1e,#3c1530,#1a0c1e,#1a0c1e,#3c1530,#1a0c1e,#1a0c1e,#3c1530,#1a0c1e,#1a0c1e,#3c1530,#1a0c1e,#1a0c1e,#3c1530,#1a0c1e,#1a0c1e,#3c1530,#1a0c1e,#1a0c1e,#3c1530,#1a0c1e,#1a0c1e,#3c1530,#1a0c1e,#1a0c1e,#3c1530,#1a0c1e,#6b2043
#d16b9b,#1a0c1e,#1a0c1e,#1a0c1e,#1a0c1e,#1a0c1e,#1a0c1e,#1a0c1e,#1a0c1e,#1a0c1e,#1a0c1e,#1a0c1e,#1a0c1e,#1a0c1e,#1a0c1e,#1a0c1e,#1a0c1e,#1a0c1e,#1a0c1e,#1a0c1e,#1a0c1e,#1a0c1e,#1a0c1e,#1a0c1e,#1a0c1e,#1a0c1e,#1a0c1e,#1a0c1e,#1a0c1e,#1a0c1e,#1a0c1e,#1a0c1e,#1a0c1e,#1a0c1e,#1a0c1e,#1a0c1e,#1a0c1e,#1a0c1e,#1a0c1e,#1a0c1e,#1a0c1e,#1a0c1e,#1a0c1e,#1a0c1e,#1a0c1e,#1a0c1e,#1a0c1e,#1a0c1e,#1a0c1e,#1a0c1e,#1a0c1e,#1a0c1e,#1a0c1e,#1a0c1e,#1a0c1e,#1a0c1e,#1a0c1e,#1a0c1e,#1a0c1e,#1a0c1e,#1a0c1e,#1a0c1e,#1a0c1e,#6b2043
#d16b9b,#1a0c1e,#1a0c1e,#1a0c1e,#1a0c1e,#1a0c1e,#1a0c1e,#1a0c1e,#1a0c1e,#1a0c1e,#1a0c1e,#1a0c1e,#1a0c1e,#1a0c1e,#1a0c1e,#1a0c1e,#1a0c1e,#1a0c1e,#1a0c1e,#1a0c1e,#1a0c1e,#1a0c1e,#1a0c1e,#1a0c1e,#1a0c1e,#1a0c1e,#1a0c1e,#1a0c1e,#1a0c1e,#1a0c1e,#1a0c1e,#1a0c1e,#1a0c1e,#1a0c1e,#1a0c1e,#1a0c1e,#1a0c1e,#1a0c1e,#1a0c1e,#1a0c1e,#1a0c1e,#1a0c1e,#1a0c1e,#1a0c1e,#1a0c1e,#1a0c1e,#1a0c1e,#1a0c1e,#1a0c1e,#1a0c1e,#1a0c1e,#1a0c1e,#1a0c1e,#1a0c1e,#1a0c1e,#1a0c1e,#1a0c1e,#1a0c1e,#1a0c1e,#1a0c1e,#1a0c1e,#1a0c1e,#1a0c1e,#6b2043
#d16b9b,#1a0c1e,#3c1530,#1a0c1e,#1a0c1e,#3c1530,#1a0c1e,#1a0c1e,#3c1530,#1a0c1e,#1a0c1e,#3c1530,#1a0c1e,#1a0c1e,#3c1530,#1a0c1e,#1a0c1e,#3c1530,#1a0c1e,#1a0c1e,#3c1530,#1a0c1e,#1a0c1e,#3c1530,#1a0c1e,#1a0c1e,#3c1530,#1a0c1e,#1a0c1e,#3c1530,#1a0c1e,#1a0c1e,#3c1530,#1a0c1e,#1a0c1e,#3c1530,#1a0c1e,#1a0c1e,#3c1530,#1a0c1e,#1a0c1e,#3c1530,#1a0c1e,#1a0c1e,#3c1530,#1a0c1e,#1a0c1e,#3c1530,#1a0c1e,#1a0c1e,#3c1530,#1a0c1e,#1a0c1e,#3c1530,#1a0c1e,#1a0c1e,#3c1530,#1a0c1e,#1a0c1e,#3c1530,#1a0c1e,#1a0c1e,#3c1530,#6b2043
#d16b9b,#1a0c1e,#1a0c1e,#1a0c1e,#1a0c1e,#1a0c1e,#1a0c1e,#1a0c1e,#1a0c1e,#1a0c1e,#1a0c1e,#1a0c1e,#1a0c1e,#1a0c1e,#1a0c1e,#1a0c1e,#1a0c1e,#1a0c1e,#1a0c1e,#1a0c1e,#1a0c1e,#1a0c1e,#1a0c1e,#1a0c1e,#1a0c1e,#1a0c1e,#1a0c1e,#1a0c1e,#1a0c1e,#1a0c1e,#1a0c1e,#1a0c1e,#1a0c1e,#1a0c1e,#1a0c1e,#1a0c1e,#1a0c1e,#1a0c1e,#1a0c1e,#1a0c1e,#1a0c1e,#1a0c1e,#1a0c1e,#1a0c1e,#1a0c1e,#1a0c1e,#1a0c1e,#1a0c1e,#1a0c1e,#1a0c1e,#1a0c1e,#1a0c1e,#1a0c1e,#1a0c1e,#1a0c1e,#1a0c1e,#1a0c1e,#1a0c1e,#1a0c1e,#1a0c1e,#1a0c1e,#1a0c1e,#1a0c1e,#6b2043
#d16b9b,#1a0c1e,#1a0c1e,#1a0c1e,#1a0c1e,#1a0c1e,#1a0c1e,#1a0c1e,#1a0c1e,#1a0c1e,#1a0c1e,#1a0c1e,#1a0c1e,#1a0c1e,#1a0c1e,#1a0c1e,#1a0c1e,#1a0c1e,#1a0c1e,#1a0c1e,#1a0c1e,#1a0c1e,#1a0c1e,#1a0c1e,#1a0c1e,#1a0c1e,#1a0c1e,#1a0c1e,#1a0c1e,#1a0c1e,#1a0c1e,#1a0c1e,#1a0c1e,#1a0c1e,#1a0c1e,#1a0c1e,#1a0c1e,#1a0c1e,#1a0c1e,#1a0c1e,#1a0c1e,#1a0c1e,#1a0c1e,#1a0c1e,#1a0c1e,#1a0c1e,#1a0c1e,#1a0c1e,#1a0c1e,#1a0c1e,#1a0c1e,#1a0c1e,#1a0c1e,#1a0c1e,#1a0c1e,#1a0c1e,#1a0c1e,#1a0c1e,#1a0c1e,#1a0c1e,#1a0c1e,#1a0c1e,#1a0c1e,#6b2043
#d16b9b,#6b2043,#6b2043,#6b2043,#6b2043,#6b2043,#6b2043,#6b2043,#6b2043,#6b2043,#6b2043,#6b2043,#6b2043,#6b2043,#6b2043,#6b2043,#6b2043,#6b2043,#6b2043,#6b2043,#6b2043,#6b2043,#6b2043,#6b2043,#6b2043,#6b2043,#6b2043,#6b2043,#6b2043,#6b2043,#6b2043,#6b2043,#6b2043,#6b2043,#6b2043,#6b2043,#6b2043,#6b2043,#6b2043,#6b2043,#6b2043,#6b2043,#6b2043,#6b2043,#6b2043,#6b2043,#6b2043,#6b2043,#6b2043,#6b2043,#6b2043,#6b2043,#6b2043,#6b2043,#6b2043,#6b2043,#6b2043,#6b2043,#6b2043,#6b2043,#6b2043,#6b2043,#6b2043,#6b2043
