#2b282d,#2b282d,#2b282d,#2b282d,#2b282d,#2b282d,#2b282d,#2b282d,#2b282d,#2b282d,#2b282d,#2b282d,#2b282d,#2b282d,#2b282d,#2b282d,#2b282d,#2b282d,#2b282d,#2b282d,#2b282d,#2b282d,#2b282d,#2b282d,#2b282d,#2b282d,#2b282d,#2b282d,#2b282d,#2b282d,#2b282d,#2b282d,#2b282d,#2b282d,#2b282d,#2b282d,#2b282d,#2b282d,#2b282d,#2b282d,#2b282d,#2b282d,#2b282d,#2b282d,#2b282d,#2b282d,#2b282d,#2b282d,#2b282d,#2b282d,#2b282d,#2b282d,#2b282d,#2b282d,#2b282d,#2b282d,#2b282d,#2b282d,#2b282d,#2b282d,#2b282d,#2b282d,#2b282d,#2b282d
#2b282d,#0a0410,#0a0410,#0a0410,#0a0410,#0a0410,#0a0410,#0a0410,#0a0410,#0a0410,#0a0410,#0a0410,#0a0410,#0a0410,#0a0410,#0a0410,#0a0410,#0a0410,#0a0410,#0a0410,#0a0410,#0a0410,#0a0410,#0a0410,#0a0410,#0a0410,#0a0410,#53405f,#0a0410,#53405f,#0a0410,#53405f,#0a0410,#53405f,#0a0410,#0a0410,#0a0410,#0a0410,#0a0410,#0a0410,#0a0410,#0a0410,#0a0410,#0a0410,#0a0410,#0a0410,#0a0410,#0a0410,#0a0410,#0a0410,#0a0410,#0a0410,#0a0410,#0a0410,#0a0410,#0a0410,#0a0410,#0a0410,#0a0410,#0a0410,#0a0410,#0a0410,#0a0410,#050208
#2b282d,#0a0410,#110718,#0a0410,#0a0410,#0a0410,#110718,#0a0410,#0a0410,#0a0410,#110718,#0a0410,#0a0410,#0a0410,#110718,#0a0410,#0a0410,#0a0410,#110718,#0a0410,#0a0410,#0a0410,#110718,#0a0410,#0a0410,#0a0410,#53405f,#0a0410,#53405f,#0a0410,#53405f,#0a0410,#53405f,#0a0410,#110718,#0a0410,#0a0410,#0a0410,#110718,#0a0410,#0a0410,#0a0410,#110718,#0a0410,#0a0410,#0a0410,#110718,#0a0410,#0a0410,#0a0410,#110718,#0a0410,#0a0410,#0a0410,#110718,#0a0410,#0a0410,#0a0410,#110718,#0a0410,#0a0410,#0a0410,#110718,#050208
#2b282d,#0a0410,#0a0410,#0a0410,#0a0410,#0a0410,#0a0410,#0a0410,#0a0410,#0a0410,#0a0410,#0a0410,#0a0410,#0a0410,#0a0410,#0a0410,#0a0410,#0a0410,#0a0410,#0a0410,#0a0410,#0a0410,#0a0410,#0a0410,#0a0410,#0a0410,#0a0410,#53405f,#0a0410,#53405f,#0a0410,#53405f,#0a0410,#0a0410,#0a0410,#0a0410,#0a0410,#0a0410,#0a0410,#0a0410,#0a0410,#0a0410,#0a0410,#0a0410,#0a0410,#0a0410,#0a0410,#0a0410,#0a0410,#0a0410,#0a0410,#0a0410,#0a0410,#0a0410,#0a0410,#0a0410,#0a0410,#0a0410,#0a0410,#0a0410,#0a0410,#0a0410,#0a0410,#050208
#2b282d,#0a0410,#110718,#0a0410,#110718,#0a0410,#110718,#0a0410,#110718,#0a0410,#110718,#0a0410,#110718,#0a0410,#110718,#0a0410,#110718,#0a0410,#110718,#0a0410,#110718,#0a0410,#110718,#0a0410,#110718,#0a0410,#53405f,#0a0410,#53405f,#53405f,#53405f,#0a0410,#110718,#0a0410,#110718,#0a0410,#110718,#0a0410,#110718,#0a0410,#110718,#0a0410,#110718,#0a0410,#110718,#0a0410,#110718,#0a0410,#110718,#0a0410,#110718,#0a0410,#110718,#0a0410,#110718,#0a0410,#110718,#0a0410,#110718,#0a0410,#110718,#0a0410,#110718,#050208
#2b282d,#110718,#0a0410,#110718,#0a0410,#110718,#0a0410,#110718,#0a0410,#110718,#0a0410,#110718,#0a0410,#110718,#0a0410,#110718,#0a0410,#110718,#0a0410,#110718,#0a0410,#110718,#0a0410,#110718,#0a0410,#53405f,#0a0410,#53405f,#0a0410,#53405f,#0a0410,#110718,#0a0410,#110718,#0a0410,#110718,#0a0410,#110718,#0a0410,#110718,#0a0410,#110718,#0a0410,#110718,#0a0410,#110718,#0a0410,#110718,#0a0410,#110718,#0a0410,#110718,#0a0410,#110718,#0a0410,#110718,#0a0410,#110718,#0a0410,#110718,#0a0410,#110718,#0a0410,#050208
#2b282d,#0a0410,#110718,#0a0410,#110718,#0a0410,#110718,#0a0410,#110718,#0a0410,#110718,#0a0410,#110718,#0a0410,#110718,#0a0410,#110718,#0a0410,#110718,#0a0410,#110718,#0a0410,#110718,#0a0410,#110718,#0a0410,#53405f,#0a0410,#53405f,#050208,#050208,#0a0410,#110718,#0a0410,#110718,#0a0410,#110718,#0a0410,#110718,#0a0410,#110718,#0a0410,#110718,#0a0410,#110718,#0a0410,#110718,#0a0410,#110718,#0a0410,#110718,#0a0410,#110718,#0a0410,#110718,#0a0410,#110718,#0a0410,#110718,#0a0410,#110718,#0a0410,#110718,#050208
#2b282d,#110718,#0a0410,#110718,#0a0410,#110718,#0a0410,#110718,#0a0410,#110718,#0a0410,#110718,#0a0410,#110718,#0a0410,#110718,#0a0410,#110718,#0a0410,#110718,#0a0410,#110718,#0a0410,#110718,#0a0410,#53405f,#0a0410,#53405f,#050208,#f4eae4,#eaaab8,#050208,#0a0410,#110718,#0a0410,#110718,#0a0410,#110718,#0a0410,#110718,#0a0410,#110718,#0a0410,#110718,#0a0410,#110718,#0a0410,#110718,#0a0410,#110718,#0a0410,#110718,#0a0410,#110718,#0a0410,#110718,#0a0410,#110718,#0a0410,#110718,#0a0410,#110718,#0a0410,#050208
#2b282d,#110718,#110718,#110718,#110718,#110718,#110718,#110718,#110718,#110718,#110718,#110718,#110718,#110718,#110718,#110718,#110718,#110718,#110718,#110718,#53405f,#110718,#53405f,#110718,#53405f,#53405f,#53405f,#050208,#f4eae4,#ecdacf,#9e8b83,#eaaab8,#050208,#110718,#110718,#110718,#110718,#110718,#110718,#110718,#110718,#110718,#110718,#110718,#110718,#110718,#110718,#110718,#110718,#110718,#110718,#110718,#110718,#110718,#110718,#110718,#110718,#110718,#110718,#110718,#110718,#110718,#110718,#050208
#2b282d,#110718,#0a0410,#110718,#110718,#110718,#0a0410,#110718,#110718,#110718,#0a0410,#110718,#110718,#110718,#0a0410,#110718,#110718,#110718,#0a0410,#110718,#110718,#53405f,#0a0410,#110718,#110718,#53405f,#050208,#f4eae4,#ecdacf,#ecdacf,#ecdacf,#9e8b83,#eaaab8,#050208,#0a0410,#110718,#110718,#110718,#0a0410,#110718,#110718,#110718,#0a0410,#110718,#110718,#110718,#0a0410,#110718,#110718,#110718,#0a0410,#110718,#110718,#110718,#0a0410,#110718,#110718,#110718,#0a0410,#110718,#110718,#110718,#0a0410,#050208
#2b282d,#110718,#110718,#110718,#110718,#110718,#110718,#110718,#110718,#110718,#110718,#110718,#110718,#110718,#110718,#110718,#110718,#110718,#110718,#110718,#53405f,#110718,#53405f,#110718,#53405f,#110718,#53405f,#f4eae4,#ecdacf,#ecdacf,#9e8b83,#9e8b83,#eaaab8,#050208,#110718,#110718,#110718,#110718,#110718,#110718,#110718,#110718,#110718,#110718,#110718,#110718,#110718,#110718,#110718,#110718,#110718,#110718,#110718,#110718,#110718,#110718,#110718,#110718,#110718,#110718,#110718,#110718,#110718,#050208
#2b282d,#110718,#110718,#110718,#0a0410,#110718,#110718,#110718,#0a0410,#110718,#110718,#110718,#0a0410,#110718,#110718,#110718,#0a0410,#07030a,#110718,#07030a,#0a0410,#110718,#110718,#110718,#0a0410,#050208,#f4eae4,#ecdacf,#ecdacf,#e3c9b8,#e3c9b8,#5c5051,#5c5051,#eaaab8,#050208,#110718,#0a0410,#110718,#110718,#110718,#0a0410,#110718,#110718,#110718,#07030a,#110718,#07030a,#110718,#0a0410,#110718,#110718,#110718,#0a0410,#110718,#110718,#110718,#0a0410,#110718,#110718,#110718,#0a0410,#110718,#110718,#050208
#2b282d,#110718,#110718,#110718,#180a1f,#110718,#110718,#110718,#180a1f,#110718,#110718,#110718,#180a1f,#110718,#110718,#110718,#07030a,#110718,#53405f,#110718,#53405f,#110718,#53405f,#110718,#53405f,#f4eae4,#ecdacf,#ecdacf,#ecdacf,#e3c9b8,#9e8b83,#5c5051,#847687,#eaaab8,#050208,#110718,#180a1f,#110718,#110718,#110718,#180a1f,#110718,#110718,#07030a,#180a1f,#07030a,#110718,#07030a,#180a1f,#110718,#110718,#110718,#180a1f,#110718,#110718,#110718,#180a1f,#110718,#110718,#110718,#180a1f,#110718,#110718,#050208
#2b282d,#110718,#110718,#110718,#110718,#110718,#110718,#110718,#110718,#110718,#110718,#110718,#110718,#110718,#110718,#110718,#110718,#110718,#110718,#110718,#110718,#53405f,#110718,#050208,#f4eae4,#ecdacf,#ecdacf,#ecdacf,#e3c9b8,#ecdacf,#e3c9b8,#9e8b83,#ecdacf,#ecdacf,#eaaab8,#050208,#110718,#110718,#110718,#110718,#110718,#110718,#110718,#110718,#110718,#110718,#110718,#110718,#110718,#110718,#110718,#110718,#110718,#110718,#110718,#110718,#110718,#110718,#110718,#110718,#110718,#110718,#110718,#050208
#2b282d,#110718,#180a1f,#110718,#180a1f,#110718,#180a1f,#110718,#180a1f,#110718,#180a1f,#110718,#180a1f,#110718,#180a1f,#110718,#180a1f,#110718,#180a1f,#110718,#53405f,#110718,#53405f,#050208,#f4eae4,#ecdacf,#ecdacf,#9e8b83,#ecdacf,#e3c9b8,#9e8b83,#9e8b83,#5c5051,#847687,#eaaab8,#050208,#180a1f,#110718,#180a1f,#110718,#180a1f,#110718,#180a1f,#110718,#180a1f,#110718,#180a1f,#110718,#180a1f,#110718,#180a1f,#110718,#180a1f,#110718,#180a1f,#110718,#180a1f,#110718,#180a1f,#110718,#180a1f,#110718,#180a1f,#050208
#2b282d,#110718,#110718,#110718,#110718,#110718,#110718,#110718,#110718,#110718,#110718,#110718,#110718,#110718,#110718,#110718,#110718,#110718,#110718,#53405f,#110718,#110718,#110718,#53405f,#f4eae4,#ecdacf,#e3c9b8,#ecdacf,#e3c9b8,#e3c9b8,#e3c9b8,#9e8b83,#e3c9b8,#ecdacf,#eaaab8,#050208,#110718,#110718,#110718,#110718,#110718,#110718,#110718,#110718,#110718,#110718,#110718,#110718,#110718,#110718,#110718,#110718,#110718,#110718,#110718,#110718,#110718,#110718,#110718,#110718,#110718,#110718,#110718,#050208
#2b282d,#110718,#180a1f,#110718,#180a1f,#110718,#180a1f,#110718,#180a1f,#110718,#180a1f,#110718,#180a1f,#110718,#180a1f,#110718,#180a1f,#110718,#53405f,#110718,#53405f,#110718,#53405f,#050208,#f4eae4,#ecdacf,#ecdacf,#e3c9b8,#9e8b83,#e3c9b8,#e3c9b8,#e3c9b8,#9e8b83,#9e8b83,#eaaab8,#050208,#180a1f,#110718,#180a1f,#110718,#180a1f,#110718,#180a1f,#110718,#180a1f,#110718,#180a1f,#110718,#180a1f,#110718,#180a1f,#110718,#180a1f,#110718,#180a1f,#110718,#180a1f,#110718,#180a1f,#110718,#180a1f,#110718,#180a1f,#050208
#2b282d,#180a1f,#110718,#180a1f,#110718,#180a1f,#07030a,#07030a,#110718,#180a1f,#110718,#180a1f,#110718,#180a1f,#110718,#180a1f,#07030a,#07030a,#110718,#180a1f,#110718,#53405f,#110718,#050208,#f4eae4,#ecdacf,#e3c9b8,#9e8b83,#e3c9b8,#9e8b83,#e3c9b8,#9e8b83,#e3c9b8,#9e8b83,#eaaab8,#050208,#110718,#180a1f,#110718,#180a1f,#110718,#180a1f,#110718,#180a1f,#110718,#180a1f,#110718,#180a1f,#110718,#180a1f,#110718,#180a1f,#110718,#180a1f,#110718,#180a1f,#110718,#180a1f,#110718,#180a1f,#110718,#180a1f,#110718,#050208
#2b282d,#110718,#180a1f,#110718,#180a1f,#110718,#07030a,#07030a,#180a1f,#110718,#180a1f,#110718,#180a1f,#110718,#180a1f,#07030a,#07030a,#07030a,#53405f,#110718,#53405f,#110718,#53405f,#050208,#f4eae4,#ecdacf,#9e8b83,#e3c9b8,#9e8b83,#e3c9b8,#9e8b83,#e3c9b8,#9e8b83,#9e8b83,#eaaab8,#050208,#180a1f,#110718,#180a1f,#110718,#180a1f,#110718,#180a1f,#110718,#180a1f,#110718,#180a1f,#110718,#180a1f,#110718,#180a1f,#110718,#180a1f,#110718,#180a1f,#110718,#180a1f,#110718,#180a1f,#110718,#180a1f,#110718,#180a1f,#050208
#2b282d,#180a1f,#110718,#180a1f,#110718,#07030a,#07030a,#07030a,#07030a,#180a1f,#110718,#180a1f,#110718,#180a1f,#07030a,#07030a,#07030a,#07030a,#07030a,#53405f,#110718,#180a1f,#050208,#f4eae4,#ecdacf,#ecdacf,#9e8b83,#9e8b83,#9e8b83,#9e8b83,#9e8b83,#5c5051,#5c5051,#9e8b83,#5c5051,#9d6083,#050208,#180a1f,#110718,#180a1f,#110718,#180a1f,#110718,#180a1f,#110718,#180a1f,#110718,#180a1f,#110718,#180a1f,#110718,#180a1f,#110718,#180a1f,#110718,#180a1f,#110718,#180a1f,#110718,#180a1f,#110718,#180a1f,#110718,#050208
#2b282d,#180a1f,#180a1f,#180a1f,#180a1f,#07030a,#07030a,#07030a,#07030a,#180a1f,#180a1f,#180a1f,#180a1f,#180a1f,#180a1f,#07030a,#07030a,#07030a,#53405f,#180a1f,#53405f,#180a1f,#53405f,#f4eae4,#ecdacf,#ecdacf,#9e8b83,#5c5051,#5c5051,#5c5051,#5c5051,#5c5051,#847687,#ecdacf,#9e8b83,#eaaab8,#050208,#180a1f,#180a1f,#180a1f,#180a1f,#180a1f,#180a1f,#180a1f,#180a1f,#180a1f,#180a1f,#180a1f,#180a1f,#180a1f,#180a1f,#180a1f,#180a1f,#180a1f,#180a1f,#180a1f,#180a1f,#180a1f,#180a1f,#180a1f,#180a1f,#180a1f,#180a1f,#050208
#2b282d,#07030a,#110718,#180a1f,#07030a,#07030a,#07030a,#07030a,#07030a,#07030a,#110718,#180a1f,#180a1f,#180a1f,#07030a,#07030a,#07030a,#07030a,#07030a,#53405f,#180a1f,#53405f,#050208,#f4eae4,#ecdacf,#9e8b83,#9e8b83,#5c5051,#f08ab8,#f08ab8,#f08ab8,#f08ab8,#f08ab8,#ecdacf,#9e8b83,#eaaab8,#050208,#180a1f,#110718,#180a1f,#180a1f,#180a1f,#110718,#180a1f,#180a1f,#180a1f,#110718,#180a1f,#180a1f,#180a1f,#110718,#180a1f,#180a1f,#180a1f,#110718,#180a1f,#180a1f,#180a1f,#110718,#180a1f,#180a1f,#180a1f,#110718,#050208
#2b282d,#07030a,#180a1f,#180a1f,#07030a,#07030a,#07030a,#07030a,#07030a,#07030a,#180a1f,#180a1f,#180a1f,#180a1f,#07030a,#07030a,#07030a,#07030a,#07030a,#07030a,#53405f,#180a1f,#53405f,#f4eae4,#ecdacf,#e3c9b8,#9e8b83,#5c5051,#f08ab8,#f08ab8,#f08ab8,#f08ab8,#f08ab8,#ecdacf,#9e8b83,#eaaab8,#050208,#180a1f,#180a1f,#180a1f,#180a1f,#180a1f,#180a1f,#180a1f,#180a1f,#180a1f,#180a1f,#180a1f,#180a1f,#180a1f,#180a1f,#180a1f,#180a1f,#180a1f,#180a1f,#180a1f,#180a1f,#180a1f,#180a1f,#180a1f,#180a1f,#180a1f,#180a1f,#050208
#2b282d,#07030a,#180a1f,#180a1f,#07030a,#07030a,#07030a,#07030a,#07030a,#07030a,#180a1f,#180a1f,#180a1f,#180a1f,#07030a,#07030a,#07030a,#07030a,#07030a,#53405f,#180a1f,#53405f,#050208,#f4eae4,#ecdacf,#9e8b83,#9e8b83,#5c5051,#f08ab8,#f08ab8,#f08ab8,#f08ab8,#f08ab8,#ecdacf,#9e8b83,#eaaab8,#050208,#180a1f,#180a1f,#180a1f,#180a1f,#180a1f,#180a1f,#180a1f,#180a1f,#180a1f,#180a1f,#180a1f,#180a1f,#180a1f,#180a1f,#180a1f,#180a1f,#180a1f,#180a1f,#180a1f,#180a1f,#180a1f,#180a1f,#180a1f,#180a1f,#180a1f,#180a1f,#050208
#2b282d,#07030a,#180a1f,#180a1f,#07030a,#07030a,#07030a,#07030a,#07030a,#07030a,#180a1f,#180a1f,#1f0d27,#180a1f,#07030a,#07030a,#07030a,#07030a,#07030a,#07030a,#53405f,#180a1f,#53405f,#f4eae4,#ecdacf,#e3c9b8,#9e8b83,#5c5051,#f08ab8,#f08ab8,#f08ab8,#f08ab8,#f08ab8,#ecdacf,#9e8b83,#eaaab8,#050208,#180a1f,#180a1f,#180a1f,#1f0d27,#180a1f,#180a1f,#180a1f,#1f0d27,#180a1f,#180a1f,#180a1f,#1f0d27,#180a1f,#180a1f,#180a1f,#1f0d27,#180a1f,#180a1f,#180a1f,#1f0d27,#180a1f,#180a1f,#180a1f,#1f0d27,#180a1f,#180a1f,#050208
#2b282d,#07030a,#180a1f,#180a1f,#07030a,#ffd966,#07030a,#07030a,#07030a,#07030a,#180a1f,#180a1f,#180a1f,#180a1f,#07030a,#07030a,#07030a,#07030a,#07030a,#07030a,#180a1f,#53405f,#050208,#f4eae4,#ecdacf,#9e8b83,#9e8b83,#5c5051,#f08ab8,#f08ab8,#f08ab8,#f08ab8,#f08ab8,#ecdacf,#9e8b83,#eaaab8,#050208,#180a1f,#180a1f,#180a1f,#180a1f,#180a1f,#180a1f,#180a1f,#180a1f,#180a1f,#180a1f,#180a1f,#180a1f,#180a1f,#180a1f,#180a1f,#180a1f,#180a1f,#180a1f,#180a1f,#180a1f,#180a1f,#180a1f,#180a1f,#180a1f,#180a1f,#180a1f,#050208
#2b282d,#07030a,#1f0d27,#180a1f,#07030a,#07030a,#07030a,#07030a,#07030a,#07030a,#1f0d27,#180a1f,#1f0d27,#180a1f,#07030a,#07030a,#07030a,#07030a,#07030a,#07030a,#1f0d27,#180a1f,#53405f,#f4eae4,#ecdacf,#e3c9b8,#9e8b83,#5c5051,#f08ab8,#f08ab8,#f08ab8,#f08ab8,#f08ab8,#ecdacf,#9e8b83,#eaaab8,#050208,#180a1f,#1f0d27,#180a1f,#1f0d27,#180a1f,#1f0d27,#180a1f,#1f0d27,#180a1f,#1f0d27,#180a1f,#1f0d27,#180a1f,#1f0d27,#180a1f,#1f0d27,#180a1f,#1f0d27,#180a1f,#1f0d27,#180a1f,#1f0d27,#180a1f,#1f0d27,#180a1f,#1f0d27,#050208
#2b282d,#07030a,#180a1f,#180a1f,#07030a,#07030a,#07030a,#07030a,#07030a,#07030a,#180a1f,#180a1f,#180a1f,#180a1f,#07030a,#07030a,#07030a,#07030a,#07030a,#07030a,#180a1f,#53405f,#050208,#f4eae4,#ecdacf,#9e8b83,#e3c9b8,#9e8b83,#ecdacf,#ecdacf,#ecdacf,#ecdacf,#ecdacf,#ecdacf,#5c5051,#eaaab8,#050208,#180a1f,#180a1f,#180a1f,#180a1f,#180a1f,#180a1f,#180a1f,#180a1f,#180a1f,#180a1f,#180a1f,#180a1f,#180a1f,#180a1f,#180a1f,#180a1f,#180a1f,#180a1f,#180a1f,#180a1f,#180a1f,#180a1f,#180a1f,#180a1f,#180a1f,#180a1f,#050208
#2b282d,#07030a,#1f0d27,#180a1f,#07030a,#07030a,#07030a,#07030a,#07030a,#07030a,#1f0d27,#180a1f,#1f0d27,#180a1f,#07030a,#07030a,#07030a,#07030a,#07030a,#07030a,#1f0d27,#180a1f,#050208,#f4eae4,#ecdacf,#9e8b83,#9e8b83,#9e8b83,#5c5051,#847687,#ecdacf,#9e8b83,#5c5051,#5c5051,#5c5051,#9d6083,#050208,#180a1f,#1f0d27,#180a1f,#1f0d27,#180a1f,#1f0d27,#180a1f,#1f0d27,#180a1f,#1f0d27,#180a1f,#1f0d27,#180a1f,#1f0d27,#180a1f,#1f0d27,#180a1f,#1f0d27,#180a1f,#1f0d27,#180a1f,#1f0d27,#180a1f,#1f0d27,#180a1f,#1f0d27,#050208
#2b282d,#07030a,#180a1f,#1f0d27,#07030a,#07030a,#07030a,#07030a,#07030a,#07030a,#180a1f,#1f0d27,#180a1f,#1f0d27,#07030a,#07030a,#07030a,#07030a,#07030a,#07030a,#180a1f,#050208,#f4eae4,#ecdacf,#ecdacf,#9e8b83,#9e8b83,#5c5051,#5c5051,#ecdacf,#e3c9b8,#5c5051,#5c5051,#9e8b83,#e3c9b8,#ecdacf,#eaaab8,#050208,#180a1f,#1f0d27,#180a1f,#1f0d27,#180a1f,#1f0d27,#180a1f,#1f0d27,#180a1f,#1f0d27,#180a1f,#1f0d27,#180a1f,#1f0d27,#180a1f,#1f0d27,#180a1f,#1f0d27,#180a1f,#1f0d27,#180a1f,#1f0d27,#180a1f,#1f0d27,#180a1f,#050208
#2b282d,#07030a,#1f0d27,#ffd966,#07030a,#07030a,#07030a,#07030a,#07030a,#07030a,#1f0d27,#180a1f,#1f0d27,#180a1f,#07030a,#07030a,#07030a,#07030a,#07030a,#07030a,#1f0d27,#050208,#f4eae4,#ecdacf,#ecdacf,#e3c9b8,#9e8b83,#5c5051,#f08ab8,#f08ab8,#f08ab8,#f08ab8,#f08ab8,#ecdacf,#ecdacf,#9e8b83,#eaaab8,#050208,#1f0d27,#180a1f,#1f0d27,#180a1f,#1f0d27,#180a1f,#1f0d27,#180a1f,#1f0d27,#180a1f,#1f0d27,#180a1f,#1f0d27,#180a1f,#1f0d27,#180a1f,#1f0d27,#180a1f,#1f0d27,#180a1f,#1f0d27,#180a1f,#1f0d27,#180a1f,#1f0d27,#050208
#2b282d,#07030a,#180a1f,#1f0d27,#07030a,#07030a,#07030a,#07030a,#07030a,#07030a,#180a1f,#1f0d27,#180a1f,#1f0d27,#07030a,#07030a,#07030a,#07030a,#07030a,#07030a,#180a1f,#050208,#f4eae4,#ecdacf,#e3c9b8,#9e8b83,#9e8b83,#5c5051,#f08ab8,#f08ab8,#f08ab8,#f08ab8,#f08ab8,#ecdacf,#ecdacf,#9e8b83,#eaaab8,#050208,#180a1f,#1f0d27,#180a1f,#1f0d27,#180a1f,#1f0d27,#180a1f,#1f0d27,#180a1f,#1f0d27,#180a1f,#1f0d27,#180a1f,#1f0d27,#180a1f,#1f0d27,#180a1f,#1f0d27,#180a1f,#1f0d27,#180a1f,#1f0d27,#180a1f,#1f0d27,#180a1f,#050208
#2b282d,#07030a,#1f0d27,#1f0d27,#07030a,#07030a,#07030a,#07030a,#07030a,#07030a,#1f0d27,#ffd966,#1f0d27,#1f0d27,#07030a,#07030a,#07030a,#ffd966,#07030a,#07030a,#1f0d27,#050208,#f4eae4,#ecdacf,#9e8b83,#e3c9b8,#9e8b83,#5c5051,#f08ab8,#f08ab8,#f08ab8,#f08ab8,#f08ab8,#ecdacf,#ecdacf,#9e8b83,#eaaab8,#050208,#1f0d27,#1f0d27,#1f0d27,#1f0d27,#1f0d27,#1f0d27,#1f0d27,#1f0d27,#1f0d27,#1f0d27,#1f0d27,#1f0d27,#1f0d27,#1f0d27,#1f0d27,#1f0d27,#1f0d27,#1f0d27,#1f0d27,#1f0d27,#1f0d27,#1f0d27,#1f0d27,#1f0d27,#1f0d27,#050208
#2b282d,#07030a,#07030a,#ffd966,#07030a,#07030a,#07030a,#07030a,#07030a,#07030a,#07030a,#07030a,#07030a,#07030a,#07030a,#07030a,#07030a,#07030a,#07030a,#07030a,#07030a,#050208,#f4eae4,#ecdacf,#e3c9b8,#9e8b83,#9e8b83,#5c5051,#f08ab8,#f08ab8,#f08ab8,#f08ab8,#f08ab8,#ecdacf,#ecdacf,#9e8b83,#eaaab8,#050208,#180a1f,#1f0d27,#1f0d27,#1f0d27,#180a1f,#1f0d27,#1f0d27,#1f0d27,#180a1f,#1f0d27,#1f0d27,#1f0d27,#180a1f,#1f0d27,#1f0d27,#1f0d27,#180a1f,#1f0d27,#1f0d27,#1f0d27,#180a1f,#1f0d27,#1f0d27,#1f0d27,#180a1f,#050208
#2b282d,#07030a,#07030a,#07030a,#07030a,#07030a,#07030a,#07030a,#07030a,#07030a,#07030a,#07030a,#07030a,#07030a,#07030a,#07030a,#07030a,#07030a,#07030a,#07030a,#07030a,#050208,#f4eae4,#ecdacf,#9e8b83,#e3c9b8,#9e8b83,#5c5051,#f08ab8,#f08ab8,#f08ab8,#f08ab8,#f08ab8,#ecdacf,#e3c9b8,#9e8b83,#eaaab8,#050208,#1f0d27,#1f0d27,#1f0d27,#1f0d27,#1f0d27,#1f0d27,#1f0d27,#1f0d27,#1f0d27,#1f0d27,#1f0d27,#1f0d27,#1f0d27,#1f0d27,#1f0d27,#1f0d27,#1f0d27,#1f0d27,#1f0d27,#1f0d27,#1f0d27,#1f0d27,#1f0d27,#1f0d27,#1f0d27,#050208
#2b282d,#07030a,#07030a,#07030a,#07030a,#07030a,#07030a,#07030a,#07030a,#07030a,#07030a,#07030a,#07030a,#07030a,#07030a,#07030a,#07030a,#07030a,#07030a,#07030a,#07030a,#050208,#f4eae4,#ecdacf,#e3c9b8,#9e8b83,#9e8b83,#5c5051,#f08ab8,#f08ab8,#f08ab8,#f08ab8,#f08ab8,#ecdacf,#ecdacf,#9e8b83,#eaaab8,#050208,#1f0d27,#1f0d27,#1f0d27,#1f0d27,#1f0d27,#1f0d27,#1f0d27,#1f0d27,#1f0d27,#1f0d27,#1f0d27,#1f0d27,#1f0d27,#1f0d27,#1f0d27,#1f0d27,#1f0d27,#1f0d27,#1f0d27,#1f0d27,#1f0d27,#1f0d27,#1f0d27,#1f0d27,#1f0d27,#050208
#2b282d,#07030a,#07030a,#07030a,#07030a,#07030a,#07030a,#07030a,#07030a,#07030a,#07030a,#07030a,#07030a,#07030a,#07030a,#07030a,#07030a,#07030a,#07030a,#07030a,#07030a,#050208,#f4eae4,#9e8b83,#9e8b83,#9e8b83,#9e8b83,#5c5051,#ecdacf,#847687,#ecdacf,#ecdacf,#ecdacf,#ecdacf,#e3c9b8,#9e8b83,#eaaab8,#050208,#1f0d27,#1f0d27,#26102e,#1f0d27,#1f0d27,#1f0d27,#26102e,#1f0d27,#1f0d27,#1f0d27,#26102e,#1f0d27,#1f0d27,#1f0d27,#26102e,#1f0d27,#1f0d27,#1f0d27,#26102e,#1f0d27,#1f0d27,#1f0d27,#26102e,#1f0d27,#1f0d27,#050208
#2b282d,#07030a,#07030a,#07030a,#07030a,#07030a,#07030a,#07030a,#07030a,#07030a,#07030a,#07030a,#07030a,#07030a,#07030a,#07030a,#07030a,#07030a,#07030a,#07030a,#07030a,#050208,#f4eae4,#ecdacf,#5c5051,#5c5051,#9e8b83,#5c5051,#847687,#ecdacf,#ecdacf,#9e8b83,#9e8b83,#ecdacf,#ecdacf,#9e8b83,#eaaab8,#050208,#1f0d27,#1f0d27,#1f0d27,#1f0d27,#1f0d27,#1f0d27,#1f0d27,#1f0d27,#1f0d27,#1f0d27,#1f0d27,#1f0d27,#1f0d27,#1f0d27,#1f0d27,#1f0d27,#1f0d27,#1f0d27,#1f0d27,#1f0d27,#1f0d27,#1f0d27,#1f0d27,#1f0d27,#1f0d27,#050208
#2b282d,#07030a,#07030a,#07030a,#07030a,#07030a,#07030a,#07030a,#07030a,#07030a,#07030a,#07030a,#07030a,#07030a,#07030a,#07030a,#07030a,#07030a,#07030a,#07030a,#07030a,#050208,#f4eae4,#9e8b83,#5c5051,#847687,#ecdacf,#5c5051,#ecdacf,#ecdacf,#5c5051,#5c5051,#5c5051,#e3c9b8,#9e8b83,#9e8b83,#eaaab8,#050208,#26102e,#1f0d27,#26102e,#1f0d27,#26102e,#1f0d27,#26102e,#1f0d27,#26102e,#1f0d27,#26102e,#1f0d27,#26102e,#1f0d27,#26102e,#1f0d27,#26102e,#1f0d27,#26102e,#1f0d27,#26102e,#1f0d27,#26102e,#1f0d27,#26102e,#050208
#2b282d,#07030a,#07030a,#07030a,#07030a,#07030a,#07030a,#07030a,#07030a,#07030a,#07030a,#07030a,#07030a,#07030a,#07030a,#07030a,#07030a,#07030a,#07030a,#07030a,#07030a,#050208,#f4eae4,#ecdacf,#9e8b83,#ecdacf,#ecdacf,#5c5051,#f08ab8,#f08ab8,#f08ab8,#f08ab8,#f08ab8,#ecdacf,#ecdacf,#5c5051,#eaaab8,#050208,#1f0d27,#26102e,#1f0d27,#1f0d27,#1f0d27,#26102e,#1f0d27,#1f0d27,#1f0d27,#26102e,#1f0d27,#1f0d27,#1f0d27,#26102e,#1f0d27,#1f0d27,#1f0d27,#26102e,#1f0d27,#1f0d27,#1f0d27,#26102e,#1f0d27,#1f0d27,#1f0d27,#050208
#2b282d,#07030a,#07030a,#07030a,#07030a,#07030a,#07030a,#07030a,#07030a,#07030a,#07030a,#07030a,#07030a,#07030a,#07030a,#07030a,#07030a,#07030a,#07030a,#07030a,#050208,#f4eae4,#ecdacf,#5c5051,#5c5051,#ecdacf,#9e8b83,#5c5051,#f08ab8,#f08ab8,#f08ab8,#f08ab8,#f08ab8,#e3c9b8,#ecdacf,#e3c9b8,#9e8b83,#eaaab8,#050208,#1f0d27,#26102e,#1f0d27,#26102e,#1f0d27,#26102e,#1f0d27,#26102e,#1f0d27,#26102e,#1f0d27,#26102e,#1f0d27,#26102e,#1f0d27,#26102e,#1f0d27,#26102e,#1f0d27,#26102e,#1f0d27,#26102e,#1f0d27,#26102e,#050208
#2b282d,#07030a,#07030a,#07030a,#07030a,#07030a,#07030a,#07030a,#07030a,#07030a,#07030a,#07030a,#07030a,#07030a,#07030a,#07030a,#07030a,#07030a,#07030a,#07030a,#050208,#f4eae4,#9e8b83,#5c5051,#847687,#ecdacf,#9e8b83,#5c5051,#f08ab8,#f08ab8,#f08ab8,#f08ab8,#f08ab8,#ecdacf,#ecdacf,#9e8b83,#9e8b83,#eaaab8,#050208,#26102e,#1f0d27,#26102e,#1f0d27,#26102e,#1f0d27,#26102e,#1f0d27,#26102e,#1f0d27,#26102e,#1f0d27,#26102e,#1f0d27,#26102e,#1f0d27,#26102e,#1f0d27,#26102e,#1f0d27,#26102e,#1f0d27,#26102e,#1f0d27,#050208
#2b282d,#07030a,#07030a,#07030a,#07030a,#07030a,#07030a,#07030a,#07030a,#07030a,#07030a,#07030a,#07030a,#07030a,#07030a,#07030a,#07030a,#07030a,#07030a,#07030a,#050208,#f4eae4,#ecdacf,#e3c9b8,#ecdacf,#ecdacf,#5c5051,#5c5051,#f08ab8,#f08ab8,#f08ab8,#f08ab8,#f08ab8,#ecdacf,#ecdacf,#9e8b83,#9e8b83,#eaaab8,#050208,#26102e,#26102e,#1f0d27,#26102e,#26102e,#26102e,#1f0d27,#26102e,#26102e,#26102e,#1f0d27,#26102e,#26102e,#26102e,#1f0d27,#26102e,#26102e,#26102e,#1f0d27,#26102e,#26102e,#26102e,#1f0d27,#26102e,#050208
#2b282d,#07030a,#07030a,#07030a,#07030a,#07030a,#07030a,#07030a,#07030a,#07030a,#07030a,#07030a,#07030a,#07030a,#07030a,#07030a,#07030a,#07030a,#07030a,#07030a,#050208,#f4eae4,#ecdacf,#ecdacf,#ecdacf,#9e8b83,#9e8b83,#5c5051,#f08ab8,#f08ab8,#f08ab8,#f08ab8,#f08ab8,#ecdacf,#5c5051,#5c5051,#9e8b83,#eaaab8,#050208,#26102e,#1f0d27,#26102e,#1f0d27,#26102e,#1f0d27,#26102e,#1f0d27,#26102e,#1f0d27,#26102e,#1f0d27,#26102e,#1f0d27,#26102e,#1f0d27,#26102e,#1f0d27,#26102e,#1f0d27,#26102e,#1f0d27,#26102e,#1f0d27,#050208
#2b282d,#07030a,#07030a,#07030a,#07030a,#07030a,#07030a,#07030a,#07030a,#07030a,#07030a,#07030a,#07030a,#07030a,#07030a,#07030a,#07030a,#07030a,#07030a,#07030a,#050208,#f4eae4,#ecdacf,#e3c9b8,#9e8b83,#9e8b83,#9e8b83,#5c5051,#f08ab8,#f08ab8,#f08ab8,#f08ab8,#f08ab8,#ecdacf,#5c5051,#847687,#ecdacf,#eaaab8,#050208,#26102e,#26102e,#26102e,#26102e,#26102e,#26102e,#26102e,#26102e,#26102e,#26102e,#26102e,#26102e,#26102e,#26102e,#26102e,#26102e,#26102e,#26102e,#26102e,#26102e,#26102e,#26102e,#26102e,#26102e,#050208
#2b282d,#07030a,#07030a,#07030a,#07030a,#07030a,#07030a,#07030a,#07030a,#07030a,#07030a,#07030a,#07030a,#07030a,#07030a,#07030a,#07030a,#07030a,#07030a,#07030a,#050208,#f4eae4,#ecdacf,#e3c9b8,#e3c9b8,#9e8b83,#5c5051,#5c5051,#ecdacf,#ecdacf,#ecdacf,#ecdacf,#ecdacf,#ecdacf,#ecdacf,#ecdacf,#ecdacf,#eaaab8,#050208,#26102e,#26102e,#26102e,#1f0d27,#26102e,#26102e,#26102e,#1f0d27,#26102e,#26102e,#26102e,#1f0d27,#26102e,#26102e,#26102e,#1f0d27,#26102e,#26102e,#26102e,#1f0d27,#26102e,#26102e,#26102e,#1f0d27,#050208
#2b282d,#07030a,#07030a,#07030a,#07030a,#07030a,#07030a,#07030a,#07030a,#07030a,#07030a,#07030a,#07030a,#07030a,#07030a,#07030a,#07030a,#07030a,#07030a,#07030a,#050208,#f4eae4,#9e8b83,#e3c9b8,#9e8b83,#9e8b83,#5c5051,#847687,#ecdacf,#ecdacf,#ecdacf,#ecdacf,#e3c9b8,#ecdacf,#ecdacf,#ecdacf,#9e8b83,#eaaab8,#050208,#26102e,#26102e,#26102e,#26102e,#26102e,#26102e,#26102e,#26102e,#26102e,#26102e,#26102e,#26102e,#26102e,#26102e,#26102e,#26102e,#26102e,#26102e,#26102e,#26102e,#26102e,#26102e,#26102e,#26102e,#050208
#2b282d,#1a0c1e,#1a0c1e,#1a0c1e,#1a0c1e,#1a0c1e,#1a0c1e,#1a0c1e,#1a0c1e,#1a0c1e,#1a0c1e,#1a0c1e,#1a0c1e,#1a0c1e,#1a0c1e,#1a0c1e,#1a0c1e,#1a0c1e,#1a0c1e,#1a0c1e,#050208,#f4eae4,#5c5051,#9e8b83,#e3c9b8,#9e8b83,#9e8b83,#ecdacf,#ecdacf,#9e8b83,#9e8b83,#9e8b83,#9e8b83,#9e8b83,#e3c9b8,#9e8b83,#9e8b83,#eaaab8,#050208,#1a0c1e,#1a0c1e,#1a0c1e,#1a0c1e,#1a0c1e,#1a0c1e,#1a0c1e,#1a0c1e,#1a0c1e,#1a0c1e,#1a0c1e,#1a0c1e,#1a0c1e,#1a0c1e,#1a0c1e,#1a0c1e,#1a0c1e,#1a0c1e,#1a0c1e,#1a0c1e,#1a0c1e,#1a0c1e,#1a0c1e,#1a0c1e,#050208
#2b282d,#3c1530,#1a0c1e,#1a0c1e,#3c1530,#1a0c1e,#1a0c1e,#3c1530,#1a0c1e,#1a0c1e,#3c1530,#1a0c1e,#1a0c1e,#3c1530,#1a0c1e,#1a0c1e,#3c1530,#1a0c1e,#1a0c1e,#3c1530,#050208,#f4eae4,#847687,#ecdacf,#ecdacf,#9e8b83,#9e8b83,#5c5051,#847687,#ecdacf,#5c5051,#5c5051,#5c5051,#e3c9b8,#9e8b83,#e3c9b8,#9e8b83,#eaaab8,#050208,#1a0c1e,#3c1530,#1a0c1e,#1a0c1e,#3c1530,#1a0c1e,#1a0c1e,#3c1530,#1a0c1e,#1a0c1e,#3c1530,#1a0c1e,#1a0c1e,#3c1530,#1a0c1e,#1a0c1e,#3c1530,#1a0c1e,#1a0c1e,#3c1530,#1a0c1e,#1a0c1e,#3c1530,#1a0c1e,#050208
#2b282d,#1a0c1e,#1a0c1e,#1a0c1e,#1a0c1e,#1a0c1e,#1a0c1e,#1a0c1e,#1a0c1e,#1a0c1e,#1a0c1e,#1a0c1e,#1a0c1e,#1a0c1e,#1a0c1e,#1a0c1e,#1a0c1e,#1a0c1e,#1a0c1e,#1a0c1e,#050208,#f4eae4,#ecdacf,#ecdacf,#5c5051,#5c5051,#9e8b83,#5c5051,#f08ab8,#f08ab8,#f08ab8,#f08ab8,#f08ab8,#ecdacf,#ecdacf,#9e8b83,#9e8b83,#eaaab8,#050208,#1a0c1e,#1a0c1e,#1a0c1e,#1a0c1e,#1a0c1e,#1a0c1e,#1a0c1e,#1a0c1e,#1a0c1e,#1a0c1e,#1a0c1e,#1a0c1e,#1a0c1e,#1a0c1e,#1a0c1e,#1a0c1e,#1a0c1e,#1a0c1e,#1a0c1e,#1a0c1e,#1a0c1e,#1a0c1e,#1a0c1e,#1a0c1e,#050208
#2b282d,#1a0c1e,#1a0c1e,#1a0c1e,#1a0c1e,#1a0c1e,#1a0c1e,#0a0612,#1a0c1e,#1a0c1e,#1a0c1e,#1a0c1e,#1a0c1e,#1a0c1e,#1a0c1e,#1a0c1e,#1a0c1e,#1a0c1e,#1a0c1e,#050208,#f4eae4,#ecdacf,#5c5051,#847687,#ecdacf,#847687,#ecdacf,#5c5051,#f08ab8,#f08ab8,#f08ab8,#f08ab8,#f08ab8,#ecdacf,#ecdacf,#e3c9b8,#9e8b83,#eaaab8,#050208,#1a0c1e,#1a0c1e,#1a0c1e,#1a0c1e,#1a0c1e,#1a0c1e,#1a0c1e,#1a0c1e,#1a0c1e,#1a0c1e,#1a0c1e,#1a0c1e,#1a0c1e,#1a0c1e,#1a0c1e,#1a0c1e,#1a0c1e,#1a0c1e,#1a0c1e,#1a0c1e,#1a0c1e,#1a0c1e,#1a0c1e,#1a0c1e,#050208
#2b282d,#1a0c1e,#3c1530,#1a0c1e,#0a0612,#0a0612,#0a0612,#3e2e59,#0a0612,#0a0612,#0a0612,#3c1530,#1a0c1e,#1a0c1e,#3c1530,#1a0c1e,#1a0c1e,#3c1530,#1a0c1e,#050208,#f4eae4,#9e8b83,#ecdacf,#ecdacf,#ecdacf,#ecdacf,#ecdacf,#5c5051,#f08ab8,#f08ab8,#f08ab8,#f08ab8,#f08ab8,#847687,#ecdacf,#ecdacf,#e3c9b8,#9e8b83,#eaaab8,#050208,#1a0c1e,#3c1530,#1a0c1e,#1a0c1e,#3c1530,#1a0c1e,#1a0c1e,#3c1530,#1a0c1e,#1a0c1e,#3c1530,#1a0c1e,#1a0c1e,#3c1530,#1a0c1e,#1a0c1e,#3c1530,#1a0c1e,#1a0c1e,#3c1530,#1a0c1e,#1a0c1e,#3c1530,#050208
#2b282d,#1a0c1e,#1a0c1e,#b88aff,#b88aff,#3e2e59,#3e2e59,#3e2e59,#3e2e59,#3e2e59,#3e2e59,#b88aff,#b88aff,#1a0c1e,#1a0c1e,#1a0c1e,#1a0c1e,#1a0c1e,#1a0c1e,#050208,#f4eae4,#5c5051,#9e8b83,#ecdacf,#9e8b83,#ecdacf,#9e8b83,#5c5051,#f08ab8,#f08ab8,#f08ab8,#f08ab8,#f08ab8,#ecdacf,#ecdacf,#e3c9b8,#9e8b83,#9e8b83,#eaaab8,#050208,#1a0c1e,#1a0c1e,#1a0c1e,#1a0c1e,#1a0c1e,#1a0c1e,#1a0c1e,#1a0c1e,#1a0c1e,#1a0c1e,#1a0c1e,#1a0c1e,#1a0c1e,#1a0c1e,#1a0c1e,#1a0c1e,#1a0c1e,#1a0c1e,#1a0c1e,#1a0c1e,#1a0c1e,#1a0c1e,#1a0c1e,#050208
#2b282d,#1a0c1e,#0a0612,#b88aff,#b88aff,#3e2e59,#3e2e59,#3e2e59,#3e2e59,#3e2e59,#3e2e59,#b88aff,#b88aff,#1a0c1e,#1a0c1e,#1a0c1e,#1a0c1e,#1a0c1e,#1a0c1e,#050208,#f4eae4,#847687,#ecdacf,#ecdacf,#e3c9b8,#9e8b83,#9e8b83,#5c5051,#f08ab8,#f08ab8,#f08ab8,#f08ab8,#f08ab8,#ecdacf,#ecdacf,#ecdacf,#e3c9b8,#9e8b83,#eaaab8,#050208,#1a0c1e,#1a0c1e,#1a0c1e,#1a0c1e,#1a0c1e,#1a0c1e,#1a0c1e,#1a0c1e,#1a0c1e,#1a0c1e,#1a0c1e,#1a0c1e,#1a0c1e,#1a0c1e,#1a0c1e,#1a0c1e,#1a0c1e,#1a0c1e,#1a0c1e,#1a0c1e,#1a0c1e,#1a0c1e,#1a0c1e,#050208
#2b282d,#1a0c1e,#0a0612,#3e2e59,#3e2e59,#b88aff,#b88aff,#3e2e59,#3e2e59,#b88aff,#b88aff,#3e2e59,#0a0612,#1a0c1e,#1a0c1e,#3c1530,#1a0c1e,#1a0c1e,#3c1530,#050208,#f4eae4,#ecdacf,#ecdacf,#9e8b83,#9e8b83,#9e8b83,#9e8b83,#9e8b83,#ecdacf,#e3c9b8,#ecdacf,#ecdacf,#ecdacf,#ecdacf,#9e8b83,#9e8b83,#9e8b83,#9e8b83,#eaaab8,#050208,#1a0c1e,#1a0c1e,#3c1530,#1a0c1e,#1a0c1e,#3c1530,#1a0c1e,#1a0c1e,#3c1530,#1a0c1e,#1a0c1e,#3c1530,#1a0c1e,#1a0c1e,#3c1530,#1a0c1e,#1a0c1e,#3c1530,#1a0c1e,#1a0c1e,#3c1530,#1a0c1e,#1a0c1e,#050208
#2b282d,#1a0c1e,#0a0612,#3e2e59,#3e2e59,#b88aff,#b88aff,#3e2e59,#3e2e59,#b88aff,#b88aff,#3e2e59,#0a0612,#1a0c1e,#1a0c1e,#1a0c1e,#1a0c1e,#1a0c1e,#1a0c1e,#050208,#eaaab8,#eaaab8,#eaaab8,#eaaab8,#eaaab8,#eaaab8,#eaaab8,#eaaab8,#eaaab8,#eaaab8,#eaaab8,#eaaab8,#eaaab8,#eaaab8,#eaaab8,#eaaab8,#eaaab8,#eaaab8,#eaaab8,#050208,#1a0c1e,#1a0c1e,#1a0c1e,#1a0c1e,#1a0c1e,#1a0c1e,#1a0c1e,#1a0c1e,#1a0c1e,#1a0c1e,#1a0c1e,#1a0c1e,#1a0c1e,#1a0c1e,#1a0c1e,#1a0c1e,#1a0c1e,#1a0c1e,#1a0c1e,#1a0c1e,#1a0c1e,#1a0c1e,#1a0c1e,#050208
#2b282d,#0a0612,#3e2e59,#3e2e59,#3e2e59,#3e2e59,#3e2e59,#b88aff,#b88aff,#3e2e59,#3e2e59,#3e2e59,#3e2e59,#0a0612,#1a0c1e,#1a0c1e,#1a0c1e,#1a0c1e,#1a0c1e,#1a0c1e,#050208,#050208,#050208,#050208,#050208,#050208,#050208,#050208,#050208,#050208,#050208,#050208,#050208,#050208,#050208,#050208,#050208,#050208,#050208,#1a0c1e,#1a0c1e,#1a0c1e,#1a0c1e,#1a0c1e,#1a0c1e,#1a0c1e,#1a0c1e,#1a0c1e,#1a0c1e,#1a0c1e,#1a0c1e,#1a0c1e,#1a0c1e,#1a0c1e,#1a0c1e,#1a0c1e,#1a0c1e,#1a0c1e,#1a0c1e,#1a0c1e,#1a0c1e,#1a0c1e,#1a0c1e,#050208
#2b282d,#3c1530,#0a0612,#3e2e59,#3e2e59,#3e2e59,#3e2e59,#b88aff,#b88aff,#3e2e59,#3e2e59,#3e2e59,#0a0612,#3c1530,#1a0c1e,#1a0c1e,#3c1530,#1a0c1e,#1a0c1e,#3c1530,#1a0c1e,#1a0c1e,#3c1530,#0e0711,#1a0c1e,#210c1a,#1a0c1e,#0e0711,#3c1530,#0e0711,#1a0c1e,#210c1a,#1a0c1e,#0e0711,#3c1530,#0e0711,#1a0c1e,#3c1530,#1a0c1e,#1a0c1e,#3c1530,#1a0c1e,#1a0c1e,#3c1530,#1a0c1e,#1a0c1e,#3c1530,#1a0c1e,#1a0c1e,#3c1530,#1a0c1e,#1a0c1e,#3c1530,#1a0c1e,#1a0c1e,#3c1530,#1a0c1e,#1a0c1e,#3c1530,#1a0c1e,#1a0c1e,#3c1530,#1a0c1e,#050208
#2b282d,#1a0c1e,#0a0612,#3e2e59,#3e2e59,#b88aff,#b88aff,#3e2e59,#3e2e59,#b88aff,#b88aff,#3e2e59,#0a0612,#1a0c1e,#1a0c1e,#1a0c1e,#1a0c1e,#1a0c1e,#1a0c1e,#1a0c1e,#1a0c1e,#1a0c1e,#1a0c1e,#1a0c1e,#1a0c1e,#1a0c1e,#1a0c1e,#1a0c1e,#1a0c1e,#0e0711,#1a0c1e,#1a0c1e,#1a0c1e,#1a0c1e,#1a0c1e,#1a0c1e,#1a0c1e,#1a0c1e,#1a0c1e,#1a0c1e,#1a0c1e,#1a0c1e,#1a0c1e,#1a0c1e,#1a0c1e,#1a0c1e,#1a0c1e,#1a0c1e,#1a0c1e,#1a0c1e,#1a0c1e,#1a0c1e,#1a0c1e,#1a0c1e,#1a0c1e,#1a0c1e,#1a0c1e,#1a0c1e,#1a0c1e,#1a0c1e,#1a0c1e,#1a0c1e,#1a0c1e,#050208
#2b282d,#1a0c1e,#0a0612,#3e2e59,#3e2e59,#b88aff,#b88aff,#3e2e59,#3e2e59,#b88aff,#b88aff,#3e2e59,#0a0612,#1a0c1e,#1a0c1e,#1a0c1e,#1a0c1e,#1a0c1e,#1a0c1e,#1a0c1e,#1a0c1e,#1a0c1e,#1a0c1e,#1a0c1e,#1a0c1e,#1a0c1e,#1a0c1e,#1a0c1e,#1a0c1e,#1a0c1e,#1a0c1e,#1a0c1e,#1a0c1e,#1a0c1e,#1a0c1e,#1a0c1e,#1a0c1e,#1a0c1e,#1a0c1e,#1a0c1e,#1a0c1e,#1a0c1e,#1a0c1e,#1a0c1e,#1a0c1e,#1a0c1e,#1a0c1e,#1a0c1e,#1a0c1e,#1a0c1e,#1a0c1e,#1a0c1e,#1a0c1e,#1a0c1e,#1a0c1e,#1a0c1e,#1a0c1e,#1a0c1e,#1a0c1e,#1a0c1e,#1a0c1e,#1a0c1e,#1a0c1e,#050208
#2b282d,#1a0c1e,#3c1530,#b88aff,#b88aff,#3e2e59,#3e2e59,#3e2e59,#3e2e59,#3e2e59,#3e2e59,#b88aff,#b88aff,#1a0c1e,#3c1530,#1a0c1e,#1a0c1e,#3c1530,#1a0c1e,#1a0c1e,#3c1530,#1a0c1e,#1a0c1e,#3c1530,#1a0c1e,#1a0c1e,#3c1530,#1a0c1e,#1a0c1e,#3c1530,#1a0c1e,#1a0c1e,#3c1530,#1a0c1e,#1a0c1e,#3c1530,#1a0c1e,#1a0c1e,#3c1530,#1a0c1e,#1a0c1e,#3c1530,#1a0c1e,#1a0c1e,#3c1530,#1a0c1e,#1a0c1e,#3c1530,#1a0c1e,#1a0c1e,#3c1530,#1a0c1e,#1a0c1e,#3c1530,#1a0c1e,#1a0c1e,#3c1530,#1a0c1e,#1a0c1e,#3c1530,#1a0c1e,#1a0c1e,#3c1530,#050208
#2b282d,#1a0c1e,#1a0c1e,#b88aff,#b88aff,#0a0612,#0a0612,#3e2e59,#0a0612,#0a0612,#0a0612,#b88aff,#b88aff,#1a0c1e,#1a0c1e,#1a0c1e,#1a0c1e,#1a0c1e,#1a0c1e,#1a0c1e,#1a0c1e,#1a0c1e,#1a0c1e,#1a0c1e,#1a0c1e,#1a0c1e,#1a0c1e,#1a0c1e,#1a0c1e,#1a0c1e,#1a0c1e,#1a0c1e,#1a0c1e,#1a0c1e,#1a0c1e,#1a0c1e,#1a0c1e,#1a0c1e,#1a0c1e,#1a0c1e,#1a0c1e,#1a0c1e,#1a0c1e,#1a0c1e,#1a0c1e,#1a0c1e,#1a0c1e,#1a0c1e,#1a0c1e,#1a0c1e,#1a0c1e,#1a0c1e,#1a0c1e,#1a0c1e,#1a0c1e,#1a0c1e,#1a0c1e,#1a0c1e,#1a0c1e,#1a0c1e,#1a0c1e,#1a0c1e,#1a0c1e,#050208
#2b282d,#1a0c1e,#1a0c1e,#1a0c1e,#1a0c1e,#1a0c1e,#1a0c1e,#0a0612,#1a0c1e,#1a0c1e,#1a0c1e,#1a0c1e,#1a0c1e,#1a0c1e,#1a0c1e,#1a0c1e,#1a0c1e,#1a0c1e,#1a0c1e,#1a0c1e,#1a0c1e,#1a0c1e,#1a0c1e,#1a0c1e,#1a0c1e,#1a0c1e,#1a0c1e,#1a0c1e,#1a0c1e,#1a0c1e,#1a0c1e,#1a0c1e,#1a0c1e,#1a0c1e,#1a0c1e,#1a0c1e,#1a0c1e,#1a0c1e,#1a0c1e,#1a0c1e,#1a0c1e,#1a0c1e,#1a0c1e,#1a0c1e,#1a0c1e,#1a0c1e,#1a0c1e,#1a0c1e,#1a0c1e,#1a0c1e,#1a0c1e,#1a0c1e,#1a0c1e,#1a0c1e,#1a0c1e,#1a0c1e,#1a0c1e,#1a0c1e,#1a0c1e,#1a0c1e,#1a0c1e,#1a0c1e,#1a0c1e,#050208
#2b282d,#050208,#050208,#050208,#050208,#050208,#050208,#050208,#050208,#050208,#050208,#050208,#050208,#050208,#050208,#050208,#050208,#050208,#050208,#050208,#050208,#050208,#050208,#050208,#050208,#050208,#050208,#050208,#050208,#050208,#050208,#050208,#050208,#050208,#050208,#050208,#050208,#050208,#050208,#050208,#050208,#050208,#050208,#050208,#050208,#050208,#050208,#050208,#050208,#050208,#050208,#050208,#050208,#050208,#050208,#050208,#050208,#050208,#050208,#050208,#050208,#050208,#050208,#050208
