#120f2a,#120f2a,#120f2a,#120f2a,#120f2a,#120f2a,#120f2a,#120f2a,#120f2a,#120f2a,#120f2a,#120f2a,#120f2a,#120f2a,#120f2a,#120f2a,#120f2a,#120f2a,#120f2a,#120f2a,#120f2a,#120f2a,#120f2a,#120f2a,#120f2a,#120f2a,#120f2a,#120f2a,#120f2a,#120f2a,#120f2a,#120f2a
#685a5b,#685a5b,#685a5b,#685a5b,#120f2a,#120f2a,#120f2a,#120f2a,#120f2a,#120f2a,#120f2a,#120f2a,#120f2a,#120f2a,#120f2a,#120f2a,#120f2a,#120f2a,#120f2a,#120f2a,#120f2a,#120f2a,#120f2a,#120f2a,#120f2a,#120f2a,#120f2a,#120f2a,#120f2a,#120f2a,#120f2a,#120f2a
#685a5b,#685a5b,#685a5b,#685a5b,#685a5b,#685a5b,#685a5b,#120f2a,#120f2a,#120f2a,#3a3266,#120f2a,#120f2a,#120f2a,#3a3266,#120f2a,#120f2a,#120f2a,#3a3266,#685a5b,#685a5b,#685a5b,#685a5b,#685a5b,#685a5b,#120f2a,#3a3266,#120f2a,#120f2a,#120f2a,#3a3266,#120f2a
#685a5b,#685a5b,#685a5b,#685a5b,#685a5b,#685a5b,#685a5b,#685a5b,#120f2a,#120f2a,#120f2a,#120f2a,#120f2a,#120f2a,#120f2a,#120f2a,#685a5b,#685a5b,#685a5b,#685a5b,#685a5b,#685a5b,#685a5b,#685a5b,#f2d23a,#685a5b,#685a5b,#685a5b,#685a5b,#685a5b,#685a5b,#685a5b
#685a5b,#685a5b,#685a5b,#685a5b,#685a5b,#685a5b,#685a5b,#685a5b,#3a3266,#120f2a,#3a3266,#120f2a,#3a3266,#08061a,#08061a,#08061a,#08061a,#08061a,#08061a,#685a5b,#685a5b,#685a5b,#685a5b,#685a5b,#685a5b,#fff39a,#685a5b,#685a5b,#685a5b,#685a5b,#685a5b,#685a5b
#685a5b,#685a5b,#685a5b,#685a5b,#685a5b,#685a5b,#685a5b,#120f2a,#120f2a,#120f2a,#08061a,#08061a,#08061a,#beb9ff,#beb9ff,#beb9ff,#beb9ff,#beb9ff,#beb9ff,#08061a,#08061a,#08061a,#685a5b,#685a5b,#685a5b,#685a5b,#685a5b,#685a5b,#685a5b,#685a5b,#685a5b,#685a5b
#685a5b,#685a5b,#685a5b,#685a5b,#685a5b,#120f2a,#3a3266,#120f2a,#3a3266,#08061a,#beb9ff,#beb9ff,#beb9ff,#beb9ff,#3d376c,#3d376c,#3d376c,#3d376c,#6760b8,#beb9ff,#beb9ff,#beb9ff,#08061a,#685a5b,#685a5b,#685a5b,#685a5b,#685a5b,#685a5b,#685a5b,#685a5b,#685a5b
#120f2a,#120f2a,#120f2a,#120f2a,#120f2a,#120f2a,#120f2a,#120f2a,#08061a,#beb9ff,#beb9ff,#3d376c,#3d376c,#08061a,#08061a,#08061a,#08061a,#08061a,#08061a,#3d376c,#6760b8,#8f86ff,#beb9ff,#08061a,#685a5b,#685a5b,#685a5b,#685a5b,#685a5b,#685a5b,#685a5b,#685a5b
#f2d23a,#120f2a,#3a3266,#120f2a,#f2d23a,#120f2a,#3a3266,#08061a,#beb9ff,#beb9ff,#3d376c,#08061a,#08061a,#08061a,#08061a,#08061a,#08061a,#08061a,#08061a,#08061a,#08061a,#3d376c,#6760b8,#beb9ff,#08061a,#685a5b,#685a5b,#685a5b,#685a5b,#685a5b,#685a5b,#120f2a
#120f2a,#fff39a,#120f2a,#120f2a,#120f2a,#fff39a,#08061a,#beb9ff,#beb9ff,#08061a,#08061a,#08061a,#08061a,#f2d23a,#f2d23a,#f7e58d,#f7e58d,#f2d23a,#f2d23a,#08061a,#08061a,#08061a,#08061a,#6760b8,#beb9ff,#08061a,#685a5b,#685a5b,#685a5b,#3a3266,#120f2a,#120f2a
#3a3266,#120f2a,#3a3266,#120f2a,#3a3266,#08061a,#beb9ff,#beb9ff,#08061a,#120f2a,#08061a,#f2d23a,#f2d23a,#08061a,#08061a,#f7e58d,#ac952e,#08061a,#08061a,#f2d23a,#f2d23a,#08061a,#685a5b,#08061a,#8f86ff,#beb9ff,#08061a,#120f2a,#3a3266,#120f2a,#3a3266,#120f2a
#120f2a,#120f2a,#120f2a,#3a3266,#08061a,#beb9ff,#beb9ff,#3d376c,#08061a,#08061a,#f2d23a,#f2d23a,#08061a,#08061a,#f7e58d,#f7e58d,#f2d23a,#f7e58d,#08061a,#08061a,#f2d23a,#f2d23a,#08061a,#08061a,#beb9ff,#8f86ff,#beb9ff,#08061a,#120f2a,#120f2a,#120f2a,#3a3266
#3a3266,#120f2a,#3a3266,#120f2a,#08061a,#beb9ff,#6760b8,#08061a,#08061a,#f2d23a,#f2d23a,#08061a,#3a3266,#08061a,#f7e58d,#f2d23a,#f2d23a,#ac952e,#08061a,#120f2a,#08061a,#f2d23a,#f2d23a,#08061a,#08061a,#8f86ff,#6760b8,#08061a,#3a3266,#120f2a,#3a3266,#120f2a
#120f2a,#3a3266,#120f2a,#3a3266,#08061a,#beb9ff,#3d376c,#08061a,#08061a,#f2d23a,#08061a,#3a3266,#08061a,#f7e58d,#f7e58d,#f2d23a,#f2d23a,#f2d23a,#f7e58d,#08061a,#120f2a,#08061a,#f2d23a,#08061a,#08061a,#beb9ff,#6760b8,#08061a,#120f2a,#3a3266,#120f2a,#3a3266
#3a3266,#120f2a,#3a3266,#08061a,#beb9ff,#beb9ff,#08061a,#08061a,#f2d23a,#08061a,#fff39a,#08061a,#f7e58d,#f7e58d,#f2d23a,#625421,#ac952e,#f2d23a,#ac952e,#08061a,#3a3266,#120f2a,#08061a,#f2d23a,#08061a,#08061a,#8f86ff,#beb9ff,#08061a,#120f2a,#3a3266,#120f2a
#120f2a,#3a3266,#120f2a,#08061a,#beb9ff,#6760b8,#08061a,#08061a,#f2d23a,#08061a,#120f2a,#08061a,#f7e58d,#f2d23a,#625421,#ffffff,#ffffff,#ac952e,#f2d23a,#f7e58d,#08061a,#3a3266,#08061a,#f2d23a,#08061a,#08061a,#beb9ff,#6760b8,#08061a,#3a3266,#120f2a,#3a3266
#3a3266,#3a3266,#3a3266,#08061a,#beb9ff,#6760b8,#08061a,#08061a,#f2d23a,#08061a,#08061a,#f7e58d,#f7e58d,#ac952e,#ffffff,#ffffff,#ffffff,#ffffff,#f2d23a,#f2d23a,#f7e58d,#08061a,#08061a,#f2d23a,#08061a,#08061a,#beb9ff,#6760b8,#08061a,#3a3266,#3a3266,#120f2a
#120f2a,#3a3266,#120f2a,#08061a,#beb9ff,#6760b8,#08061a,#08061a,#f2d23a,#08061a,#08061a,#f7e58d,#f2d23a,#ac952e,#ffffff,#ffffff,#ffffff,#ffffff,#f7e58d,#f2d23a,#ac952e,#08061a,#08061a,#f2d23a,#08061a,#08061a,#beb9ff,#6760b8,#08061a,#3a3266,#120f2a,#3a3266
#3a3266,#120f2a,#3a3266,#08061a,#beb9ff,#6760b8,#08061a,#08061a,#f2d23a,#08061a,#f7e58d,#f7e58d,#f2d23a,#f2d23a,#f7e58d,#ffffff,#ffffff,#f7e58d,#f7e58d,#f2d23a,#f2d23a,#f7e58d,#08061a,#f2d23a,#08061a,#08061a,#beb9ff,#6760b8,#08061a,#120f2a,#3a3266,#3a3266
#120f2a,#3a3266,#120f2a,#08061a,#beb9ff,#6760b8,#08061a,#08061a,#f2d23a,#08061a,#f7e58d,#f2d23a,#f2d23a,#f2d23a,#f2d23a,#f7e58d,#f7e58d,#f7e58d,#f2d23a,#f2d23a,#f2d23a,#ac952e,#08061a,#f2d23a,#08061a,#08061a,#beb9ff,#3d376c,#08061a,#3a3266,#120f2a,#3a3266
#3a3266,#3a3266,#3a3266,#3a3266,#08061a,#8f86ff,#beb9ff,#08061a,#08061a,#f7e58d,#f7e58d,#625421,#625421,#625421,#625421,#625421,#625421,#625421,#625421,#625421,#625421,#625421,#f7e58d,#08061a,#08061a,#beb9ff,#beb9ff,#08061a,#3a3266,#3a3266,#3a3266,#3a3266
#120f2a,#3a3266,#120f2a,#3a3266,#08061a,#beb9ff,#6760b8,#08061a,#08061a,#f2d23a,#f2d23a,#08061a,#08061a,#08061a,#08061a,#08061a,#08061a,#08061a,#08061a,#08061a,#08061a,#f2d23a,#f2d23a,#08061a,#08061a,#beb9ff,#6760b8,#08061a,#120f2a,#3a3266,#120f2a,#3a3266
#3a3266,#3a3266,#3a3266,#3a3266,#08061a,#beb9ff,#8f86ff,#beb9ff,#08061a,#08061a,#f2d23a,#f2d23a,#08061a,#3a3266,#3a3266,#766dd1,#3a3266,#3a3266,#3a3266,#08061a,#f2d23a,#f2d23a,#08061a,#08061a,#beb9ff,#beb9ff,#3d376c,#08061a,#3a3266,#3a3266,#3a3266,#3a3266
#120f2a,#3a3266,#120f2a,#3a3266,#120f2a,#08061a,#6760b8,#6760b8,#08061a,#3a3266,#08061a,#f2d23a,#f2d23a,#08061a,#08061a,#08061a,#08061a,#08061a,#08061a,#f2d23a,#f2d23a,#08061a,#120f2a,#08061a,#beb9ff,#3d376c,#08061a,#3a3266,#120f2a,#3a3266,#120f2a,#3a3266
#3a3266,#3a3266,#3a3266,#3a3266,#3a3266,#3a3266,#08061a,#6760b8,#beb9ff,#08061a,#08061a,#08061a,#08061a,#f2d23a,#f2d23a,#f2d23a,#f2d23a,#f2d23a,#f2d23a,#08061a,#08061a,#08061a,#08061a,#beb9ff,#beb9ff,#08061a,#3a3266,#3a3266,#3a3266,#3a3266,#3a3266,#3a3266
#3a3266,#3a3266,#120f2a,#3a3266,#3a3266,#3a3266,#120f2a,#08061a,#6760b8,#beb9ff,#beb9ff,#08061a,#08061a,#08061a,#08061a,#08061a,#08061a,#08061a,#08061a,#08061a,#08061a,#beb9ff,#beb9ff,#beb9ff,#08061a,#3a3266,#120f2a,#3a3266,#3a3266,#3a3266,#120f2a,#3a3266
#2a2440,#2a2440,#2a2440,#2a2440,#2a2440,#2a2440,#2a2440,#2a2440,#08061a,#6760b8,#8f86ff,#beb9ff,#beb9ff,#08061a,#08061a,#08061a,#08061a,#08061a,#08061a,#beb9ff,#beb9ff,#beb9ff,#3d376c,#08061a,#2a2440,#2a2440,#2a2440,#2a2440,#2a2440,#2a2440,#2a2440,#2a2440
#2a2440,#2a2440,#2a2440,#2a2440,#2a2440,#2a2440,#2a2440,#2a2440,#2a2440,#08061a,#3d376c,#3d376c,#6760b8,#beb9ff,#beb9ff,#beb9ff,#beb9ff,#beb9ff,#beb9ff,#beb9ff,#3d376c,#3d376c,#08061a,#2a2440,#2a2440,#2a2440,#2a2440,#2a2440,#2a2440,#2a2440,#2a2440,#2a2440
#2a2440,#2a2440,#2a2440,#2a2440,#2a2440,#2a2440,#2a2440,#2a2440,#2a2440,#2a2440,#08061a,#08061a,#08061a,#3d376c,#3d376c,#3d376c,#3d376c,#3d376c,#3d376c,#08061a,#08061a,#08061a,#2a2440,#fff39a,#2a2440,#2a2440,#2a2440,#2a2440,#2a2440,#2a2440,#2a2440,#2a2440
#2a2440,#2a2440,#2a2440,#2a2440,#2a2440,#2a2440,#2a2440,#2a2440,#2a2440,#2a2440,#2a2440,#2a2440,#2a2440,#08061a,#08061a,#08061a,#08061a,#08061a,#08061a,#2a2440,#2a2440,#2a2440,#2a2440,#2a2440,#2a2440,#2a2440,#2a2440,#2a2440,#2a2440,#2a2440,#2a2440,#2a2440
#2a2440,#2a2440,#2a2440,#2a2440,#2a2440,#2a2440,#2a2440,#2a2440,#2a2440,#2a2440,#2a2440,#2a2440,#2a2440,#2a2440,#2a2440,#2a2440,#2a2440,#2a2440,#2a2440,#2a2440,#2a2440,#2a2440,#2a2440,#2a2440,#2a2440,#2a2440,#2a2440,#2a2440,#2a2440,#2a2440,#2a2440,#2a2440
#2a2440,#2a2440,#2a2440,#2a2440,#2a2440,#2a2440,#2a2440,#2a2440,#2a2440,#2a2440,#2a2440,#2a2440,#2a2440,#2a2440,#2a2440,#2a2440,#2a2440,#2a2440,#2a2440,#2a2440,#2a2440,#2a2440,#2a2440,#2a2440,#2a2440,#2a2440,#2a2440,#2a2440,#2a2440,#2a2440,#2a2440,#2a2440
