#2d2b3c,#2d2b3c,#2d2b3c,#2d2b3c,#2d2b3c,#2d2b3c,#2d2b3c,#2d2b3c,#2d2b3c,#2d2b3c,#2d2b3c,#2d2b3c,#2d2b3c,#2d2b3c,#2d2b3c,#2d2b3c,#2d2b3c,#2d2b3c,#2d2b3c,#2d2b3c,#2d2b3c,#2d2b3c,#2d2b3c,#2d2b3c,#2d2b3c,#2d2b3c,#2d2b3c,#2d2b3c,#2d2b3c,#2d2b3c,#2d2b3c,#2d2b3c,#2d2b3c,#2d2b3c,#2d2b3c,#2d2b3c,#2d2b3c,#2d2b3c,#2d2b3c,#2d2b3c,#2d2b3c,#2d2b3c,#2d2b3c,#2d2b3c,#2d2b3c,#2d2b3c,#2d2b3c,#2d2b3c,#2d2b3c,#2d2b3c,#2d2b3c,#2d2b3c,#2d2b3c,#2d2b3c,#2d2b3c,#2d2b3c,#2d2b3c,#2d2b3c,#2d2b3c,#2d2b3c,#2d2b3c,#2d2b3c,#2d2b3c,#2d2b3c
#2d2b3c,#120f2a,#120f2a,#120f2a,#120f2a,#120f2a,#120f2a,#120f2a,#120f2a,#120f2a,#120f2a,#120f2a,#120f2a,#120f2a,#120f2a,#120f2a,#120f2a,#120f2a,#120f2a,#120f2a,#120f2a,#62555c,#62555c,#62555c,#62555c,#62555c,#62555c,#62555c,#62555c,#62555c,#62555c,#62555c,#62555c,#62555c,#62555c,#62555c,#62555c,#62555c,#62555c,#62555c,#62555c,#62555c,#62555c,#62555c,#62555c,#62555c,#62555c,#62555c,#62555c,#62555c,#62555c,#62555c,#62555c,#62555c,#62555c,#62555c,#62555c,#62555c,#62555c,#62555c,#62555c,#62555c,#62555c,#08061a
#2d2b3c,#120f2a,#1c1839,#120f2a,#120f2a,#120f2a,#62555c,#62555c,#62555c,#62555c,#62555c,#62555c,#62555c,#62555c,#62555c,#62555c,#62555c,#120f2a,#1c1839,#120f2a,#62555c,#62555c,#62555c,#62555c,#62555c,#62555c,#62555c,#62555c,#62555c,#62555c,#62555c,#62555c,#62555c,#62555c,#62555c,#62555c,#62555c,#62555c,#62555c,#62555c,#62555c,#62555c,#62555c,#62555c,#62555c,#62555c,#62555c,#62555c,#62555c,#62555c,#62555c,#62555c,#62555c,#62555c,#62555c,#62555c,#62555c,#62555c,#62555c,#62555c,#62555c,#62555c,#62555c,#08061a
#2d2b3c,#120f2a,#62555c,#62555c,#62555c,#62555c,#62555c,#62555c,#62555c,#62555c,#62555c,#62555c,#62555c,#62555c,#62555c,#62555c,#62555c,#62555c,#62555c,#62555c,#62555c,#62555c,#62555c,#62555c,#62555c,#62555c,#62555c,#62555c,#62555c,#62555c,#62555c,#62555c,#62555c,#62555c,#62555c,#62555c,#62555c,#62555c,#62555c,#62555c,#62555c,#62555c,#62555c,#62555c,#62555c,#62555c,#62555c,#62555c,#62555c,#62555c,#62555c,#62555c,#62555c,#62555c,#62555c,#62555c,#62555c,#62555c,#62555c,#62555c,#62555c,#62555c,#62555c,#08061a
#2d2b3c,#62555c,#62555c,#62555c,#62555c,#62555c,#62555c,#62555c,#62555c,#62555c,#62555c,#62555c,#62555c,#62555c,#62555c,#62555c,#62555c,#62555c,#62555c,#62555c,#62555c,#62555c,#62555c,#62555c,#62555c,#62555c,#62555c,#62555c,#62555c,#62555c,#62555c,#62555c,#62555c,#62555c,#62555c,#62555c,#62555c,#62555c,#62555c,#62555c,#62555c,#62555c,#62555c,#62555c,#62555c,#62555c,#62555c,#62555c,#62555c,#62555c,#62555c,#62555c,#62555c,#62555c,#62555c,#62555c,#62555c,#62555c,#62555c,#62555c,#62555c,#62555c,#62555c,#08061a
#2d2b3c,#62555c,#62555c,#62555c,#62555c,#62555c,#62555c,#62555c,#62555c,#62555c,#62555c,#62555c,#62555c,#62555c,#62555c,#62555c,#62555c,#62555c,#62555c,#62555c,#62555c,#62555c,#62555c,#62555c,#62555c,#62555c,#62555c,#62555c,#62555c,#62555c,#62555c,#62555c,#62555c,#62555c,#62555c,#62555c,#62555c,#62555c,#62555c,#62555c,#62555c,#62555c,#62555c,#62555c,#62555c,#62555c,#62555c,#62555c,#62555c,#62555c,#62555c,#62555c,#62555c,#62555c,#62555c,#62555c,#62555c,#62555c,#62555c,#62555c,#62555c,#62555c,#62555c,#08061a
#2d2b3c,#62555c,#62555c,#62555c,#62555c,#62555c,#62555c,#62555c,#62555c,#62555c,#62555c,#62555c,#62555c,#62555c,#62555c,#62555c,#62555c,#62555c,#62555c,#62555c,#62555c,#62555c,#62555c,#62555c,#62555c,#62555c,#62555c,#62555c,#62555c,#fff39a,#62555c,#62555c,#62555c,#62555c,#62555c,#62555c,#62555c,#62555c,#62555c,#62555c,#62555c,#62555c,#62555c,#62555c,#62555c,#62555c,#62555c,#62555c,#62555c,#62555c,#62555c,#62555c,#62555c,#62555c,#62555c,#62555c,#62555c,#62555c,#62555c,#62555c,#62555c,#62555c,#62555c,#08061a
#2d2b3c,#62555c,#62555c,#62555c,#62555c,#62555c,#62555c,#62555c,#62555c,#62555c,#62555c,#62555c,#62555c,#62555c,#62555c,#62555c,#62555c,#62555c,#62555c,#62555c,#62555c,#62555c,#62555c,#62555c,#62555c,#62555c,#62555c,#62555c,#fff39a,#ffffff,#fff39a,#62555c,#62555c,#62555c,#62555c,#62555c,#62555c,#62555c,#62555c,#62555c,#62555c,#62555c,#62555c,#62555c,#62555c,#62555c,#62555c,#62555c,#62555c,#62555c,#62555c,#62555c,#62555c,#62555c,#62555c,#62555c,#62555c,#62555c,#62555c,#62555c,#62555c,#62555c,#62555c,#08061a
#2d2b3c,#62555c,#62555c,#62555c,#62555c,#62555c,#62555c,#62555c,#62555c,#62555c,#62555c,#62555c,#62555c,#62555c,#62555c,#62555c,#62555c,#62555c,#62555c,#62555c,#62555c,#62555c,#62555c,#62555c,#62555c,#62555c,#62555c,#62555c,#62555c,#fff39a,#62555c,#62555c,#62555c,#62555c,#08061a,#08061a,#62555c,#62555c,#62555c,#62555c,#62555c,#62555c,#62555c,#62555c,#62555c,#62555c,#62555c,#62555c,#62555c,#62555c,#62555c,#62555c,#62555c,#62555c,#62555c,#62555c,#62555c,#62555c,#62555c,#62555c,#62555c,#62555c,#62555c,#08061a
#2d2b3c,#62555c,#62555c,#62555c,#62555c,#62555c,#62555c,#62555c,#62555c,#62555c,#62555c,#62555c,#62555c,#62555c,#62555c,#62555c,#62555c,#62555c,#62555c,#62555c,#62555c,#62555c,#62555c,#1c1839,#120f2a,#1c1839,#62555c,#62555c,#62555c,#62555c,#62555c,#62555c,#62555c,#08061a,#d7d3d4,#cbc094,#08061a,#62555c,#62555c,#62555c,#62555c,#62555c,#62555c,#62555c,#62555c,#62555c,#62555c,#62555c,#62555c,#62555c,#62555c,#62555c,#62555c,#62555c,#62555c,#62555c,#62555c,#62555c,#62555c,#62555c,#62555c,#62555c,#62555c,#08061a
#2d2b3c,#62555c,#62555c,#62555c,#62555c,#62555c,#62555c,#62555c,#62555c,#62555c,#62555c,#fff39a,#62555c,#62555c,#62555c,#62555c,#62555c,#62555c,#62555c,#62555c,#62555c,#62555c,#1c1839,#1c1839,#1c1839,#1c1839,#1c1839,#1c1839,#1c1839,#1c1839,#62555c,#62555c,#08061a,#d7d3d4,#b8b1b1,#cbc094,#08061a,#62555c,#62555c,#62555c,#62555c,#62555c,#62555c,#62555c,#62555c,#62555c,#62555c,#62555c,#62555c,#62555c,#62555c,#62555c,#62555c,#62555c,#62555c,#62555c,#62555c,#62555c,#62555c,#62555c,#62555c,#62555c,#62555c,#08061a
#2d2b3c,#1c1839,#1c1839,#1c1839,#62555c,#62555c,#62555c,#62555c,#62555c,#62555c,#fff39a,#ffffff,#fff39a,#62555c,#ccc27b,#62555c,#62555c,#62555c,#62555c,#1c1839,#120f2a,#1c1839,#1c1839,#1c1839,#120f2a,#1c1839,#1c1839,#1c1839,#120f2a,#1c1839,#1c1839,#08061a,#d7d3d4,#b8b1b1,#b8b1b1,#696166,#cbc094,#08061a,#62555c,#62555c,#62555c,#62555c,#62555c,#62555c,#62555c,#62555c,#62555c,#62555c,#62555c,#62555c,#62555c,#62555c,#62555c,#62555c,#62555c,#62555c,#62555c,#62555c,#62555c,#62555c,#62555c,#62555c,#62555c,#08061a
#2d2b3c,#1c1839,#1c1839,#1c1839,#1c1839,#1c1839,#1c1839,#1c1839,#1c1839,#1c1839,#1c1839,#fff39a,#1c1839,#1c1839,#fff39a,#1c1839,#1c1839,#1c1839,#1c1839,#1c1839,#1c1839,#1c1839,#1c1839,#1c1839,#1c1839,#1c1839,#1c1839,#1c1839,#1c1839,#1c1839,#1c1839,#08061a,#d7d3d4,#b8b1b1,#b8b1b1,#968c8d,#3f3941,#cbc094,#08061a,#62555c,#62555c,#62555c,#62555c,#62555c,#62555c,#62555c,#62555c,#62555c,#62555c,#62555c,#62555c,#62555c,#62555c,#62555c,#62555c,#62555c,#62555c,#62555c,#62555c,#62555c,#62555c,#62555c,#62555c,#08061a
#2d2b3c,#1c1839,#1c1839,#1c1839,#1c1839,#1c1839,#1c1839,#1c1839,#1c1839,#1c1839,#1c1839,#1c1839,#ccc27b,#fff39a,#ffffff,#fff39a,#ccc27b,#1c1839,#1c1839,#1c1839,#1c1839,#1c1839,#1c1839,#1c1839,#1c1839,#1c1839,#1c1839,#1c1839,#08061a,#08061a,#08061a,#d7d3d4,#b8b1b1,#b8b1b1,#968c8d,#696166,#cbc094,#08061a,#62555c,#62555c,#62555c,#62555c,#62555c,#62555c,#62555c,#62555c,#62555c,#62555c,#62555c,#62555c,#62555c,#62555c,#62555c,#62555c,#62555c,#62555c,#62555c,#62555c,#62555c,#62555c,#62555c,#62555c,#62555c,#08061a
#2d2b3c,#1c1839,#262148,#1c1839,#1c1839,#1c1839,#262148,#1c1839,#1c1839,#1c1839,#262148,#1c1839,#1c1839,#1c1839,#fff39a,#ffffff,#fff39a,#1c1839,#262148,#1c1839,#1c1839,#1c1839,#262148,#1c1839,#1c1839,#1c1839,#262148,#08061a,#d7d3d4,#d7d3d4,#d7d3d4,#b8b1b1,#b8b1b1,#b8b1b1,#696166,#968c8d,#696166,#cbc094,#08061a,#62555c,#62555c,#62555c,#62555c,#62555c,#62555c,#62555c,#62555c,#62555c,#62555c,#62555c,#62555c,#62555c,#62555c,#62555c,#62555c,#62555c,#62555c,#62555c,#62555c,#62555c,#62555c,#62555c,#62555c,#08061a
#2d2b3c,#1c1839,#1c1839,#1c1839,#1c1839,#1c1839,#1c1839,#1c1839,#1c1839,#1c1839,#1c1839,#1c1839,#1c1839,#1c1839,#ccc27b,#1c1839,#1c1839,#ffffff,#fff39a,#1c1839,#1c1839,#1c1839,#1c1839,#1c1839,#1c1839,#1c1839,#1c1839,#08061a,#d7d3d4,#b8b1b1,#b8b1b1,#b8b1b1,#b8b1b1,#968c8d,#968c8d,#696166,#968c8d,#696166,#cbc094,#08061a,#62555c,#62555c,#62555c,#62555c,#62555c,#62555c,#62555c,#62555c,#62555c,#62555c,#62555c,#62555c,#62555c,#62555c,#62555c,#62555c,#62555c,#62555c,#62555c,#62555c,#62555c,#62555c,#62555c,#08061a
#2d2b3c,#1c1839,#262148,#1c1839,#262148,#1c1839,#262148,#1c1839,#262148,#1c1839,#262148,#1c1839,#262148,#1c1839,#262148,#1c1839,#ffffff,#fff39a,#262148,#1c1839,#262148,#1c1839,#262148,#1c1839,#262148,#1c1839,#08061a,#d7d3d4,#b8b1b1,#b8b1b1,#b8b1b1,#968c8d,#b8b1b1,#968c8d,#b8b1b1,#968c8d,#696166,#b8b1b1,#696166,#cbc094,#08061a,#62555c,#62555c,#62555c,#62555c,#62555c,#62555c,#62555c,#62555c,#62555c,#62555c,#62555c,#62555c,#62555c,#62555c,#62555c,#62555c,#62555c,#62555c,#62555c,#62555c,#62555c,#62555c,#08061a
#2d2b3c,#262148,#1c1839,#262148,#1c1839,#262148,#1c1839,#262148,#1c1839,#262148,#1c1839,#262148,#1c1839,#262148,#1c1839,#262148,#ffffff,#fff39a,#1c1839,#262148,#1c1839,#262148,#1c1839,#262148,#1c1839,#08061a,#d7d3d4,#b8b1b1,#b8b1b1,#b8b1b1,#968c8d,#968c8d,#968c8d,#b8b1b1,#968c8d,#b8b1b1,#b8b1b1,#696166,#696166,#cbc094,#08061a,#62555c,#62555c,#62555c,#62555c,#62555c,#62555c,#62555c,#62555c,#62555c,#62555c,#62555c,#62555c,#62555c,#62555c,#62555c,#1c1839,#262148,#1c1839,#262148,#1c1839,#262148,#1c1839,#08061a
#2d2b3c,#1c1839,#262148,#1c1839,#262148,#1c1839,#262148,#1c1839,#262148,#1c1839,#262148,#1c1839,#262148,#1c1839,#262148,#1c1839,#262148,#ffffff,#fff39a,#1c1839,#262148,#1c1839,#262148,#1c1839,#08061a,#d7d3d4,#b8b1b1,#b8b1b1,#b8b1b1,#968c8d,#b8b1b1,#968c8d,#968c8d,#968c8d,#b8b1b1,#b8b1b1,#968c8d,#968c8d,#696166,#696166,#cbc094,#08061a,#62555c,#62555c,#62555c,#62555c,#62555c,#62555c,#62555c,#62555c,#62555c,#62555c,#62555c,#62555c,#62555c,#1c1839,#262148,#1c1839,#262148,#1c1839,#262148,#1c1839,#262148,#08061a
#2d2b3c,#262148,#1c1839,#262148,#1c1839,#262148,#1c1839,#262148,#1c1839,#262148,#1c1839,#262148,#1c1839,#262148,#1c1839,#262148,#1c1839,#ffffff,#fff39a,#262148,#1c1839,#262148,#1c1839,#262148,#08061a,#d7d3d4,#b8b1b1,#b8b1b1,#968c8d,#968c8d,#968c8d,#b8b1b1,#968c8d,#b8b1b1,#b8b1b1,#968c8d,#968c8d,#968c8d,#968c8d,#696166,#696166,#cbc094,#08061a,#62555c,#62555c,#62555c,#62555c,#62555c,#62555c,#62555c,#62555c,#62555c,#62555c,#62555c,#1c1839,#262148,#1c1839,#262148,#1c1839,#262148,#1c1839,#262148,#1c1839,#08061a
#2d2b3c,#262148,#262148,#262148,#262148,#262148,#262148,#262148,#262148,#262148,#262148,#262148,#262148,#262148,#262148,#262148,#262148,#ffffff,#fff39a,#262148,#262148,#262148,#262148,#08061a,#d7d3d4,#b8b1b1,#b8b1b1,#968c8d,#b8b1b1,#968c8d,#b8b1b1,#968c8d,#b8b1b1,#b8b1b1,#968c8d,#968c8d,#968c8d,#968c8d,#696166,#968c8d,#696166,#cbc094,#08061a,#62555c,#62555c,#62555c,#62555c,#62555c,#62555c,#62555c,#62555c,#62555c,#262148,#262148,#262148,#262148,#262148,#262148,#262148,#262148,#262148,#262148,#262148,#08061a
#2d2b3c,#262148,#1c1839,#262148,#1c1839,#262148,#1c1839,#262148,#1c1839,#262148,#1c1839,#262148,#1c1839,#262148,#1c1839,#262148,#1c1839,#ffffff,#fff39a,#262148,#1c1839,#08061a,#08061a,#d7d3d4,#b8b1b1,#b8b1b1,#b8b1b1,#968c8d,#968c8d,#b8b1b1,#968c8d,#b8b1b1,#b8b1b1,#968c8d,#968c8d,#968c8d,#968c8d,#968c8d,#968c8d,#696166,#696166,#cbc094,#08061a,#62555c,#62555c,#62555c,#62555c,#262148,#1c1839,#262148,#1c1839,#262148,#1c1839,#262148,#1c1839,#262148,#1c1839,#262148,#1c1839,#262148,#1c1839,#262148,#1c1839,#08061a
#2d2b3c,#262148,#262148,#262148,#262148,#262148,#262148,#262148,#262148,#262148,#262148,#262148,#262148,#262148,#262148,#262148,#262148,#ffffff,#fff39a,#262148,#08061a,#d7d3d4,#d7d3d4,#b8b1b1,#b8b1b1,#b8b1b1,#b8b1b1,#968c8d,#b8b1b1,#968c8d,#b8b1b1,#b8b1b1,#968c8d,#968c8d,#968c8d,#968c8d,#968c8d,#968c8d,#968c8d,#968c8d,#696166,#696166,#cbc094,#08061a,#262148,#262148,#262148,#262148,#262148,#262148,#262148,#262148,#262148,#262148,#262148,#262148,#262148,#262148,#262148,#262148,#262148,#262148,#262148,#08061a
#2d2b3c,#262148,#262148,#262148,#1c1839,#262148,#262148,#262148,#1c1839,#262148,#262148,#262148,#1c1839,#262148,#262148,#262148,#1c1839,#ffffff,#fff39a,#262148,#08061a,#d7d3d4,#b8b1b1,#b8b1b1,#b8b1b1,#696166,#968c8d,#696166,#968c8d,#696166,#b8b1b1,#968c8d,#968c8d,#968c8d,#968c8d,#968c8d,#968c8d,#968c8d,#968c8d,#968c8d,#968c8d,#696166,#696166,#cbc094,#08061a,#262148,#262148,#262148,#1c1839,#262148,#262148,#262148,#1c1839,#262148,#262148,#262148,#1c1839,#262148,#262148,#262148,#1c1839,#262148,#262148,#08061a
#2d2b3c,#262148,#262148,#262148,#262148,#262148,#262148,#262148,#262148,#262148,#262148,#262148,#262148,#262148,#262148,#262148,#262148,#262148,#ffffff,#fff39a,#08061a,#d7d3d4,#b8b1b1,#968c8d,#696166,#968c8d,#696166,#968c8d,#696166,#b8b1b1,#696166,#968c8d,#696166,#968c8d,#696166,#968c8d,#968c8d,#968c8d,#968c8d,#968c8d,#696166,#b8b1b1,#696166,#cbc094,#08061a,#262148,#262148,#262148,#262148,#262148,#262148,#262148,#262148,#262148,#262148,#262148,#262148,#262148,#262148,#262148,#262148,#262148,#262148,#08061a
#2d2b3c,#262148,#262148,#262148,#262148,#262148,#262148,#262148,#262148,#262148,#262148,#262148,#262148,#262148,#262148,#262148,#262148,#262148,#ffffff,#fff39a,#08061a,#d7d3d4,#b8b1b1,#696166,#968c8d,#696166,#696166,#696166,#696166,#696166,#968c8d,#696166,#968c8d,#696166,#968c8d,#696166,#968c8d,#968c8d,#968c8d,#968c8d,#b8b1b1,#696166,#696166,#696166,#cbc094,#08061a,#262148,#262148,#262148,#262148,#262148,#262148,#262148,#262148,#262148,#262148,#262148,#262148,#262148,#262148,#262148,#262148,#262148,#08061a
#2d2b3c,#262148,#302957,#262148,#262148,#262148,#302957,#262148,#262148,#262148,#302957,#262148,#262148,#262148,#302957,#262148,#262148,#262148,#ffffff,#fff39a,#08061a,#d7d3d4,#b8b1b1,#968c8d,#696166,#696166,#fff39a,#3f3941,#3f3941,#3f3941,#696166,#696166,#696166,#696166,#696166,#696166,#968c8d,#968c8d,#968c8d,#b8b1b1,#696166,#968c8d,#696166,#3f3941,#cbc094,#08061a,#302957,#262148,#262148,#262148,#302957,#262148,#262148,#262148,#302957,#262148,#262148,#262148,#302957,#262148,#262148,#262148,#302957,#08061a
#2d2b3c,#262148,#262148,#262148,#262148,#262148,#262148,#262148,#262148,#262148,#262148,#262148,#262148,#262148,#262148,#262148,#262148,#262148,#ffffff,#fff39a,#08061a,#d7d3d4,#b8b1b1,#696166,#696166,#fff39a,#ffffff,#fff39a,#b3adff,#b3adff,#b8b1b1,#3f3941,#3f3941,#3f3941,#3f3941,#3f3941,#968c8d,#968c8d,#b8b1b1,#b8b1b1,#968c8d,#696166,#696166,#cbc094,#08061a,#fff39a,#262148,#262148,#262148,#262148,#262148,#262148,#262148,#262148,#262148,#262148,#262148,#262148,#262148,#262148,#262148,#262148,#262148,#08061a
#2d2b3c,#262148,#302957,#262148,#302957,#262148,#302957,#262148,#302957,#262148,#302957,#262148,#302957,#262148,#302957,#262148,#302957,#262148,#ffffff,#fff39a,#08061a,#d7d3d4,#b8b1b1,#968c8d,#696166,#3f3941,#fff39a,#b3adff,#b3adff,#b3adff,#b3adff,#b3adff,#8f86ff,#8f86ff,#b3adff,#b3adff,#b8b1b1,#d7d3d4,#d7d3d4,#968c8d,#696166,#968c8d,#696166,#cbc094,#fff39a,#ffffff,#fff39a,#262148,#302957,#262148,#302957,#262148,#302957,#262148,#302957,#262148,#302957,#262148,#302957,#262148,#302957,#262148,#302957,#08061a
#2d2b3c,#302957,#262148,#302957,#262148,#302957,#262148,#302957,#262148,#302957,#262148,#302957,#262148,#302957,#262148,#302957,#262148,#302957,#ffffff,#fff39a,#08061a,#d7d3d4,#b8b1b1,#696166,#696166,#3f3941,#b3adff,#b3adff,#3d376c,#645db3,#3d376c,#b3adff,#b3adff,#b3adff,#645db3,#3d376c,#d7d3d4,#d7d3d4,#968c8d,#968c8d,#968c8d,#696166,#696166,#cbc094,#08061a,#fff39a,#262148,#302957,#262148,#302957,#262148,#302957,#262148,#302957,#262148,#302957,#262148,#302957,#262148,#302957,#262148,#302957,#262148,#08061a
#2d2b3c,#262148,#302957,#262148,#302957,#262148,#302957,#262148,#302957,#262148,#302957,#262148,#302957,#262148,#302957,#262148,#302957,#262148,#ffffff,#08061a,#d7d3d4,#b8b1b1,#d7d3d4,#b8b1b1,#696166,#3f3941,#b3adff,#3d376c,#3d376c,#3d376c,#3d376c,#645db3,#645db3,#645db3,#645db3,#3d376c,#d7d3d4,#b8b1b1,#b8b1b1,#968c8d,#696166,#968c8d,#696166,#cbc094,#08061a,#262148,#302957,#262148,#302957,#262148,#302957,#262148,#302957,#262148,#302957,#262148,#302957,#262148,#302957,#262148,#302957,#262148,#302957,#08061a
#2d2b3c,#302957,#262148,#302957,#262148,#302957,#262148,#302957,#262148,#302957,#262148,#302957,#262148,#302957,#262148,#302957,#262148,#ffffff,#fff39a,#08061a,#d7d3d4,#d7d3d4,#d7d3d4,#b8b1b1,#968c8d,#968c8d,#b8b1b1,#b8b1b1,#b8b1b1,#b8b1b1,#b8b1b1,#b3adff,#3d376c,#3d376c,#3d376c,#3d376c,#b8b1b1,#b8b1b1,#968c8d,#696166,#968c8d,#696166,#696166,#cbc094,#08061a,#302957,#262148,#302957,#262148,#302957,#262148,#302957,#262148,#302957,#262148,#302957,#262148,#302957,#262148,#302957,#262148,#302957,#262148,#08061a
#2d2b3c,#302957,#302957,#302957,#302957,#302957,#302957,#302957,#302957,#302957,#302957,#302957,#302957,#302957,#302957,#302957,#ffffff,#fff39a,#302957,#08061a,#d7d3d4,#d7d3d4,#b8b1b1,#968c8d,#b8b1b1,#968c8d,#b8b1b1,#b8b1b1,#b8b1b1,#b8b1b1,#b8b1b1,#b8b1b1,#b8b1b1,#d7d3d4,#d7d3d4,#b8b1b1,#b8b1b1,#b8b1b1,#b8b1b1,#968c8d,#696166,#696166,#696166,#cbc094,#08061a,#302957,#302957,#302957,#302957,#302957,#302957,#302957,#302957,#302957,#302957,#302957,#302957,#302957,#302957,#302957,#302957,#302957,#302957,#08061a
#2d2b3c,#302957,#262148,#302957,#262148,#302957,#262148,#302957,#262148,#302957,#262148,#302957,#262148,#302957,#262148,#302957,#262148,#ffffff,#fff39a,#08061a,#d7d3d4,#b8b1b1,#968c8d,#968c8d,#968c8d,#968c8d,#968c8d,#968c8d,#968c8d,#b8b1b1,#968c8d,#b8b1b1,#d7d3d4,#d7d3d4,#b8b1b1,#b8b1b1,#b8b1b1,#b8b1b1,#968c8d,#696166,#968c8d,#696166,#3f3941,#cbc094,#08061a,#302957,#262148,#302957,#262148,#302957,#262148,#302957,#262148,#302957,#262148,#302957,#262148,#302957,#e8f0ff,#e8f0ff,#262148,#302957,#262148,#08061a
#2d2b3c,#302957,#302957,#302957,#302957,#302957,#302957,#302957,#302957,#302957,#302957,#302957,#302957,#302957,#302957,#302957,#ffffff,#fff39a,#302957,#08061a,#d7d3d4,#b8b1b1,#696166,#968c8d,#968c8d,#968c8d,#b8b1b1,#968c8d,#b8b1b1,#968c8d,#b8b1b1,#b8b1b1,#d7d3d4,#968c8d,#b8b1b1,#968c8d,#b8b1b1,#968c8d,#b8b1b1,#968c8d,#696166,#696166,#cbc094,#08061a,#302957,#302957,#302957,#e8f0ff,#e8f0ff,#302957,#302957,#302957,#302957,#302957,#302957,#302957,#302957,#e8f0ff,#302957,#302957,#302957,#302957,#302957,#08061a
#2d2b3c,#302957,#302957,#302957,#262148,#302957,#302957,#302957,#262148,#302957,#302957,#302957,#262148,#302957,#302957,#ffffff,#fff39a,#302957,#302957,#08061a,#d7d3d4,#b8b1b1,#968c8d,#696166,#968c8d,#696166,#968c8d,#696166,#968c8d,#696166,#b8b1b1,#d7d3d4,#968c8d,#968c8d,#968c8d,#b8b1b1,#968c8d,#968c8d,#968c8d,#696166,#968c8d,#696166,#cbc094,#08061a,#262148,#302957,#e8f0ff,#302957,#262148,#302957,#302957,#302957,#262148,#302957,#302957,#302957,#262148,#302957,#302957,#302957,#262148,#302957,#e8f0ff,#08061a
#2d2b3c,#302957,#302957,#302957,#302957,#302957,#302957,#302957,#302957,#302957,#302957,#302957,#302957,#302957,#ffffff,#fff39a,#302957,#302957,#302957,#08061a,#d7d3d4,#696166,#696166,#696166,#696166,#968c8d,#696166,#968c8d,#696166,#b8b1b1,#696166,#968c8d,#696166,#968c8d,#696166,#968c8d,#696166,#968c8d,#696166,#968c8d,#696166,#696166,#cbc094,#e8f0ff,#302957,#302957,#e8f0ff,#e8f0ff,#e8f0ff,#e8f0ff,#e8f0ff,#e8f0ff,#e8f0ff,#e8f0ff,#e8f0ff,#e8f0ff,#302957,#e8f0ff,#302957,#302957,#302957,#302957,#e8f0ff,#08061a
#2d2b3c,#302957,#302957,#302957,#302957,#302957,#302957,#302957,#302957,#302957,#302957,#302957,#302957,#302957,#302957,#ffffff,#fff39a,#08061a,#08061a,#d7d3d4,#b8b1b1,#3f3941,#3f3941,#3f3941,#696166,#696166,#696166,#696166,#696166,#696166,#696166,#696166,#968c8d,#696166,#968c8d,#696166,#968c8d,#696166,#968c8d,#696166,#968c8d,#696166,#cbc094,#08061a,#e8f0ff,#e8f0ff,#302957,#302957,#302957,#302957,#302957,#e8f0ff,#302957,#302957,#302957,#302957,#e8f0ff,#e8f0ff,#e8f0ff,#302957,#302957,#e8f0ff,#302957,#08061a
#2d2b3c,#302957,#3a3266,#302957,#302957,#302957,#3a3266,#302957,#302957,#302957,#3a3266,#302957,#302957,#302957,#ffffff,#fff39a,#08061a,#bdb9b9,#bdb9b9,#888281,#888281,#888281,#888281,#888281,#b8b1b1,#3f3941,#3f3941,#3f3941,#3f3941,#3f3941,#3f3941,#696166,#696166,#696166,#696166,#696166,#696166,#696166,#696166,#968c8d,#696166,#696166,#cbc094,#e8f0ff,#302957,#302957,#e8f0ff,#e8f0ff,#e8f0ff,#302957,#e8f0ff,#302957,#302957,#302957,#3a3266,#302957,#302957,#302957,#3a3266,#e8f0ff,#e8f0ff,#302957,#3a3266,#08061a
#2d2b3c,#302957,#302957,#302957,#302957,#302957,#302957,#302957,#302957,#302957,#302957,#302957,#ffffff,#fff39a,#302957,#302957,#08061a,#bdb9b9,#888281,#888281,#888281,#888281,#888281,#888281,#888281,#888281,#888281,#888281,#888281,#888281,#888281,#b8b1b1,#3f3941,#3f3941,#3f3941,#3f3941,#3f3941,#3f3941,#3f3941,#696166,#696166,#e8f0ff,#cbc094,#08061a,#302957,#302957,#302957,#302957,#302957,#e8f0ff,#302957,#302957,#302957,#302957,#302957,#302957,#302957,#302957,#302957,#302957,#302957,#302957,#302957,#08061a
#2d2b3c,#302957,#3a3266,#302957,#3a3266,#302957,#3a3266,#302957,#3a3266,#302957,#3a3266,#ffffff,#fff39a,#302957,#3a3266,#302957,#08061a,#bdb9b9,#3a3235,#3a3235,#3a3235,#3a3235,#3a3235,#3a3235,#888281,#888281,#888281,#888281,#888281,#888281,#888281,#888281,#888281,#504746,#888281,#888281,#888281,#888281,#888281,#d7d3d4,#e8f0ff,#3f3941,#cbc094,#08061a,#3a3266,#302957,#3a3266,#302957,#3a3266,#302957,#3a3266,#302957,#3a3266,#302957,#3a3266,#302957,#3a3266,#302957,#3a3266,#302957,#3a3266,#302957,#3a3266,#08061a
#2d2b3c,#3a3266,#302957,#3a3266,#302957,#3a3266,#302957,#3a3266,#302957,#3a3266,#302957,#3a3266,#ffffff,#fff39a,#302957,#3a3266,#e8f0ff,#a89d70,#a89d70,#251f26,#251f26,#251f26,#251f26,#251f26,#3a3235,#3a3235,#3a3235,#3a3235,#3a3235,#3a3235,#3a3235,#3a3235,#888281,#888281,#888281,#888281,#888281,#504746,#888281,#888281,#e8f0ff,#888281,#a89d70,#08061a,#302957,#3a3266,#302957,#3a3266,#302957,#3a3266,#302957,#3a3266,#302957,#3a3266,#302957,#3a3266,#302957,#3a3266,#302957,#3a3266,#302957,#3a3266,#302957,#08061a
#2d2b3c,#302957,#3a3266,#302957,#3a3266,#302957,#3a3266,#302957,#3a3266,#302957,#3a3266,#302957,#3a3266,#ffffff,#fff39a,#302957,#3a3266,#08061a,#08061a,#d7d3d4,#b8b1b1,#b8b1b1,#b8b1b1,#d7d3d4,#888281,#251f26,#251f26,#251f26,#251f26,#251f26,#251f26,#251f26,#251f26,#3a3235,#3a3235,#3a3235,#3a3235,#251f26,#3a3235,#888281,#e8f0ff,#a89d70,#08061a,#302957,#e8f0ff,#302957,#3a3266,#302957,#3a3266,#302957,#3a3266,#302957,#3a3266,#302957,#3a3266,#302957,#3a3266,#302957,#3a3266,#302957,#3a3266,#302957,#3a3266,#08061a
#2d2b3c,#3a3266,#302957,#3a3266,#302957,#3a3266,#302957,#3a3266,#302957,#3a3266,#302957,#3a3266,#302957,#ffffff,#fff39a,#3a3266,#302957,#3a3266,#e8f0ff,#d7d3d4,#b8b1b1,#b8b1b1,#d7d3d4,#d7d3d4,#b8b1b1,#b8b1b1,#b8b1b1,#b8b1b1,#b8b1b1,#b8b1b1,#b8b1b1,#b8b1b1,#888281,#251f26,#251f26,#251f26,#251f26,#251f26,#251f26,#3a3235,#e8f0ff,#a89d70,#08061a,#3a3266,#e8f0ff,#3a3266,#302957,#3a3266,#302957,#3a3266,#302957,#3a3266,#302957,#3a3266,#302957,#3a3266,#302957,#3a3266,#302957,#3a3266,#302957,#3a3266,#302957,#08061a
#2d2b3c,#3a3266,#3a3266,#3a3266,#3a3266,#3a3266,#3a3266,#3a3266,#3a3266,#3a3266,#3a3266,#3a3266,#3a3266,#3a3266,#ffffff,#e8f0ff,#e8f0ff,#e8f0ff,#d7d3d4,#b8b1b1,#b8b1b1,#b8b1b1,#d7d3d4,#968c8d,#b8b1b1,#b8b1b1,#b8b1b1,#b8b1b1,#b8b1b1,#b8b1b1,#b8b1b1,#b8b1b1,#b8b1b1,#b8b1b1,#d7d3d4,#d7d3d4,#b8b1b1,#b8b1b1,#b8b1b1,#888281,#251f26,#e8f0ff,#e8f0ff,#e8f0ff,#3a3266,#3a3266,#3a3266,#3a3266,#3a3266,#3a3266,#3a3266,#3a3266,#3a3266,#3a3266,#3a3266,#3a3266,#3a3266,#3a3266,#3a3266,#3a3266,#3a3266,#3a3266,#3a3266,#08061a
#2d2b3c,#3a3266,#302957,#3a3266,#302957,#3a3266,#302957,#3a3266,#302957,#3a3266,#302957,#3a3266,#e8f0ff,#e8f0ff,#302957,#ffffff,#fff39a,#08061a,#d7d3d4,#b8b1b1,#d7d3d4,#d7d3d4,#968c8d,#968c8d,#968c8d,#b8b1b1,#968c8d,#968c8d,#968c8d,#b8b1b1,#968c8d,#968c8d,#b8b1b1,#d7d3d4,#d7d3d4,#b8b1b1,#b8b1b1,#b8b1b1,#b8b1b1,#b8b1b1,#b8b1b1,#cbc094,#08061a,#3a3266,#302957,#3a3266,#302957,#3a3266,#302957,#3a3266,#302957,#3a3266,#302957,#3a3266,#302957,#3a3266,#302957,#3a3266,#302957,#3a3266,#302957,#3a3266,#302957,#08061a
#2d2b3c,#3a3266,#3a3266,#3a3266,#3a3266,#3a3266,#3a3266,#e8f0ff,#e8f0ff,#e8f0ff,#e8f0ff,#e8f0ff,#3a3266,#3a3266,#ffffff,#fff39a,#3a3266,#08061a,#d7d3d4,#d7d3d4,#696166,#968c8d,#696166,#968c8d,#696166,#968c8d,#b8b1b1,#968c8d,#b8b1b1,#968c8d,#b8b1b1,#968c8d,#d7d3d4,#b8b1b1,#b8b1b1,#968c8d,#b8b1b1,#968c8d,#696166,#b8b1b1,#696166,#cbc094,#08061a,#3a3266,#3a3266,#3a3266,#3a3266,#3a3266,#3a3266,#3a3266,#3a3266,#3a3266,#3a3266,#3a3266,#3a3266,#3a3266,#3a3266,#3a3266,#3a3266,#3a3266,#3a3266,#3a3266,#3a3266,#08061a
#2d2b3c,#3a3266,#3a3266,#3a3266,#302957,#3a3266,#3a3266,#3a3266,#302957,#3a3266,#3a3266,#3a3266,#302957,#3a3266,#3a3266,#ffffff,#fff39a,#08061a,#d7d3d4,#d7d3d4,#968c8d,#696166,#968c8d,#696166,#968c8d,#696166,#968c8d,#696166,#968c8d,#696166,#968c8d,#696166,#b8b1b1,#968c8d,#968c8d,#b8b1b1,#968c8d,#696166,#968c8d,#696166,#696166,#cbc094,#08061a,#3a3266,#302957,#3a3266,#3a3266,#3a3266,#302957,#3a3266,#3a3266,#3a3266,#302957,#3a3266,#3a3266,#3a3266,#302957,#3a3266,#3a3266,#3a3266,#302957,#3a3266,#3a3266,#08061a
#2d2b3c,#2a2440,#2a2440,#2a2440,#66583e,#2a2440,#2a2440,#2a2440,#2a2440,#2a2440,#2a2440,#2a2440,#2a2440,#2a2440,#2a2440,#2a2440,#2a2440,#08061a,#d7d3d4,#696166,#696166,#696166,#696166,#696166,#696166,#968c8d,#696166,#968c8d,#696166,#968c8d,#696166,#b8b1b1,#696166,#968c8d,#696166,#968c8d,#696166,#968c8d,#696166,#696166,#3f3941,#cbc094,#08061a,#66583e,#2a2440,#2a2440,#2a2440,#2a2440,#2a2440,#2a2440,#2a2440,#2a2440,#2a2440,#2a2440,#2a2440,#2a2440,#66583e,#2a2440,#2a2440,#2a2440,#2a2440,#2a2440,#2a2440,#08061a
#2d2b3c,#2a2440,#2a2440,#66583e,#2a2440,#2a2440,#2a2440,#2a2440,#2a2440,#2a2440,#2a2440,#2a2440,#2a2440,#2a2440,#2a2440,#2a2440,#66583e,#08061a,#cbc094,#cbc094,#cbc094,#cbc094,#cbc094,#cbc094,#cbc094,#696166,#696166,#696166,#696166,#696166,#696166,#696166,#696166,#696166,#968c8d,#696166,#968c8d,#696166,#968c8d,#696166,#cbc094,#08061a,#66583e,#2a2440,#2a2440,#2a2440,#2a2440,#2a2440,#2a2440,#2a2440,#2a2440,#2a2440,#2a2440,#2a2440,#2a2440,#66583e,#2a2440,#2a2440,#2a2440,#2a2440,#2a2440,#2a2440,#2a2440,#08061a
#2d2b3c,#2a2440,#66583e,#2a2440,#2a2440,#2a2440,#2a2440,#2a2440,#2a2440,#2a2440,#2a2440,#2a2440,#2a2440,#2a2440,#2a2440,#66583e,#2a2440,#2a2440,#08061a,#08061a,#08061a,#08061a,#08061a,#08061a,#08061a,#cbc094,#cbc094,#cbc094,#cbc094,#cbc094,#cbc094,#cbc094,#cbc094,#696166,#696166,#696166,#696166,#696166,#696166,#696166,#cbc094,#08061a,#2a2440,#2a2440,#2a2440,#2a2440,#2a2440,#2a2440,#2a2440,#2a2440,#2a2440,#2a2440,#2a2440,#2a2440,#66583e,#2a2440,#2a2440,#2a2440,#2a2440,#2a2440,#2a2440,#2a2440,#2a2440,#08061a
#2d2b3c,#66583e,#2a2440,#2a2440,#2a2440,#2a2440,#2a2440,#2a2440,#2a2440,#2a2440,#2a2440,#2a2440,#2a2440,#2a2440,#66583e,#2a2440,#2a2440,#2a2440,#2a2440,#171423,#2a2440,#171423,#2a2440,#171423,#2a2440,#08061a,#08061a,#08061a,#08061a,#08061a,#08061a,#08061a,#08061a,#cbc094,#cbc094,#cbc094,#cbc094,#cbc094,#cbc094,#cbc094,#cbc094,#08061a,#2a2440,#171423,#2a2440,#2a2440,#2a2440,#2a2440,#2a2440,#2a2440,#2a2440,#2a2440,#2a2440,#66583e,#2a2440,#2a2440,#2a2440,#2a2440,#2a2440,#2a2440,#2a2440,#2a2440,#2a2440,#08061a
#2d2b3c,#2a2440,#2a2440,#2a2440,#2a2440,#2a2440,#2a2440,#2a2440,#2a2440,#2a2440,#2a2440,#2a2440,#2a2440,#66583e,#2a2440,#2a2440,#2a2440,#171423,#171423,#171423,#171423,#171423,#171423,#171423,#171423,#171423,#383022,#171423,#171423,#171423,#171423,#171423,#171423,#08061a,#08061a,#08061a,#08061a,#08061a,#08061a,#08061a,#cbc094,#08061a,#171423,#171423,#171423,#2a2440,#2a2440,#2a2440,#2a2440,#2a2440,#2a2440,#2a2440,#66583e,#2a2440,#2a2440,#2a2440,#2a2440,#2a2440,#2a2440,#2a2440,#2a2440,#2a2440,#2a2440,#08061a
#2d2b3c,#2a2440,#2a2440,#2a2440,#2a2440,#2a2440,#2a2440,#2a2440,#2a2440,#2a2440,#2a2440,#2a2440,#66583e,#2a2440,#2a2440,#2a2440,#2a2440,#2a2440,#2a2440,#171423,#2a2440,#171423,#2a2440,#171423,#2a2440,#383022,#2a2440,#171423,#2a2440,#171423,#2a2440,#171423,#2a2440,#171423,#2a2440,#171423,#2a2440,#171423,#66583e,#171423,#08061a,#171423,#2a2440,#171423,#2a2440,#2a2440,#2a2440,#2a2440,#2a2440,#2a2440,#2a2440,#66583e,#2a2440,#2a2440,#2a2440,#2a2440,#2a2440,#2a2440,#2a2440,#2a2440,#2a2440,#2a2440,#2a2440,#08061a
#2d2b3c,#2a2440,#2a2440,#2a2440,#2a2440,#2a2440,#2a2440,#2a2440,#2a2440,#2a2440,#2a2440,#66583e,#2a2440,#2a2440,#2a2440,#2a2440,#2a2440,#2a2440,#2a2440,#2a2440,#2a2440,#171423,#171423,#171423,#383022,#171423,#171423,#171423,#171423,#171423,#171423,#171423,#171423,#171423,#171423,#171423,#171423,#383022,#171423,#171423,#171423,#2a2440,#2a2440,#2a2440,#2a2440,#2a2440,#2a2440,#2a2440,#2a2440,#2a2440,#66583e,#2a2440,#2a2440,#2a2440,#2a2440,#2a2440,#2a2440,#2a2440,#2a2440,#2a2440,#2a2440,#2a2440,#2a2440,#08061a
#2d2b3c,#2a2440,#2a2440,#2a2440,#2a2440,#2a2440,#2a2440,#2a2440,#2a2440,#2a2440,#66583e,#2a2440,#2a2440,#2a2440,#2a2440,#2a2440,#2a2440,#2a2440,#2a2440,#2a2440,#2a2440,#2a2440,#2a2440,#66583e,#2a2440,#2a2440,#2a2440,#2a2440,#2a2440,#2a2440,#2a2440,#2a2440,#2a2440,#2a2440,#2a2440,#2a2440,#66583e,#2a2440,#2a2440,#2a2440,#2a2440,#2a2440,#2a2440,#2a2440,#2a2440,#2a2440,#2a2440,#2a2440,#2a2440,#66583e,#2a2440,#2a2440,#2a2440,#2a2440,#2a2440,#2a2440,#2a2440,#2a2440,#2a2440,#2a2440,#2a2440,#2a2440,#66583e,#08061a
#2d2b3c,#2a2440,#2a2440,#2a2440,#2a2440,#2a2440,#2a2440,#2a2440,#2a2440,#66583e,#2a2440,#2a2440,#2a2440,#2a2440,#2a2440,#2a2440,#2a2440,#2a2440,#2a2440,#2a2440,#2a2440,#2a2440,#66583e,#2a2440,#2a2440,#2a2440,#2a2440,#2a2440,#2a2440,#2a2440,#2a2440,#2a2440,#2a2440,#2a2440,#2a2440,#66583e,#2a2440,#2a2440,#2a2440,#2a2440,#2a2440,#2a2440,#2a2440,#2a2440,#2a2440,#2a2440,#2a2440,#2a2440,#66583e,#2a2440,#2a2440,#2a2440,#2a2440,#2a2440,#2a2440,#2a2440,#2a2440,#2a2440,#2a2440,#2a2440,#2a2440,#66583e,#2a2440,#08061a
#2d2b3c,#2a2440,#2a2440,#2a2440,#2a2440,#2a2440,#2a2440,#2a2440,#66583e,#2a2440,#2a2440,#2a2440,#2a2440,#2a2440,#2a2440,#2a2440,#2a2440,#2a2440,#2a2440,#2a2440,#2a2440,#66583e,#2a2440,#2a2440,#2a2440,#2a2440,#2a2440,#2a2440,#2a2440,#2a2440,#2a2440,#2a2440,#2a2440,#2a2440,#66583e,#2a2440,#2a2440,#2a2440,#2a2440,#2a2440,#2a2440,#2a2440,#2a2440,#2a2440,#2a2440,#2a2440,#2a2440,#66583e,#2a2440,#2a2440,#2a2440,#2a2440,#2a2440,#2a2440,#2a2440,#2a2440,#2a2440,#2a2440,#2a2440,#2a2440,#66583e,#2a2440,#2a2440,#08061a
#2d2b3c,#2a2440,#2a2440,#2a2440,#2a2440,#2a2440,#2a2440,#66583e,#2a2440,#2a2440,#2a2440,#2a2440,#2a2440,#2a2440,#2a2440,#2a2440,#2a2440,#2a2440,#2a2440,#2a2440,#66583e,#2a2440,#2a2440,#2a2440,#2a2440,#2a2440,#2a2440,#2a2440,#2a2440,#2a2440,#2a2440,#2a2440,#2a2440,#66583e,#2a2440,#2a2440,#2a2440,#2a2440,#2a2440,#2a2440,#2a2440,#2a2440,#2a2440,#2a2440,#2a2440,#2a2440,#66583e,#2a2440,#2a2440,#2a2440,#2a2440,#2a2440,#2a2440,#2a2440,#2a2440,#2a2440,#2a2440,#2a2440,#2a2440,#66583e,#2a2440,#2a2440,#2a2440,#08061a
#2d2b3c,#2a2440,#2a2440,#2a2440,#2a2440,#2a2440,#66583e,#2a2440,#2a2440,#2a2440,#2a2440,#2a2440,#2a2440,#2a2440,#2a2440,#2a2440,#2a2440,#2a2440,#2a2440,#66583e,#2a2440,#2a2440,#2a2440,#2a2440,#2a2440,#2a2440,#2a2440,#2a2440,#2a2440,#2a2440,#2a2440,#2a2440,#66583e,#2a2440,#2a2440,#2a2440,#2a2440,#2a2440,#2a2440,#2a2440,#2a2440,#2a2440,#2a2440,#2a2440,#2a2440,#66583e,#2a2440,#2a2440,#2a2440,#2a2440,#2a2440,#2a2440,#2a2440,#2a2440,#2a2440,#2a2440,#2a2440,#2a2440,#66583e,#2a2440,#2a2440,#2a2440,#2a2440,#08061a
#2d2b3c,#2a2440,#2a2440,#2a2440,#2a2440,#66583e,#2a2440,#2a2440,#2a2440,#2a2440,#2a2440,#2a2440,#2a2440,#2a2440,#2a2440,#2a2440,#2a2440,#2a2440,#66583e,#2a2440,#2a2440,#2a2440,#2a2440,#2a2440,#2a2440,#2a2440,#2a2440,#2a2440,#2a2440,#2a2440,#2a2440,#66583e,#2a2440,#2a2440,#2a2440,#2a2440,#2a2440,#2a2440,#2a2440,#2a2440,#2a2440,#2a2440,#2a2440,#2a2440,#66583e,#2a2440,#2a2440,#2a2440,#2a2440,#2a2440,#2a2440,#2a2440,#2a2440,#2a2440,#2a2440,#2a2440,#2a2440,#66583e,#2a2440,#2a2440,#2a2440,#2a2440,#2a2440,#08061a
#2d2b3c,#2a2440,#2a2440,#2a2440,#66583e,#2a2440,#2a2440,#2a2440,#2a2440,#2a2440,#2a2440,#2a2440,#2a2440,#2a2440,#2a2440,#2a2440,#2a2440,#66583e,#2a2440,#2a2440,#2a2440,#2a2440,#2a2440,#2a2440,#2a2440,#2a2440,#2a2440,#2a2440,#2a2440,#2a2440,#66583e,#2a2440,#2a2440,#2a2440,#2a2440,#2a2440,#2a2440,#2a2440,#2a2440,#2a2440,#2a2440,#2a2440,#2a2440,#66583e,#2a2440,#2a2440,#2a2440,#2a2440,#2a2440,#2a2440,#2a2440,#2a2440,#2a2440,#2a2440,#2a2440,#2a2440,#66583e,#2a2440,#2a2440,#2a2440,#2a2440,#2a2440,#2a2440,#08061a
#2d2b3c,#2a2440,#2a2440,#66583e,#2a2440,#2a2440,#2a2440,#2a2440,#2a2440,#2a2440,#2a2440,#2a2440,#2a2440,#2a2440,#2a2440,#2a2440,#66583e,#2a2440,#2a2440,#2a2440,#2a2440,#2a2440,#2a2440,#2a2440,#2a2440,#2a2440,#2a2440,#2a2440,#2a2440,#66583e,#2a2440,#2a2440,#2a2440,#2a2440,#2a2440,#2a2440,#2a2440,#2a2440,#2a2440,#2a2440,#2a2440,#2a2440,#66583e,#2a2440,#2a2440,#2a2440,#2a2440,#2a2440,#2a2440,#2a2440,#2a2440,#2a2440,#2a2440,#2a2440,#2a2440,#66583e,#2a2440,#2a2440,#2a2440,#2a2440,#2a2440,#2a2440,#2a2440,#08061a
#2d2b3c,#08061a,#08061a,#08061a,#08061a,#08061a,#08061a,#08061a,#08061a,#08061a,#08061a,#08061a,#08061a,#08061a,#08061a,#08061a,#08061a,#08061a,#08061a,#08061a,#08061a,#08061a,#08061a,#08061a,#08061a,#08061a,#08061a,#08061a,#08061a,#08061a,#08061a,#08061a,#08061a,#08061a,#08061a,#08061a,#08061a,#08061a,#08061a,#08061a,#08061a,#08061a,#08061a,#08061a,#08061a,#08061a,#08061a,#08061a,#08061a,#08061a,#08061a,#08061a,#08061a,#08061a,#08061a,#08061a,#08061a,#08061a,#08061a,#08061a,#08061a,#08061a,#08061a,#08061a
