#f5dd6b,#f5dd6b,#f5dd6b,#f5dd6b,#f5dd6b,#f5dd6b,#f5dd6b,#f5dd6b,#f5dd6b,#f5dd6b,#f5dd6b,#f5dd6b,#f5dd6b,#f5dd6b,#f5dd6b,#f5dd6b,#f5dd6b,#f5dd6b,#f5dd6b,#f5dd6b,#f5dd6b,#f5dd6b,#f5dd6b,#f5dd6b,#f5dd6b,#f5dd6b,#f5dd6b,#f5dd6b,#f5dd6b,#f5dd6b,#f5dd6b,#f5dd6b,#f5dd6b,#f5dd6b,#f5dd6b,#f5dd6b,#f5dd6b,#f5dd6b,#f5dd6b,#f5dd6b,#f5dd6b,#f5dd6b,#f5dd6b,#f5dd6b,#f5dd6b,#f5dd6b,#f5dd6b,#f5dd6b,#f5dd6b,#f5dd6b,#f5dd6b,#f5dd6b,#f5dd6b,#f5dd6b,#f5dd6b,#f5dd6b,#f5dd6b,#f5dd6b,#f5dd6b,#f5dd6b,#f5dd6b,#f5dd6b,#f5dd6b,#f5dd6b
#f5dd6b,#120f2a,#120f2a,#120f2a,#120f2a,#120f2a,#120f2a,#120f2a,#120f2a,#120f2a,#120f2a,#120f2a,#120f2a,#120f2a,#6c6b9c,#120f2a,#120f2a,#120f2a,#120f2a,#120f2a,#120f2a,#120f2a,#120f2a,#120f2a,#120f2a,#120f2a,#120f2a,#120f2a,#120f2a,#120f2a,#120f2a,#120f2a,#120f2a,#120f2a,#120f2a,#120f2a,#120f2a,#ffffff,#fff39a,#120f2a,#120f2a,#120f2a,#120f2a,#120f2a,#120f2a,#120f2a,#120f2a,#120f2a,#120f2a,#120f2a,#120f2a,#120f2a,#120f2a,#120f2a,#120f2a,#120f2a,#120f2a,#120f2a,#120f2a,#120f2a,#120f2a,#120f2a,#120f2a,#857420
#f5dd6b,#120f2a,#1c1839,#120f2a,#120f2a,#120f2a,#1c1839,#120f2a,#120f2a,#120f2a,#1c1839,#120f2a,#120f2a,#120f2a,#6c6b9c,#120f2a,#120f2a,#120f2a,#1c1839,#120f2a,#120f2a,#120f2a,#1c1839,#120f2a,#120f2a,#120f2a,#1c1839,#120f2a,#120f2a,#120f2a,#1c1839,#120f2a,#120f2a,#120f2a,#1c1839,#120f2a,#ffffff,#fff39a,#1c1839,#120f2a,#120f2a,#120f2a,#1c1839,#120f2a,#120f2a,#120f2a,#1c1839,#120f2a,#120f2a,#120f2a,#1c1839,#120f2a,#120f2a,#120f2a,#1c1839,#120f2a,#120f2a,#120f2a,#1c1839,#120f2a,#120f2a,#120f2a,#1c1839,#857420
#f5dd6b,#120f2a,#120f2a,#120f2a,#120f2a,#120f2a,#120f2a,#120f2a,#120f2a,#120f2a,#120f2a,#120f2a,#120f2a,#6c6b9c,#120f2a,#120f2a,#120f2a,#120f2a,#120f2a,#120f2a,#120f2a,#120f2a,#120f2a,#120f2a,#120f2a,#120f2a,#120f2a,#120f2a,#120f2a,#120f2a,#120f2a,#120f2a,#120f2a,#120f2a,#120f2a,#120f2a,#120f2a,#120f2a,#120f2a,#120f2a,#120f2a,#120f2a,#120f2a,#120f2a,#120f2a,#120f2a,#120f2a,#120f2a,#120f2a,#120f2a,#120f2a,#120f2a,#120f2a,#6c6b9c,#120f2a,#120f2a,#120f2a,#120f2a,#120f2a,#120f2a,#120f2a,#120f2a,#120f2a,#857420
#f5dd6b,#120f2a,#1c1839,#120f2a,#1c1839,#120f2a,#1c1839,#120f2a,#1c1839,#120f2a,#1c1839,#120f2a,#1c1839,#6c6b9c,#1c1839,#120f2a,#1c1839,#120f2a,#1c1839,#120f2a,#1c1839,#120f2a,#1c1839,#120f2a,#1c1839,#120f2a,#1c1839,#120f2a,#1c1839,#120f2a,#1c1839,#120f2a,#1c1839,#120f2a,#1c1839,#120f2a,#ffffff,#fff39a,#1c1839,#120f2a,#1c1839,#120f2a,#1c1839,#120f2a,#1c1839,#120f2a,#1c1839,#120f2a,#1c1839,#6c6b9c,#6c6b9c,#120f2a,#6c6b9c,#120f2a,#1c1839,#120f2a,#1c1839,#120f2a,#1c1839,#120f2a,#1c1839,#120f2a,#1c1839,#857420
#f5dd6b,#1c1839,#120f2a,#1c1839,#120f2a,#1c1839,#120f2a,#1c1839,#120f2a,#1c1839,#6c6b9c,#1c1839,#120f2a,#1c1839,#120f2a,#1c1839,#120f2a,#1c1839,#120f2a,#1c1839,#120f2a,#1c1839,#120f2a,#1c1839,#120f2a,#1c1839,#120f2a,#1c1839,#120f2a,#1c1839,#120f2a,#1c1839,#120f2a,#1c1839,#120f2a,#1c1839,#ffffff,#fff39a,#120f2a,#1c1839,#120f2a,#6c6b9c,#120f2a,#1c1839,#120f2a,#1c1839,#120f2a,#1c1839,#120f2a,#6c6b9c,#120f2a,#1c1839,#6c6b9c,#1c1839,#120f2a,#1c1839,#120f2a,#1c1839,#120f2a,#1c1839,#120f2a,#1c1839,#120f2a,#857420
#f5dd6b,#120f2a,#1c1839,#120f2a,#1c1839,#120f2a,#1c1839,#120f2a,#1c1839,#120f2a,#6c6b9c,#120f2a,#1c1839,#120f2a,#1c1839,#120f2a,#1c1839,#120f2a,#1c1839,#120f2a,#1c1839,#120f2a,#1c1839,#120f2a,#1c1839,#120f2a,#1c1839,#120f2a,#1c1839,#120f2a,#1c1839,#120f2a,#1c1839,#120f2a,#1c1839,#120f2a,#1c1839,#120f2a,#1c1839,#120f2a,#6c6b9c,#120f2a,#1c1839,#120f2a,#1c1839,#120f2a,#1c1839,#120f2a,#6c6b9c,#6c6b9c,#1c1839,#6c6b9c,#1c1839,#120f2a,#1c1839,#120f2a,#1c1839,#120f2a,#1c1839,#120f2a,#1c1839,#120f2a,#1c1839,#857420
#f5dd6b,#1c1839,#120f2a,#1c1839,#120f2a,#1c1839,#120f2a,#1c1839,#120f2a,#6c6b9c,#120f2a,#1c1839,#120f2a,#1c1839,#120f2a,#1c1839,#120f2a,#1c1839,#120f2a,#1c1839,#120f2a,#1c1839,#120f2a,#1c1839,#120f2a,#1c1839,#120f2a,#1c1839,#120f2a,#1c1839,#120f2a,#1c1839,#120f2a,#1c1839,#120f2a,#ffffff,#fff39a,#1c1839,#120f2a,#1c1839,#6c6b9c,#1c1839,#120f2a,#6c6b9c,#6c6b9c,#1c1839,#120f2a,#1c1839,#6c6b9c,#1c1839,#120f2a,#6c6b9c,#120f2a,#1c1839,#120f2a,#1c1839,#120f2a,#1c1839,#120f2a,#1c1839,#120f2a,#1c1839,#120f2a,#857420
#f5dd6b,#1c1839,#1c1839,#1c1839,#1c1839,#1c1839,#1c1839,#1c1839,#1c1839,#6c6b9c,#1c1839,#1c1839,#1c1839,#1c1839,#1c1839,#1c1839,#1c1839,#1c1839,#1c1839,#1c1839,#1c1839,#1c1839,#1c1839,#1c1839,#1c1839,#1c1839,#1c1839,#1c1839,#1c1839,#1c1839,#1c1839,#1c1839,#1c1839,#1c1839,#ffffff,#fff39a,#1c1839,#1c1839,#1c1839,#6c6b9c,#1c1839,#1c1839,#1c1839,#6c6b9c,#1c1839,#1c1839,#1c1839,#1c1839,#6c6b9c,#1c1839,#1c1839,#1c1839,#1c1839,#1c1839,#1c1839,#1c1839,#1c1839,#1c1839,#1c1839,#1c1839,#1c1839,#1c1839,#1c1839,#857420
#f5dd6b,#1c1839,#120f2a,#1c1839,#120f2a,#1c1839,#120f2a,#6c6b9c,#6c6b9c,#1c1839,#120f2a,#1c1839,#120f2a,#1c1839,#120f2a,#1c1839,#120f2a,#1c1839,#120f2a,#1c1839,#6c6b9c,#1c1839,#120f2a,#1c1839,#120f2a,#6c6b9c,#120f2a,#1c1839,#120f2a,#1c1839,#120f2a,#1c1839,#08061a,#08061a,#08061a,#08061a,#08061a,#08061a,#08061a,#6c6b9c,#120f2a,#1c1839,#6c6b9c,#6c6b9c,#120f2a,#1c1839,#120f2a,#1c1839,#120f2a,#1c1839,#120f2a,#1c1839,#120f2a,#1c1839,#120f2a,#1c1839,#120f2a,#1c1839,#120f2a,#1c1839,#120f2a,#1c1839,#120f2a,#857420
#f5dd6b,#1c1839,#1c1839,#1c1839,#1c1839,#1c1839,#1c1839,#6c6b9c,#1c1839,#1c1839,#1c1839,#1c1839,#1c1839,#1c1839,#1c1839,#1c1839,#1c1839,#1c1839,#1c1839,#1c1839,#6c6b9c,#1c1839,#1c1839,#1c1839,#1c1839,#6c6b9c,#1c1839,#1c1839,#1c1839,#08061a,#08061a,#08061a,#f7e5b1,#f7e5b1,#f7e5b1,#f7e5b1,#f7e5b1,#f7e5b1,#f4d766,#08061a,#08061a,#08061a,#08061a,#08061a,#1c1839,#1c1839,#1c1839,#1c1839,#1c1839,#1c1839,#1c1839,#1c1839,#1c1839,#1c1839,#1c1839,#1c1839,#1c1839,#1c1839,#1c1839,#1c1839,#1c1839,#1c1839,#1c1839,#857420
#f5dd6b,#1c1839,#1c1839,#1c1839,#120f2a,#1c1839,#6c6b9c,#6c6b9c,#120f2a,#1c1839,#1c1839,#1c1839,#120f2a,#1c1839,#1c1839,#1c1839,#120f2a,#1c1839,#1c1839,#6c6b9c,#6c6b9c,#1c1839,#1c1839,#1c1839,#6c6b9c,#6c6b9c,#1c1839,#08061a,#08061a,#f7e5b1,#f7e5b1,#f7e5b1,#f0d173,#f0d173,#f0d173,#a28127,#a28127,#a28127,#a28127,#f7e5b1,#f7e5b1,#f7e5b1,#f7e5b1,#f4d766,#08061a,#1c1839,#1c1839,#1c1839,#120f2a,#1c1839,#1c1839,#1c1839,#120f2a,#6c6b9c,#1c1839,#1c1839,#120f2a,#1c1839,#1c1839,#1c1839,#120f2a,#1c1839,#1c1839,#857420
#f5dd6b,#1c1839,#1c1839,#1c1839,#1c1839,#1c1839,#6c6b9c,#1c1839,#1c1839,#1c1839,#1c1839,#1c1839,#1c1839,#1c1839,#1c1839,#1c1839,#1c1839,#1c1839,#1c1839,#6c6b9c,#1c1839,#1c1839,#1c1839,#1c1839,#6c6b9c,#1c1839,#08061a,#f7e5b1,#f7e5b1,#f0d173,#a28127,#a28127,#a28127,#a28127,#a28127,#a28127,#5f4b1e,#5f4b1e,#5f4b1e,#a28127,#a28127,#f7e5b1,#f0d173,#a28127,#f4d766,#08061a,#1c1839,#1c1839,#1c1839,#1c1839,#1c1839,#1c1839,#1c1839,#6c6b9c,#1c1839,#1c1839,#1c1839,#1c1839,#1c1839,#1c1839,#1c1839,#1c1839,#1c1839,#857420
#f5dd6b,#1c1839,#1c1839,#1c1839,#1c1839,#6c6b9c,#6c6b9c,#1c1839,#1c1839,#1c1839,#1c1839,#1c1839,#1c1839,#1c1839,#1c1839,#6c6b9c,#1c1839,#1c1839,#6c6b9c,#6c6b9c,#1c1839,#1c1839,#1c1839,#6c6b9c,#6c6b9c,#08061a,#f7e5b1,#f7e5b1,#a28127,#a28127,#a28127,#5f4b1e,#5f4b1e,#5f4b1e,#5f4b1e,#5f4b1e,#5f4b1e,#cae4e6,#cae4e6,#f7e5b1,#5f4b1e,#a28127,#a28127,#a28127,#a28127,#f4d766,#08061a,#1c1839,#1c1839,#1c1839,#1c1839,#1c1839,#6c6b9c,#1c1839,#1c1839,#1c1839,#1c1839,#1c1839,#1c1839,#1c1839,#1c1839,#1c1839,#1c1839,#857420
#f5dd6b,#1c1839,#262148,#1c1839,#1c1839,#1c1839,#262148,#1c1839,#6c6b9c,#1c1839,#262148,#1c1839,#1c1839,#1c1839,#6c6b9c,#1c1839,#1c1839,#1c1839,#262148,#1c1839,#1c1839,#1c1839,#262148,#1c1839,#08061a,#f7e5b1,#f7e5b1,#a28127,#a28127,#5f4b1e,#5f4b1e,#5f4b1e,#cae4e6,#cae4e6,#cae4e6,#cae4e6,#cae4e6,#cae4e6,#cae4e6,#cae4e6,#cae4e6,#f0d173,#5f4b1e,#a28127,#a28127,#a28127,#f4d766,#08061a,#1c1839,#1c1839,#262148,#1c1839,#6c6b9c,#1c1839,#262148,#1c1839,#1c1839,#1c1839,#262148,#1c1839,#1c1839,#1c1839,#262148,#857420
#f5dd6b,#6c6b9c,#6c6b9c,#1c1839,#1c1839,#1c1839,#1c1839,#6c6b9c,#6c6b9c,#1c1839,#1c1839,#1c1839,#1c1839,#1c1839,#6c6b9c,#1c1839,#1c1839,#1c1839,#1c1839,#1c1839,#1c1839,#1c1839,#1c1839,#08061a,#f7e5b1,#f7e5b1,#a28127,#5f4b1e,#5f4b1e,#5f4b1e,#cae4e6,#cae4e6,#cae4e6,#cae4e6,#cae4e6,#cae4e6,#e1f0f1,#cae4e6,#cae4e6,#cae4e6,#cae4e6,#cae4e6,#cae4e6,#f0d173,#a28127,#a28127,#a28127,#f4d766,#08061a,#1c1839,#1c1839,#6c6b9c,#1c1839,#1c1839,#1c1839,#1c1839,#1c1839,#1c1839,#1c1839,#1c1839,#1c1839,#1c1839,#6c6b9c,#857420
#f5dd6b,#6c6b9c,#262148,#1c1839,#262148,#1c1839,#262148,#6c6b9c,#262148,#1c1839,#262148,#1c1839,#262148,#6c6b9c,#262148,#1c1839,#262148,#1c1839,#262148,#1c1839,#262148,#1c1839,#08061a,#f7e5b1,#f7e5b1,#a28127,#a28127,#5f4b1e,#cae4e6,#cae4e6,#cae4e6,#cae4e6,#cae4e6,#cae4e6,#7c949a,#b1d7da,#cae4e6,#b1d7da,#7c949a,#b1d7da,#7c949a,#cae4e6,#7c949a,#cae4e6,#f0d173,#a28127,#a28127,#a28127,#f4d766,#08061a,#262148,#1c1839,#262148,#1c1839,#262148,#1c1839,#262148,#1c1839,#262148,#1c1839,#262148,#1c1839,#6c6b9c,#857420
#f5dd6b,#6c6b9c,#1c1839,#1c1839,#1c1839,#262148,#6c6b9c,#6c6b9c,#1c1839,#262148,#1c1839,#1c1839,#1c1839,#6c6b9c,#1c1839,#1c1839,#1c1839,#262148,#1c1839,#1c1839,#1c1839,#08061a,#f7e5b1,#f7e5b1,#a28127,#a28127,#5f4b1e,#5f4b1e,#cae4e6,#e1f0f1,#cae4e6,#cae4e6,#b1d7da,#cae4e6,#b1d7da,#7c949a,#7c949a,#cae4e6,#7c949a,#7c949a,#b1d7da,#7c949a,#b1d7da,#7c949a,#cae4e6,#f0d173,#5f4b1e,#a28127,#a28127,#f4d766,#08061a,#1c1839,#1c1839,#262148,#1c1839,#1c1839,#1c1839,#262148,#1c1839,#1c1839,#1c1839,#6c6b9c,#1c1839,#857420
#f5dd6b,#1c1839,#262148,#1c1839,#262148,#1c1839,#6c6b9c,#1c1839,#262148,#1c1839,#262148,#1c1839,#262148,#1c1839,#262148,#1c1839,#262148,#1c1839,#262148,#1c1839,#262148,#08061a,#f7e5b1,#a28127,#5f4b1e,#5f4b1e,#5f4b1e,#cae4e6,#cae4e6,#cae4e6,#cae4e6,#b1d7da,#cae4e6,#b1d7da,#cae4e6,#b1d7da,#7c949a,#49555e,#49555e,#b1d7da,#7c949a,#b1d7da,#cae4e6,#b1d7da,#cae4e6,#cae4e6,#cae4e6,#f7e5b1,#a28127,#f4d766,#08061a,#1c1839,#262148,#1c1839,#262148,#1c1839,#262148,#1c1839,#262148,#1c1839,#262148,#1c1839,#262148,#857420
#f5dd6b,#262148,#1c1839,#262148,#1c1839,#262148,#1c1839,#262148,#1c1839,#262148,#1c1839,#262148,#1c1839,#262148,#6c6b9c,#262148,#1c1839,#262148,#1c1839,#262148,#08061a,#f7e5b1,#f0d173,#a28127,#5f4b1e,#cae4e6,#cae4e6,#cae4e6,#cae4e6,#cae4e6,#b1d7da,#cae4e6,#b1d7da,#b1d7da,#b1d7da,#7c949a,#7c949a,#49555e,#ffffff,#cae4e6,#7c949a,#b1d7da,#b1d7da,#7c949a,#b1d7da,#7c949a,#49555e,#f7e5b1,#f0d173,#a28127,#f4d766,#08061a,#1c1839,#262148,#1c1839,#262148,#1c1839,#262148,#1c1839,#262148,#1c1839,#262148,#1c1839,#857420
#f5dd6b,#262148,#262148,#1c1839,#262148,#262148,#262148,#1c1839,#262148,#262148,#262148,#1c1839,#262148,#262148,#6c6b9c,#1c1839,#262148,#262148,#262148,#1c1839,#08061a,#f7e5b1,#a28127,#5f4b1e,#5f4b1e,#cae4e6,#cae4e6,#cae4e6,#cae4e6,#b1d7da,#cae4e6,#b1d7da,#b1d7da,#b1d7da,#7c949a,#b1d7da,#7c949a,#49555e,#ffffff,#cae4e6,#e1f0f1,#b1d7da,#cae4e6,#b1d7da,#7c949a,#b1d7da,#7c949a,#cae4e6,#f0d173,#a28127,#f4d766,#08061a,#262148,#262148,#262148,#1c1839,#262148,#262148,#262148,#1c1839,#262148,#262148,#262148,#857420
#f5dd6b,#262148,#1c1839,#262148,#1c1839,#262148,#1c1839,#262148,#1c1839,#262148,#1c1839,#262148,#1c1839,#6c6b9c,#6c6b9c,#262148,#1c1839,#262148,#1c1839,#08061a,#f4d766,#f0d173,#a28127,#5f4b1e,#cae4e6,#cae4e6,#cae4e6,#b1d7da,#b1d7da,#cae4e6,#b1d7da,#b1d7da,#b1d7da,#b1d7da,#b1d7da,#7c949a,#e1f0f1,#7c949a,#cae4e6,#ffffff,#ffffff,#cae4e6,#cae4e6,#b1d7da,#b1d7da,#7c949a,#7c949a,#49555e,#f0d173,#a28127,#f4d766,#08061a,#1c1839,#262148,#1c1839,#262148,#1c1839,#262148,#1c1839,#262148,#1c1839,#262148,#6c6b9c,#857420
#f5dd6b,#262148,#262148,#262148,#262148,#262148,#262148,#6c6b9c,#262148,#262148,#262148,#262148,#262148,#6c6b9c,#262148,#262148,#262148,#262148,#6b6462,#262148,#08061a,#f7e5b1,#5f4b1e,#5f4b1e,#cae4e6,#cae4e6,#e1f0f1,#b1d7da,#cae4e6,#b1d7da,#cae4e6,#b1d7da,#b1d7da,#b1d7da,#b1d7da,#b1d7da,#b1d7da,#b1d7da,#cae4e6,#cae4e6,#cae4e6,#cae4e6,#b1d7da,#b1d7da,#b1d7da,#b1d7da,#7c949a,#7c949a,#cae4e6,#f0d173,#a28127,#f4d766,#08061a,#262148,#262148,#262148,#262148,#6c6b9c,#262148,#262148,#262148,#262148,#6c6b9c,#857420
#f5dd6b,#262148,#1c1839,#262148,#1c1839,#262148,#6c6b9c,#6c6b9c,#1c1839,#262148,#1c1839,#262148,#6c6b9c,#6c6b9c,#1c1839,#262148,#1c1839,#262148,#1c1839,#08061a,#f7e5b1,#f0d173,#5f4b1e,#cae4e6,#cae4e6,#cae4e6,#b1d7da,#cae4e6,#e1f0f1,#b1d7da,#b1d7da,#b1d7da,#b1d7da,#b1d7da,#b1d7da,#b1d7da,#b1d7da,#b1d7da,#e1f0f1,#cae4e6,#cae4e6,#cae4e6,#cae4e6,#e1f0f1,#b1d7da,#7c949a,#b1d7da,#7c949a,#49555e,#f0d173,#a28127,#f4d766,#08061a,#262148,#1c1839,#6c6b9c,#6c6b9c,#262148,#1c1839,#262148,#1c1839,#6c6b9c,#1c1839,#857420
#f5dd6b,#262148,#262148,#262148,#262148,#262148,#6c6b9c,#262148,#262148,#262148,#262148,#262148,#262148,#262148,#262148,#262148,#6b6462,#262148,#6b6462,#08061a,#f7e5b1,#a28127,#5f4b1e,#cae4e6,#cae4e6,#cae4e6,#cae4e6,#b1d7da,#cae4e6,#b1d7da,#b1d7da,#b1d7da,#b1d7da,#b1d7da,#b1d7da,#b1d7da,#b1d7da,#b1d7da,#cae4e6,#b1d7da,#cae4e6,#b1d7da,#cae4e6,#b1d7da,#b1d7da,#b1d7da,#7c949a,#7c949a,#49555e,#f0d173,#a28127,#f4d766,#08061a,#262148,#262148,#6c6b9c,#6c6b9c,#262148,#262148,#262148,#262148,#6c6b9c,#262148,#857420
#f5dd6b,#262148,#262148,#262148,#262148,#6c6b9c,#6c6b9c,#262148,#262148,#262148,#262148,#262148,#262148,#262148,#262148,#262148,#262148,#262148,#262148,#08061a,#f7e5b1,#a28127,#5f4b1e,#cae4e6,#cae4e6,#cae4e6,#b1d7da,#b1d7da,#b1d7da,#b1d7da,#b1d7da,#b1d7da,#b1d7da,#b1d7da,#b1d7da,#b1d7da,#b1d7da,#b1d7da,#b1d7da,#b1d7da,#b1d7da,#b1d7da,#e1f0f1,#b1d7da,#b1d7da,#7c949a,#b1d7da,#7c949a,#49555e,#f0d173,#a28127,#f4d766,#08061a,#262148,#6c6b9c,#6c6b9c,#262148,#262148,#262148,#262148,#262148,#262148,#262148,#857420
#f5dd6b,#262148,#262148,#262148,#262148,#6c6b9c,#262148,#262148,#262148,#262148,#262148,#262148,#6c6b9c,#6c6b9c,#6b6462,#262148,#6b6462,#262148,#6b6462,#08061a,#f7e5b1,#a28127,#5f4b1e,#cae4e6,#cae4e6,#b1d7da,#cae4e6,#b1d7da,#b1d7da,#b1d7da,#e1f0f1,#b1d7da,#b1d7da,#b1d7da,#e1f0f1,#b1d7da,#b1d7da,#b1d7da,#b1d7da,#b1d7da,#e1f0f1,#b1d7da,#b1d7da,#b1d7da,#7c949a,#b1d7da,#7c949a,#7c949a,#49555e,#f0d173,#a28127,#f4d766,#08061a,#262148,#6c6b9c,#6c6b9c,#262148,#262148,#262148,#262148,#262148,#262148,#262148,#857420
#f5dd6b,#262148,#262148,#262148,#262148,#262148,#262148,#262148,#262148,#262148,#262148,#262148,#6c6b9c,#6c6b9c,#262148,#262148,#262148,#262148,#262148,#08061a,#f7e5b1,#a28127,#5f4b1e,#cae4e6,#cae4e6,#b1d7da,#b1d7da,#b1d7da,#b1d7da,#b1d7da,#b1d7da,#b1d7da,#b1d7da,#e1f0f1,#b1d7da,#b1d7da,#b1d7da,#b1d7da,#b1d7da,#b1d7da,#b1d7da,#b1d7da,#b1d7da,#7c949a,#e1f0f1,#7c949a,#7c949a,#ccc27b,#49555e,#f0d173,#a28127,#f4d766,#08061a,#6c6b9c,#262148,#262148,#262148,#262148,#262148,#262148,#262148,#262148,#262148,#857420
#f5dd6b,#262148,#302957,#6c6b9c,#302957,#262148,#302957,#262148,#302957,#262148,#302957,#6c6b9c,#9b979b,#6c6b9c,#726a6c,#262148,#726a6c,#262148,#726a6c,#08061a,#f7e5b1,#f0d173,#a28127,#f0d173,#cae4e6,#cae4e6,#cae4e6,#b1d7da,#b1d7da,#b1d7da,#e1f0f1,#b1d7da,#b1d7da,#b1d7da,#b1d7da,#b1d7da,#b1d7da,#b1d7da,#b1d7da,#b1d7da,#b1d7da,#b1d7da,#b1d7da,#b1d7da,#7c949a,#b1d7da,#7c949a,#fff39a,#49555e,#f0d173,#a28127,#f4d766,#08061a,#262148,#302957,#262148,#302957,#262148,#302957,#262148,#302957,#262148,#302957,#857420
#f5dd6b,#302957,#262148,#6c6b9c,#262148,#302957,#262148,#262148,#262148,#302957,#262148,#6c6b9c,#6c6b9c,#6c6b9c,#262148,#262148,#262148,#726a6c,#262148,#08061a,#f7e5b1,#f0d173,#a28127,#5f4b1e,#cae4e6,#cae4e6,#b1d7da,#b1d7da,#b1d7da,#b1d7da,#b1d7da,#b1d7da,#b1d7da,#b1d7da,#b1d7da,#b1d7da,#b1d7da,#b1d7da,#b1d7da,#b1d7da,#b1d7da,#b1d7da,#b1d7da,#7c949a,#b1d7da,#ccc27b,#fff39a,#ffffff,#fff39a,#ccc27b,#a28127,#f4d766,#08061a,#302957,#262148,#262148,#262148,#302957,#262148,#262148,#262148,#302957,#262148,#857420
#f5dd6b,#262148,#6c6b9c,#262148,#302957,#262148,#302957,#262148,#302957,#262148,#6c6b9c,#6c6b9c,#6c6b9c,#262148,#726a6c,#262148,#726a6c,#262148,#726a6c,#08061a,#f4d766,#f0d173,#a28127,#a28127,#f0d173,#cae4e6,#cae4e6,#b1d7da,#cae4e6,#b1d7da,#b1d7da,#b1d7da,#b1d7da,#b1d7da,#b1d7da,#b1d7da,#b1d7da,#b1d7da,#b1d7da,#b1d7da,#b1d7da,#b1d7da,#7c949a,#b1d7da,#7c949a,#7c949a,#49555e,#fff39a,#f7e5b1,#a28127,#a28127,#f4d766,#08061a,#262148,#302957,#262148,#302957,#262148,#302957,#262148,#302957,#262148,#302957,#857420
#f5dd6b,#262148,#6c6b9c,#302957,#262148,#262148,#262148,#302957,#262148,#262148,#262148,#6c6b9c,#6c6b9c,#262148,#262148,#302957,#262148,#262148,#262148,#9b979b,#08061a,#f7e5b1,#f7e5b1,#a28127,#5f4b1e,#cae4e6,#cae4e6,#cae4e6,#b1d7da,#b1d7da,#b1d7da,#b1d7da,#b1d7da,#b1d7da,#b1d7da,#b1d7da,#b1d7da,#b1d7da,#b1d7da,#b1d7da,#b1d7da,#7c949a,#b1d7da,#7c949a,#7c949a,#7c949a,#49555e,#ccc27b,#f7e5b1,#a28127,#5f4b1e,#f4d766,#08061a,#262148,#262148,#302957,#262148,#262148,#262148,#302957,#262148,#262148,#262148,#857420
#f5dd6b,#6c6b9c,#302957,#262148,#302957,#302957,#302957,#262148,#302957,#302957,#302957,#6c6b9c,#726a6c,#302957,#726a6c,#262148,#726a6c,#302957,#726a6c,#262148,#08061a,#f4d766,#f0d173,#e9bb31,#a28127,#f0d173,#cae4e6,#cae4e6,#cae4e6,#b1d7da,#b1d7da,#b1d7da,#b1d7da,#b1d7da,#b1d7da,#b1d7da,#b1d7da,#b1d7da,#b1d7da,#b1d7da,#7c949a,#e1f0f1,#7c949a,#b1d7da,#7c949a,#49555e,#49555e,#f7e5b1,#a28127,#a28127,#f4d766,#08061a,#302957,#302957,#302957,#262148,#302957,#302957,#302957,#262148,#302957,#302957,#302957,#857420
#f5dd6b,#302957,#262148,#302957,#262148,#302957,#262148,#302957,#262148,#302957,#6c6b9c,#302957,#262148,#302957,#262148,#302957,#262148,#726a6c,#262148,#726a6c,#262148,#08061a,#f7e5b1,#a28127,#a28127,#5f4b1e,#cae4e6,#cae4e6,#b1d7da,#7c949a,#b1d7da,#b1d7da,#b1d7da,#b1d7da,#b1d7da,#b1d7da,#b1d7da,#b1d7da,#b1d7da,#7c949a,#b1d7da,#7c949a,#b1d7da,#7c949a,#7c949a,#49555e,#f7e5b1,#f0d173,#a28127,#5f4b1e,#f4d766,#08061a,#262148,#302957,#262148,#302957,#262148,#302957,#262148,#302957,#262148,#302957,#262148,#857420
#f5dd6b,#262148,#302957,#302957,#302957,#262148,#302957,#302957,#302957,#262148,#6c6b9c,#302957,#302957,#262148,#726a6c,#302957,#726a6c,#262148,#726a6c,#302957,#726a6c,#08061a,#f4d766,#5f4b1e,#5f4b1e,#5f4b1e,#f0d173,#cae4e6,#cae4e6,#b1d7da,#7c949a,#b1d7da,#7c949a,#b1d7da,#b1d7da,#e1f0f1,#7c949a,#b1d7da,#7c949a,#b1d7da,#e1f0f1,#b1d7da,#7c949a,#e1f0f1,#49555e,#49555e,#f0d173,#a28127,#a28127,#f4d766,#08061a,#302957,#302957,#262148,#302957,#302957,#302957,#262148,#302957,#302957,#302957,#262148,#302957,#857420
#f5dd6b,#302957,#262148,#302957,#262148,#302957,#262148,#302957,#262148,#ccc27b,#262148,#302957,#262148,#302957,#6c6b9c,#302957,#262148,#302957,#262148,#726a6c,#262148,#726a6c,#08061a,#f7e5b1,#b89871,#b89871,#b89871,#cae4e6,#7c949a,#7c949a,#7c949a,#7c949a,#b1d7da,#7c949a,#b1d7da,#7c949a,#b1d7da,#7c949a,#b1d7da,#7c949a,#7c949a,#7c949a,#7c949a,#49555e,#49555e,#f0d173,#f0d173,#a28127,#5f4b1e,#f4d766,#08061a,#302957,#262148,#302957,#262148,#302957,#262148,#302957,#262148,#302957,#6c6b9c,#302957,#262148,#857420
#f5dd6b,#302957,#302957,#302957,#302957,#302957,#302957,#302957,#302957,#fff39a,#302957,#302957,#726a6c,#302957,#9b979b,#302957,#726a6c,#302957,#726a6c,#302957,#ffffff,#fff39a,#08061a,#d7c6b0,#b89871,#b89871,#694925,#b89871,#cae4e6,#49555e,#49555e,#7c949a,#7c949a,#b1d7da,#7c949a,#b1d7da,#7c949a,#b1d7da,#7c949a,#7c949a,#7c949a,#49555e,#49555e,#49555e,#f0d173,#f0d173,#5f4b1e,#f4d766,#f4d766,#08061a,#302957,#302957,#302957,#302957,#302957,#302957,#6c6b9c,#302957,#302957,#6c6b9c,#6c6b9c,#302957,#6c6b9c,#857420
#f5dd6b,#302957,#302957,#302957,#302957,#302957,#302957,#ccc27b,#fff39a,#ffffff,#fff39a,#ccc27b,#302957,#6c6b9c,#6c6b9c,#302957,#302957,#726a6c,#302957,#ffffff,#fff39a,#08061a,#d7c6b0,#b89871,#b89871,#b89871,#694925,#3f2b1d,#f7e5b1,#f7e5b1,#f0d173,#cae4e6,#49555e,#7c949a,#7c949a,#7c949a,#7c949a,#7c949a,#7c949a,#49555e,#49555e,#49555e,#f7e5b1,#f0d173,#f0d173,#a28127,#f4d766,#08061a,#08061a,#302957,#302957,#302957,#302957,#302957,#302957,#6c6b9c,#6c6b9c,#302957,#302957,#6c6b9c,#302957,#302957,#6c6b9c,#857420
#f5dd6b,#302957,#302957,#302957,#302957,#302957,#302957,#302957,#302957,#fff39a,#302957,#302957,#302957,#6c6b9c,#ffffff,#fff39a,#ffffff,#fff39a,#fff39a,#302957,#08061a,#d7c6b0,#b89871,#96682e,#96682e,#3f2b1d,#3f2b1d,#3f2b1d,#f7e5b1,#f0d173,#f0d173,#f0d173,#f0d173,#cae4e6,#49555e,#49555e,#49555e,#49555e,#49555e,#49555e,#f7e5b1,#f7e5b1,#f0d173,#a28127,#5f4b1e,#f4d766,#f4d766,#08061a,#302957,#302957,#302957,#302957,#302957,#302957,#302957,#6c6b9c,#302957,#302957,#6c6b9c,#6c6b9c,#302957,#6c6b9c,#302957,#857420
#f5dd6b,#302957,#302957,#302957,#302957,#302957,#302957,#302957,#302957,#ccc27b,#ffffff,#fff39a,#fff39a,#ffffff,#fff39a,#302957,#302957,#302957,#302957,#08061a,#d7c6b0,#b89871,#b89871,#b89871,#694925,#694925,#3f2b1d,#cbae64,#f4d766,#a28127,#e9bb31,#f0d173,#f0d173,#f0d173,#f0d173,#f0d173,#f0d173,#f0d173,#f0d173,#f7e5b1,#f7e5b1,#a28127,#5f4b1e,#f4d766,#f4d766,#08061a,#08061a,#ffffff,#fff39a,#302957,#302957,#302957,#302957,#302957,#6c6b9c,#6c6b9c,#302957,#302957,#6c6b9c,#302957,#302957,#6c6b9c,#302957,#857420
#f5dd6b,#302957,#3a3266,#302957,#3a3266,#302957,#3a3266,#302957,#ffffff,#fff39a,#3a3266,#302957,#6c6b9c,#302957,#3a3266,#302957,#797077,#302957,#797077,#08061a,#d7c6b0,#b89871,#96682e,#694925,#694925,#3f2b1d,#cbae64,#08061a,#08061a,#f4d766,#a28127,#a28127,#a28127,#f0d173,#a28127,#a28127,#a28127,#a28127,#a28127,#5f4b1e,#f4d766,#f4d766,#f4d766,#08061a,#08061a,#302957,#3a3266,#302957,#ffffff,#fff39a,#3a3266,#6c6b9c,#3a3266,#302957,#6c6b9c,#302957,#3a3266,#302957,#6c6b9c,#302957,#6c6b9c,#302957,#3a3266,#857420
#f5dd6b,#302957,#302957,#302957,#302957,#302957,#302957,#ffffff,#fff39a,#302957,#302957,#6c6b9c,#302957,#302957,#302957,#302957,#302957,#08061a,#08061a,#d7c6b0,#b89871,#b89871,#694925,#694925,#3f2b1d,#cbae64,#08061a,#5a5544,#0c0a1b,#08061a,#f4d766,#f4d766,#f4d766,#a28127,#a28127,#5f4b1e,#f4d766,#f4d766,#f4d766,#f4d766,#08061a,#08061a,#08061a,#302957,#302957,#302957,#302957,#302957,#302957,#ffffff,#fff39a,#ffffff,#fff39a,#302957,#302957,#302957,#302957,#302957,#302957,#302957,#302957,#302957,#302957,#857420
#f5dd6b,#302957,#3a3266,#302957,#3a3266,#302957,#3a3266,#302957,#3a3266,#302957,#3a3266,#6c6b9c,#3a3266,#302957,#3a3266,#302957,#08061a,#d7c6b0,#d7c6b0,#b89871,#b89871,#3f2b1d,#694925,#3f2b1d,#cbae64,#08061a,#797077,#0c0a1b,#9b979b,#0c0a1b,#08061a,#08061a,#08061a,#f4d766,#f4d766,#f4d766,#08061a,#08061a,#08061a,#08061a,#797077,#302957,#797077,#302957,#3a3266,#302957,#3a3266,#302957,#3a3266,#302957,#6c6b9c,#ffffff,#fff39a,#302957,#3a3266,#302957,#6c6b9c,#6c6b9c,#3a3266,#302957,#3a3266,#302957,#3a3266,#857420
#f5dd6b,#302957,#302957,#3a3266,#302957,#302957,#302957,#ffffff,#fff39a,#302957,#6c6b9c,#3a3266,#302957,#302957,#302957,#08061a,#d7c6b0,#b89871,#b89871,#b89871,#694925,#694925,#3f2b1d,#cbae64,#08061a,#726a6c,#302957,#9b979b,#0c0a1b,#5a5544,#0c0a1b,#5a5544,#0c0a1b,#08061a,#08061a,#08061a,#302957,#302957,#6c6b9c,#3a3266,#302957,#302957,#302957,#3a3266,#302957,#302957,#302957,#3a3266,#302957,#6c6b9c,#302957,#3a3266,#302957,#ffffff,#fff39a,#3a3266,#6c6b9c,#ffffff,#fff39a,#ffffff,#fff39a,#302957,#302957,#857420
#f5dd6b,#302957,#3a3266,#302957,#6c6b9c,#302957,#3a3266,#302957,#3a3266,#302957,#3a3266,#302957,#3a3266,#302957,#08061a,#b89871,#b89871,#b89871,#b89871,#96682e,#3f2b1d,#3f2b1d,#cbae64,#08061a,#797077,#302957,#5a5544,#6c6b9c,#5a5544,#0c0a1b,#5a5544,#0c0a1b,#5a5544,#302957,#797077,#302957,#797077,#6c6b9c,#797077,#302957,#797077,#6c6b9c,#3a3266,#302957,#3a3266,#302957,#6c6b9c,#302957,#3a3266,#6c6b9c,#3a3266,#302957,#3a3266,#302957,#ffffff,#fff39a,#ffffff,#fff39a,#3a3266,#302957,#ffffff,#fff39a,#3a3266,#857420
#f5dd6b,#3a3266,#302957,#6c6b9c,#302957,#3a3266,#302957,#3a3266,#302957,#3a3266,#302957,#3a3266,#302957,#08061a,#d7c6b0,#b89871,#b89871,#b89871,#96682e,#694925,#694925,#cbae64,#08061a,#3a3266,#302957,#797077,#6c6b9c,#0c0a1b,#0c0a1b,#5a5544,#0c0a1b,#0c0a1b,#0c0a1b,#797077,#302957,#3a3266,#302957,#3a3266,#302957,#3a3266,#6c6b9c,#3a3266,#302957,#3a3266,#302957,#3a3266,#6c6b9c,#3a3266,#302957,#3a3266,#302957,#3a3266,#302957,#3a3266,#302957,#6c6b9c,#302957,#3a3266,#6c6b9c,#3a3266,#302957,#3a3266,#302957,#857420
#f5dd6b,#302957,#3a3266,#6c6b9c,#3a3266,#302957,#3a3266,#3a3266,#3a3266,#302957,#3a3266,#3a3266,#08061a,#d7c6b0,#b89871,#b89871,#96682e,#694925,#3f2b1d,#3f2b1d,#3f2b1d,#cbae64,#08061a,#3a3266,#9b979b,#302957,#9b979b,#0c0a1b,#5a5544,#0c0a1b,#5a5544,#0c0a1b,#5a5544,#302957,#797077,#3a3266,#797077,#302957,#797077,#3a3266,#6c6b9c,#302957,#3a3266,#3a3266,#6c6b9c,#6c6b9c,#3a3266,#3a3266,#3a3266,#302957,#3a3266,#3a3266,#3a3266,#302957,#3a3266,#6c6b9c,#3a3266,#6c6b9c,#3a3266,#3a3266,#3a3266,#ffffff,#fff39a,#857420
#f5dd6b,#3a3266,#6c6b9c,#3a3266,#302957,#3a3266,#302957,#3a3266,#302957,#3a3266,#302957,#3a3266,#08061a,#b89871,#b89871,#b89871,#96682e,#694925,#694925,#3f2b1d,#cbae64,#08061a,#6c6b9c,#6c6b9c,#302957,#3a3266,#0c0a1b,#0c0a1b,#0c0a1b,#0c0a1b,#0c0a1b,#0c0a1b,#0c0a1b,#3a3266,#302957,#3a3266,#302957,#3a3266,#302957,#6c6b9c,#302957,#3a3266,#302957,#3a3266,#6c6b9c,#6c6b9c,#302957,#3a3266,#302957,#3a3266,#302957,#3a3266,#302957,#3a3266,#302957,#3a3266,#302957,#6c6b9c,#302957,#6c6b9c,#302957,#3a3266,#302957,#857420
#f5dd6b,#3a3266,#6c6b9c,#3a3266,#3a3266,#3a3266,#3a3266,#3a3266,#3a3266,#3a3266,#3a3266,#08061a,#d7c6b0,#b89871,#b89871,#96682e,#694925,#694925,#3f2b1d,#cbae64,#08061a,#6c6b9c,#3a3266,#6c6b9c,#797077,#3a3266,#5a5544,#0c0a1b,#5a5544,#0c0a1b,#5a5544,#0c0a1b,#5a5544,#0c0a1b,#797077,#3a3266,#797077,#3a3266,#3a3266,#6c6b9c,#3a3266,#3a3266,#3a3266,#6c6b9c,#6c6b9c,#3a3266,#3a3266,#6c6b9c,#3a3266,#3a3266,#3a3266,#3a3266,#3a3266,#3a3266,#3a3266,#3a3266,#6c6b9c,#3a3266,#3a3266,#6c6b9c,#3a3266,#3a3266,#3a3266,#857420
#f5dd6b,#3a3266,#302957,#3a3266,#3a3266,#3a3266,#302957,#3a3266,#3a3266,#3a3266,#08061a,#d7c6b0,#b89871,#b89871,#96682e,#694925,#694925,#3f2b1d,#cbae64,#08061a,#3a3266,#6c6b9c,#6c6b9c,#3a3266,#3a3266,#3a3266,#0c0a1b,#0c0a1b,#0c0a1b,#0c0a1b,#0c0a1b,#0c0a1b,#0c0a1b,#0c0a1b,#302957,#3a3266,#3a3266,#3a3266,#302957,#3a3266,#3a3266,#3a3266,#302957,#6c6b9c,#3a3266,#3a3266,#302957,#6c6b9c,#3a3266,#3a3266,#302957,#3a3266,#3a3266,#3a3266,#302957,#3a3266,#6c6b9c,#3a3266,#6c6b9c,#3a3266,#3a3266,#3a3266,#302957,#857420
#f5dd6b,#3a3266,#3a3266,#3a3266,#3a3266,#3a3266,#3a3266,#3a3266,#ffffff,#fff39a,#fff39a,#b89871,#b89871,#b89871,#694925,#694925,#3f2b1d,#cbae64,#08061a,#3a3266,#6c6b9c,#3a3266,#6c6b9c,#3a3266,#3a3266,#3a3266,#0c0a1b,#0c0a1b,#0c0a1b,#0c0a1b,#0c0a1b,#0c0a1b,#0c0a1b,#0c0a1b,#3a3266,#3a3266,#3a3266,#3a3266,#3a3266,#3a3266,#3a3266,#3a3266,#6c6b9c,#3a3266,#3a3266,#3a3266,#6c6b9c,#3a3266,#3a3266,#3a3266,#3a3266,#3a3266,#3a3266,#3a3266,#3a3266,#3a3266,#3a3266,#3a3266,#6c6b9c,#3a3266,#3a3266,#3a3266,#3a3266,#857420
#f5dd6b,#2a2440,#2a2440,#2a2440,#2a2440,#2a2440,#2a2440,#2a2440,#08061a,#d7c6b0,#b89871,#b89871,#b89871,#694925,#694925,#3f2b1d,#cbae64,#08061a,#2a2440,#2a2440,#2a2440,#2a2440,#2a2440,#2a2440,#2a2440,#2a2440,#2a2440,#2a2440,#2a2440,#2a2440,#2a2440,#2a2440,#2a2440,#2a2440,#2a2440,#2a2440,#2a2440,#2a2440,#2a2440,#2a2440,#2a2440,#2a2440,#2a2440,#2a2440,#2a2440,#2a2440,#2a2440,#2a2440,#2a2440,#ccc27b,#2a2440,#2a2440,#2a2440,#2a2440,#2a2440,#2a2440,#2a2440,#2a2440,#2a2440,#2a2440,#2a2440,#2a2440,#2a2440,#857420
#f5dd6b,#2a2440,#474179,#2a2440,#474179,#2a2440,#474179,#08061a,#d7c6b0,#96682e,#96682e,#96682e,#3f2b1d,#694925,#3f2b1d,#cbae64,#08061a,#2a2440,#474179,#2a2440,#474179,#2a2440,#474179,#2a2440,#474179,#2a2440,#474179,#2a2440,#474179,#2a2440,#474179,#2a2440,#474179,#2a2440,#474179,#2a2440,#474179,#2a2440,#474179,#2a2440,#474179,#2a2440,#474179,#2a2440,#474179,#2a2440,#474179,#2a2440,#474179,#fff39a,#474179,#2a2440,#474179,#2a2440,#474179,#2a2440,#474179,#2a2440,#474179,#2a2440,#474179,#2a2440,#474179,#857420
#f5dd6b,#2a2440,#2a2440,#2a2440,#2a2440,#2a2440,#08061a,#cbae64,#b89871,#b89871,#b89871,#694925,#694925,#3f2b1d,#cbae64,#08061a,#2a2440,#2a2440,#2a2440,#2a2440,#2a2440,#2a2440,#2a2440,#2a2440,#2a2440,#2a2440,#2a2440,#2a2440,#2a2440,#171423,#2a2440,#2a2440,#2a2440,#2a2440,#2a2440,#2a2440,#2a2440,#2a2440,#2a2440,#2a2440,#2a2440,#2a2440,#2a2440,#2a2440,#2a2440,#2a2440,#2a2440,#ccc27b,#fff39a,#ffffff,#fff39a,#ccc27b,#2a2440,#2a2440,#2a2440,#2a2440,#2a2440,#2a2440,#2a2440,#2a2440,#2a2440,#2a2440,#2a2440,#857420
#f5dd6b,#2a2440,#474179,#2a2440,#2a2440,#2a2440,#ffffff,#fff39a,#fff39a,#b89871,#694925,#694925,#3f2b1d,#cbae64,#08061a,#171423,#171423,#171423,#272443,#171423,#171423,#171423,#272443,#171423,#171423,#171423,#272443,#171423,#171423,#171423,#272443,#171423,#171423,#171423,#272443,#171423,#171423,#171423,#272443,#171423,#171423,#171423,#272443,#171423,#171423,#2a2440,#474179,#2a2440,#2a2440,#fff39a,#474179,#2a2440,#2a2440,#2a2440,#474179,#2a2440,#2a2440,#2a2440,#474179,#2a2440,#2a2440,#2a2440,#474179,#857420
#f5dd6b,#2a2440,#2a2440,#2a2440,#2a2440,#2a2440,#2a2440,#08061a,#cbae64,#694925,#694925,#3f2b1d,#cbae64,#08061a,#2a2440,#171423,#2a2440,#171423,#2a2440,#171423,#2a2440,#171423,#2a2440,#171423,#2a2440,#171423,#2a2440,#171423,#2a2440,#171423,#2a2440,#171423,#2a2440,#171423,#2a2440,#171423,#2a2440,#171423,#2a2440,#171423,#2a2440,#171423,#2a2440,#171423,#2a2440,#171423,#2a2440,#171423,#2a2440,#ccc27b,#2a2440,#2a2440,#2a2440,#2a2440,#2a2440,#2a2440,#2a2440,#2a2440,#2a2440,#2a2440,#2a2440,#2a2440,#2a2440,#857420
#f5dd6b,#2a2440,#474179,#2a2440,#474179,#2a2440,#ffffff,#fff39a,#08061a,#cbae64,#cbae64,#cbae64,#08061a,#171423,#272443,#171423,#272443,#171423,#272443,#171423,#272443,#171423,#272443,#171423,#272443,#171423,#272443,#171423,#272443,#171423,#272443,#171423,#272443,#171423,#272443,#171423,#272443,#171423,#272443,#171423,#272443,#171423,#272443,#171423,#272443,#171423,#272443,#171423,#272443,#171423,#474179,#2a2440,#474179,#2a2440,#474179,#2a2440,#474179,#2a2440,#474179,#2a2440,#474179,#2a2440,#474179,#857420
#f5dd6b,#2a2440,#2a2440,#2a2440,#2a2440,#ffffff,#fff39a,#2a2440,#2a2440,#08061a,#08061a,#08061a,#2a2440,#171423,#2a2440,#171423,#2a2440,#171423,#2a2440,#171423,#2a2440,#171423,#2a2440,#171423,#2a2440,#171423,#2a2440,#171423,#2a2440,#171423,#2a2440,#171423,#2a2440,#171423,#2a2440,#171423,#2a2440,#171423,#2a2440,#171423,#2a2440,#171423,#2a2440,#171423,#2a2440,#171423,#2a2440,#171423,#2a2440,#2a2440,#2a2440,#2a2440,#2a2440,#2a2440,#2a2440,#2a2440,#2a2440,#2a2440,#2a2440,#2a2440,#2a2440,#2a2440,#2a2440,#857420
#f5dd6b,#2a2440,#474179,#2a2440,#2a2440,#2a2440,#474179,#2a2440,#2a2440,#2a2440,#ffffff,#fff39a,#fff39a,#2a2440,#272443,#171423,#171423,#171423,#272443,#171423,#171423,#171423,#272443,#171423,#171423,#171423,#272443,#171423,#171423,#171423,#272443,#171423,#171423,#171423,#272443,#171423,#171423,#171423,#272443,#171423,#171423,#171423,#272443,#171423,#171423,#2a2440,#474179,#2a2440,#2a2440,#2a2440,#474179,#2a2440,#2a2440,#2a2440,#474179,#2a2440,#2a2440,#2a2440,#474179,#2a2440,#2a2440,#2a2440,#474179,#857420
#f5dd6b,#2a2440,#2a2440,#2a2440,#2a2440,#ffffff,#fff39a,#2a2440,#ffffff,#fff39a,#2a2440,#2a2440,#2a2440,#2a2440,#2a2440,#2a2440,#2a2440,#2a2440,#2a2440,#2a2440,#2a2440,#2a2440,#2a2440,#2a2440,#2a2440,#2a2440,#2a2440,#2a2440,#2a2440,#171423,#2a2440,#2a2440,#2a2440,#2a2440,#2a2440,#2a2440,#2a2440,#2a2440,#2a2440,#2a2440,#2a2440,#2a2440,#2a2440,#2a2440,#2a2440,#2a2440,#2a2440,#2a2440,#2a2440,#2a2440,#2a2440,#2a2440,#2a2440,#2a2440,#2a2440,#2a2440,#2a2440,#2a2440,#2a2440,#2a2440,#2a2440,#2a2440,#2a2440,#857420
#f5dd6b,#2a2440,#474179,#2a2440,#ffffff,#fff39a,#474179,#2a2440,#474179,#2a2440,#474179,#2a2440,#474179,#2a2440,#474179,#2a2440,#474179,#2a2440,#474179,#2a2440,#474179,#2a2440,#474179,#2a2440,#474179,#2a2440,#474179,#2a2440,#474179,#2a2440,#474179,#2a2440,#474179,#2a2440,#474179,#2a2440,#474179,#2a2440,#474179,#2a2440,#474179,#2a2440,#474179,#2a2440,#474179,#2a2440,#474179,#2a2440,#474179,#2a2440,#474179,#2a2440,#474179,#2a2440,#474179,#2a2440,#474179,#2a2440,#474179,#2a2440,#474179,#2a2440,#474179,#857420
#f5dd6b,#2a2440,#2a2440,#ffffff,#fff39a,#2a2440,#2a2440,#2a2440,#ffffff,#fff39a,#2a2440,#2a2440,#2a2440,#2a2440,#2a2440,#2a2440,#2a2440,#2a2440,#2a2440,#2a2440,#2a2440,#2a2440,#2a2440,#2a2440,#2a2440,#2a2440,#2a2440,#2a2440,#2a2440,#2a2440,#2a2440,#2a2440,#2a2440,#2a2440,#2a2440,#2a2440,#2a2440,#2a2440,#2a2440,#2a2440,#2a2440,#2a2440,#2a2440,#2a2440,#2a2440,#2a2440,#2a2440,#2a2440,#2a2440,#2a2440,#2a2440,#2a2440,#2a2440,#2a2440,#2a2440,#2a2440,#2a2440,#2a2440,#2a2440,#2a2440,#2a2440,#2a2440,#2a2440,#857420
#f5dd6b,#2a2440,#474179,#2a2440,#2a2440,#2a2440,#474179,#ffffff,#fff39a,#2a2440,#474179,#2a2440,#2a2440,#2a2440,#474179,#2a2440,#2a2440,#2a2440,#474179,#2a2440,#2a2440,#2a2440,#474179,#2a2440,#2a2440,#2a2440,#474179,#2a2440,#2a2440,#2a2440,#474179,#2a2440,#2a2440,#2a2440,#474179,#2a2440,#2a2440,#2a2440,#474179,#2a2440,#2a2440,#2a2440,#474179,#2a2440,#2a2440,#2a2440,#474179,#2a2440,#2a2440,#2a2440,#474179,#2a2440,#2a2440,#2a2440,#474179,#2a2440,#2a2440,#2a2440,#474179,#2a2440,#2a2440,#2a2440,#474179,#857420
#f5dd6b,#857420,#857420,#857420,#857420,#857420,#857420,#857420,#857420,#857420,#857420,#857420,#857420,#857420,#857420,#857420,#857420,#857420,#857420,#857420,#857420,#857420,#857420,#857420,#857420,#857420,#857420,#857420,#857420,#857420,#857420,#857420,#857420,#857420,#857420,#857420,#857420,#857420,#857420,#857420,#857420,#857420,#857420,#857420,#857420,#857420,#857420,#857420,#857420,#857420,#857420,#857420,#857420,#857420,#857420,#857420,#857420,#857420,#857420,#857420,#857420,#857420,#857420,#857420
