#f5db61,#917e23,#f5db61,#917e23,#f5db61,#917e23,#f5db61,#917e23,#f5db61,#917e23,#f5db61,#917e23,#f5db61,#917e23,#f5db61,#917e23,#f5db61,#917e23,#f5db61,#917e23,#f5db61,#917e23,#f5db61,#917e23,#f5db61,#917e23,#f5db61,#917e23,#f5db61,#917e23,#f5db61,#917e23
#917e23,#120f2a,#120f2a,#120f2a,#120f2a,#120f2a,#120f2a,#120f2a,#120f2a,#120f2a,#fff39a,#120f2a,#120f2a,#120f2a,#685a5b,#685a5b,#685a5b,#685a5b,#685a5b,#685a5b,#120f2a,#120f2a,#120f2a,#120f2a,#120f2a,#120f2a,#08061a,#f2d23a,#120f2a,#120f2a,#120f2a,#f5db61
#f5db61,#120f2a,#3a3266,#120f2a,#120f2a,#120f2a,#3a3266,#120f2a,#120f2a,#120f2a,#3a3266,#685a5b,#685a5b,#685a5b,#685a5b,#685a5b,#685a5b,#685a5b,#685a5b,#685a5b,#685a5b,#685a5b,#685a5b,#120f2a,#120f2a,#08061a,#fff39a,#08061a,#fff39a,#120f2a,#3a3266,#917e23
#917e23,#120f2a,#120f2a,#120f2a,#120f2a,#120f2a,#120f2a,#120f2a,#120f2a,#685a5b,#685a5b,#685a5b,#685a5b,#685a5b,#685a5b,#685a5b,#685a5b,#685a5b,#685a5b,#685a5b,#685a5b,#685a5b,#685a5b,#685a5b,#120f2a,#08061a,#fff39a,#08061a,#fff39a,#120f2a,#120f2a,#f5db61
#f5db61,#120f2a,#3a3266,#120f2a,#3a3266,#120f2a,#685a5b,#685a5b,#685a5b,#685a5b,#685a5b,#685a5b,#685a5b,#685a5b,#685a5b,#685a5b,#685a5b,#685a5b,#685a5b,#685a5b,#685a5b,#685a5b,#685a5b,#685a5b,#08061a,#fff39a,#fff39a,#fff39a,#08061a,#120f2a,#3a3266,#917e23
#917e23,#120f2a,#120f2a,#120f2a,#120f2a,#f2d23a,#685a5b,#685a5b,#685a5b,#685a5b,#685a5b,#685a5b,#685a5b,#685a5b,#685a5b,#685a5b,#685a5b,#685a5b,#685a5b,#685a5b,#685a5b,#685a5b,#685a5b,#08061a,#fff39a,#fff39a,#fff39a,#fff39a,#08061a,#120f2a,#120f2a,#f5db61
#f5db61,#120f2a,#3a3266,#120f2a,#3a3266,#685a5b,#fff39a,#685a5b,#685a5b,#685a5b,#685a5b,#685a5b,#685a5b,#685a5b,#685a5b,#685a5b,#685a5b,#685a5b,#685a5b,#685a5b,#685a5b,#120f2a,#3a3266,#08061a,#fff39a,#fff39a,#08061a,#08061a,#685a5b,#685a5b,#685a5b,#917e23
#917e23,#120f2a,#120f2a,#120f2a,#f2d23a,#685a5b,#685a5b,#685a5b,#685a5b,#685a5b,#685a5b,#685a5b,#685a5b,#685a5b,#685a5b,#685a5b,#685a5b,#685a5b,#685a5b,#685a5b,#120f2a,#120f2a,#08061a,#fff39a,#fff39a,#fff39a,#08061a,#685a5b,#685a5b,#685a5b,#685a5b,#f5db61
#f5db61,#120f2a,#3a3266,#685a5b,#685a5b,#fff39a,#685a5b,#685a5b,#685a5b,#685a5b,#685a5b,#685a5b,#9d9071,#685a5b,#9d9071,#685a5b,#a69cbe,#120f2a,#3a3266,#120f2a,#7f7678,#08061a,#fff39a,#fff39a,#fff39a,#fff39a,#08061a,#685a5b,#685a5b,#685a5b,#685a5b,#917e23
#917e23,#3a3266,#120f2a,#685a5b,#685a5b,#685a5b,#685a5b,#685a5b,#685a5b,#685a5b,#685a5b,#685a5b,#685a5b,#685a5b,#685a5b,#685a5b,#685a5b,#a69cbe,#120f2a,#120f2a,#08061a,#d2e8ea,#fff39a,#fff39a,#08061a,#08061a,#685a5b,#685a5b,#685a5b,#685a5b,#685a5b,#f5db61
#f5db61,#120f2a,#3a3266,#685a5b,#685a5b,#685a5b,#685a5b,#685a5b,#685a5b,#685a5b,#9d9071,#685a5b,#9d9071,#685a5b,#9d9071,#685a5b,#7f7678,#766dd1,#7f7678,#08061a,#d2e8ea,#fff39a,#fff39a,#fff39a,#08061a,#685a5b,#685a5b,#685a5b,#685a5b,#685a5b,#685a5b,#917e23
#917e23,#120f2a,#120f2a,#3a3266,#120f2a,#685a5b,#685a5b,#685a5b,#685a5b,#685a5b,#685a5b,#685a5b,#685a5b,#685a5b,#120f2a,#7f7678,#120f2a,#a69cbe,#08061a,#d2e8ea,#fff39a,#fff39a,#fff39a,#fff39a,#08061a,#120f2a,#120f2a,#685a5b,#685a5b,#685a5b,#685a5b,#f5db61
#f5db61,#120f2a,#3a3266,#120f2a,#3a3266,#120f2a,#3a3266,#120f2a,#7f7678,#120f2a,#7f7678,#120f2a,#7f7678,#655f51,#7f7678,#120f2a,#a69cbe,#08061a,#f2eeea,#d2e8ea,#fff39a,#fff39a,#08061a,#08061a,#3a3266,#120f2a,#3a3266,#120f2a,#3a3266,#120f2a,#3a3266,#917e23
#917e23,#3a3266,#120f2a,#3a3266,#120f2a,#3a3266,#120f2a,#3a3266,#120f2a,#3a3266,#120f2a,#7f7678,#120f2a,#7f7678,#120f2a,#a69cbe,#08061a,#f2eeea,#d2e8ea,#fff39a,#fff39a,#fff39a,#08061a,#3a3266,#120f2a,#3a3266,#120f2a,#3a3266,#120f2a,#3a3266,#120f2a,#f5db61
#f5db61,#120f2a,#3a3266,#120f2a,#3a3266,#120f2a,#3a3266,#120f2a,#3a3266,#120f2a,#7f7678,#120f2a,#7f7678,#120f2a,#7f7678,#08061a,#f2eeea,#d2e8ea,#d2e8ea,#fff39a,#fff39a,#fff39a,#08061a,#120f2a,#3a3266,#120f2a,#3a3266,#120f2a,#3a3266,#120f2a,#3a3266,#917e23
#917e23,#3a3266,#120f2a,#3a3266,#120f2a,#3a3266,#120f2a,#3a3266,#120f2a,#3a3266,#120f2a,#7f7678,#120f2a,#7f7678,#08061a,#f2eeea,#d2e8ea,#d2e8ea,#fff39a,#fff39a,#08061a,#08061a,#120f2a,#3a3266,#120f2a,#3a3266,#120f2a,#3a3266,#120f2a,#3a3266,#120f2a,#f5db61
#f5db61,#3a3266,#3a3266,#120f2a,#3a3266,#3a3266,#3a3266,#120f2a,#7f7678,#3a3266,#7f7678,#120f2a,#7f7678,#08061a,#f2eeea,#d2e8ea,#d2e8ea,#f2eeea,#08061a,#08061a,#7f7678,#3a3266,#7f7678,#120f2a,#7f7678,#3a3266,#3a3266,#120f2a,#3a3266,#3a3266,#3a3266,#917e23
#917e23,#3a3266,#120f2a,#3a3266,#120f2a,#3a3266,#120f2a,#3a3266,#08061a,#08061a,#120f2a,#7f7678,#08061a,#f2eeea,#d2e8ea,#d2e8ea,#f2eeea,#08061a,#120f2a,#7f7678,#120f2a,#7f7678,#120f2a,#3a3266,#120f2a,#3a3266,#120f2a,#3a3266,#120f2a,#3a3266,#120f2a,#f5db61
#f5db61,#120f2a,#3a3266,#3a3266,#3a3266,#120f2a,#3a3266,#08061a,#f2d888,#f2d888,#08061a,#08061a,#f2eeea,#f2eeea,#d2e8ea,#f2eeea,#08061a,#766dd1,#7f7678,#3a3266,#7f7678,#120f2a,#7f7678,#3a3266,#3a3266,#120f2a,#3a3266,#3a3266,#3a3266,#120f2a,#3a3266,#917e23
#917e23,#3a3266,#120f2a,#3a3266,#120f2a,#3a3266,#120f2a,#08061a,#f2d888,#e9bb31,#f2d888,#f2eeea,#f2eeea,#d2e8ea,#f2eeea,#f2eeea,#08061a,#7f7678,#766dd1,#7f7678,#120f2a,#3a3266,#120f2a,#3a3266,#120f2a,#3a3266,#120f2a,#3a3266,#120f2a,#3a3266,#120f2a,#f5db61
#f5db61,#3a3266,#3a3266,#3a3266,#3a3266,#f2d23a,#3a3266,#3a3266,#08061a,#a68528,#a68528,#f2eeea,#d2e8ea,#f2eeea,#f2eeea,#08061a,#7f7678,#3a3266,#a69cbe,#3a3266,#7f7678,#3a3266,#3a3266,#3a3266,#3a3266,#3a3266,#3a3266,#3a3266,#3a3266,#3a3266,#3a3266,#917e23
#917e23,#3a3266,#120f2a,#f2d23a,#120f2a,#3a3266,#fff39a,#3a3266,#120f2a,#08061a,#5f4b1e,#d2e8ea,#d2e8ea,#f2eeea,#08061a,#7f7678,#120f2a,#f2d23a,#766dd1,#3a3266,#120f2a,#3a3266,#120f2a,#3a3266,#120f2a,#3a3266,#120f2a,#3a3266,#120f2a,#3a3266,#120f2a,#f5db61
#f5db61,#f2d23a,#3a3266,#3a3266,#fff39a,#3a3266,#3a3266,#3a3266,#3a3266,#08061a,#c2a786,#c2a786,#f2d888,#f2eeea,#f2d888,#08061a,#7f7678,#3a3266,#fff39a,#766dd1,#3a3266,#3a3266,#3a3266,#3a3266,#3a3266,#3a3266,#3a3266,#3a3266,#3a3266,#3a3266,#3a3266,#917e23
#917e23,#3a3266,#fff39a,#3a3266,#120f2a,#3a3266,#120f2a,#3a3266,#08061a,#c2a786,#c2a786,#08061a,#08061a,#f2d888,#f2d888,#f2d888,#08061a,#3a3266,#120f2a,#3a3266,#766dd1,#3a3266,#120f2a,#3a3266,#120f2a,#3a3266,#120f2a,#3a3266,#120f2a,#f2d23a,#120f2a,#f5db61
#f5db61,#3a3266,#3a3266,#3a3266,#3a3266,#3a3266,#3a3266,#08061a,#c2a786,#c2a786,#3f2b1d,#08061a,#3a3266,#08061a,#5f4b1e,#5f4b1e,#08061a,#3a3266,#3a3266,#766dd1,#3a3266,#3a3266,#3a3266,#3a3266,#3a3266,#3a3266,#3a3266,#3a3266,#3a3266,#3a3266,#fff39a,#917e23
#917e23,#3a3266,#120f2a,#3a3266,#3a3266,#3a3266,#08061a,#c2a786,#c2a786,#3f2b1d,#08061a,#3a3266,#3a3266,#3a3266,#08061a,#08061a,#3a3266,#3a3266,#766dd1,#3a3266,#3a3266,#3a3266,#120f2a,#3a3266,#3a3266,#3a3266,#120f2a,#3a3266,#3a3266,#3a3266,#120f2a,#f5db61
#f5db61,#2a2440,#2a2440,#2a2440,#2a2440,#2a2440,#08061a,#c2a786,#3f2b1d,#08061a,#2a2440,#2a2440,#2a2440,#2a2440,#2a2440,#2a2440,#2a2440,#2a2440,#2a2440,#2a2440,#2a2440,#2a2440,#2a2440,#2a2440,#2a2440,#2a2440,#2a2440,#2a2440,#2a2440,#2a2440,#2a2440,#917e23
#917e23,#2a2440,#2a2440,#2a2440,#2a2440,#2a2440,#2a2440,#08061a,#08061a,#2a2440,#2a2440,#2a2440,#2a2440,#2a2440,#2a2440,#2a2440,#2a2440,#2a2440,#2a2440,#2a2440,#2a2440,#2a2440,#2a2440,#2a2440,#2a2440,#2a2440,#2a2440,#2a2440,#2a2440,#2a2440,#2a2440,#f5db61
#f5db61,#2a2440,#2a2440,#2a2440,#2a2440,#2a2440,#2a2440,#2a2440,#2a2440,#2a2440,#2a2440,#2a2440,#2a2440,#2a2440,#2a2440,#2a2440,#2a2440,#2a2440,#2a2440,#2a2440,#2a2440,#2a2440,#2a2440,#2a2440,#2a2440,#2a2440,#2a2440,#2a2440,#2a2440,#2a2440,#2a2440,#917e23
#917e23,#2a2440,#2a2440,#2a2440,#2a2440,#2a2440,#2a2440,#2a2440,#2a2440,#2a2440,#2a2440,#2a2440,#2a2440,#2a2440,#2a2440,#2a2440,#2a2440,#2a2440,#2a2440,#2a2440,#2a2440,#2a2440,#2a2440,#2a2440,#2a2440,#2a2440,#2a2440,#2a2440,#2a2440,#2a2440,#2a2440,#f5db61
#f5db61,#2a2440,#2a2440,#2a2440,#2a2440,#2a2440,#2a2440,#2a2440,#2a2440,#2a2440,#2a2440,#2a2440,#2a2440,#2a2440,#2a2440,#2a2440,#2a2440,#2a2440,#2a2440,#2a2440,#2a2440,#2a2440,#2a2440,#2a2440,#2a2440,#2a2440,#2a2440,#2a2440,#2a2440,#2a2440,#2a2440,#917e23
#917e23,#f5db61,#917e23,#f5db61,#917e23,#f5db61,#917e23,#f5db61,#917e23,#f5db61,#917e23,#f5db61,#917e23,#f5db61,#917e23,#f5db61,#917e23,#f5db61,#917e23,#f5db61,#917e23,#f5db61,#917e23,#f5db61,#917e23,#f5db61,#917e23,#f5db61,#917e23,#f5db61,#917e23,#f5db61
