#1a1633,#1a1633,#1a1633,#1a1633,#1a1633,#1a1633,#1a1633,#1a1633,#1a1633,#1a1633,#1a1633,#1a1633,#1a1633,#1a1633,#1a1633,#1a1633
#1a1633,#1a1633,#0c0a1a,#0c0a1a,#1a1633,#1a1633,#1a1633,#1a1633,#1a1633,#1a1633,#1a1633,#1a1633,#1a1633,#1a1633,#1a1633,#1a1633
#1a1633,#0c0a1a,#ffffff,#ffffff,#0c0a1a,#0c0a1a,#0c0a1a,#0c0a1a,#1a1633,#1a1633,#2a2450,#1a1633,#1a1633,#1a1633,#2a2450,#1a1633
#1a1633,#1a1633,#0c0a1a,#d0ccff,#ffffff,#ffffff,#ffffff,#ffffff,#0c0a1a,#0c0a1a,#1a1633,#1a1633,#1a1633,#1a1633,#1a1633,#1a1633
#2a2450,#1a1633,#2a2450,#0c0a1a,#d0ccff,#a8a8c0,#e8e8f8,#e8e8f8,#ffffff,#ffffff,#0c0a1a,#1a1633,#2a2450,#1a1633,#2a2450,#1a1633
#1a1633,#2a2450,#1a1633,#0c0a1a,#ffffff,#d0ccff,#a8a8c0,#e8e8f8,#e8e8f8,#e8e8f8,#ffffff,#0c0a1a,#1a1633,#2a2450,#1a1633,#1a1633
#2a2450,#1a1633,#2a2450,#1a1633,#0c0a1a,#ffffff,#d0ccff,#a8a8c0,#a8a8c0,#e8e8f8,#a8a8c0,#0c0a1a,#2a2450,#1a1633,#2a2450,#1a1633
#1a1633,#2a2450,#1a1633,#0c0a1a,#ffffff,#e8e8f8,#ffffff,#d0ccff,#d0ccff,#a8a8c0,#e8e8f8,#ffffff,#0c0a1a,#2a2450,#1a1633,#2a2450
#2a2450,#2a2450,#0c0a1a,#ffffff,#a8a8c0,#e8e8f8,#e8e8f8,#ffffff,#5a4fd0,#d0ccff,#a8a8c0,#a8a8c0,#0c0a1a,#2a2450,#2a2450,#1a1633
#1a1633,#2a2450,#1a1633,#0c0a1a,#0c0a1a,#a8a8c0,#e8e8f8,#e8e8f8,#ffffff,#5a4fd0,#d0ccff,#a8a8c0,#ffffff,#0c0a1a,#1a1633,#2a2450
#2a2450,#1a1633,#2a2450,#2a2450,#2a2450,#0c0a1a,#e8e8f8,#e8e8f8,#e8e8f8,#ffffff,#5a4fd0,#d0ccff,#a8a8c0,#0c0a1a,#2a2450,#2a2450
#1a1633,#2a2450,#1a1633,#2a2450,#1a1633,#0c0a1a,#a8a8c0,#a8a8c0,#a8a8c0,#a8a8c0,#ffffff,#5a4fd0,#d0ccff,#ffffff,#0c0a1a,#2a2450
#2a2450,#2a2450,#2a2450,#2a2450,#2a2450,#2a2450,#0c0a1a,#0c0a1a,#0c0a1a,#0c0a1a,#0c0a1a,#0c0a1a,#0c0a1a,#0c0a1a,#2a2450,#2a2450
#756c6a,#2a2450,#1a1633,#2a2450,#2a2450,#2a2450,#1a1633,#2a2450,#2a2450,#2a2450,#1a1633,#2a2450,#2a2450,#2a2450,#1a1633,#2a2450
#2a2450,#2a2450,#2a2450,#2a2450,#2a2450,#2a2450,#2a2450,#2a2450,#2a2450,#2a2450,#2a2450,#2a2450,#2a2450,#2a2450,#2a2450,#2a2450
#2a2450,#2a2450,#2a2450,#2a2450,#2a2450,#2a2450,#2a2450,#2a2450,#2a2450,#2a2450,#2a2450,#2a2450,#2a2450,#2a2450,#2a2450,#2a2450
