#72cc72,#2f732f,#72cc72,#2f732f,#72cc72,#2f732f,#72cc72,#2f732f,#72cc72,#2f732f,#72cc72,#2f732f,#72cc72,#2f732f,#72cc72,#2f732f,#72cc72,#2f732f,#72cc72,#2f732f,#72cc72,#2f732f,#72cc72,#2f732f,#72cc72,#2f732f,#72cc72,#2f732f,#72cc72,#2f732f,#72cc72,#2f732f
#2f732f,#0a1a12,#0a1a12,#0a1a12,#0a1a12,#0a1a12,#0a1a12,#0a1a12,#0a1a12,#0a1a12,#0a1a12,#0a1a12,#0a1a12,#0a1a12,#0a1a12,#0a1a12,#0a1a12,#0a1a12,#0a1a12,#0a1a12,#0a1a12,#0a1a12,#0a1a12,#0a1a12,#0a1a12,#0a1a12,#0a1a12,#0a1a12,#0a1a12,#0a1a12,#0a1a12,#72cc72
#72cc72,#0a1a12,#1e3a26,#0a1a12,#0a1a12,#0a1a12,#1e3a26,#0a1a12,#0a1a12,#0a1a12,#1e3a26,#0a1a12,#0a1a12,#0a1a12,#1e3a26,#0a1a12,#0a1a12,#0a1a12,#1e3a26,#0a1a12,#0a1a12,#0a1a12,#1e3a26,#0a1a12,#0a1a12,#0a1a12,#1e3a26,#0a1a12,#0a1a12,#0a1a12,#1e3a26,#2f732f
#2f732f,#0a1a12,#0a1a12,#0a1a12,#0a1a12,#0a1a12,#0a1a12,#0a1a12,#0a1a12,#0a1a12,#0a1a12,#0a1a12,#0a1a12,#0a1a12,#0a1a12,#0a1a12,#050e07,#050e07,#050e07,#050e07,#050e07,#050e07,#0a1a12,#0a1a12,#0a1a12,#0a1a12,#0a1a12,#0a1a12,#0a1a12,#0a1a12,#0a1a12,#72cc72
#72cc72,#0a1a12,#1e3a26,#0a1a12,#1e3a26,#0a1a12,#1e3a26,#0a1a12,#1e3a26,#0a1a12,#1e3a26,#0a1a12,#1e3a26,#0a1a12,#050e07,#050e07,#e7d689,#e7d689,#e7d689,#e7d689,#e7d689,#e7d689,#050e07,#050e07,#1e3a26,#0a1a12,#1e3a26,#0a1a12,#1e3a26,#0a1a12,#1e3a26,#2f732f
#2f732f,#0a1a12,#0a1a12,#0a1a12,#0a1a12,#0a1a12,#0a1a12,#0a1a12,#0a1a12,#0a1a12,#0a1a12,#0a1a12,#0a1a12,#050e07,#e7d689,#e7d689,#e7d689,#584a1f,#584a1f,#584a1f,#584a1f,#99832a,#e7d689,#e7d689,#050e07,#0a1a12,#0a1a12,#4fbf4f,#84d284,#0a1a12,#0a1a12,#72cc72
#72cc72,#0a1a12,#1e3a26,#0a1a12,#1e3a26,#0a1a12,#1e3a26,#0a1a12,#1e3a26,#0a1a12,#1e3a26,#0a1a12,#050e07,#e7d689,#e7d689,#584a1f,#c6e7eb,#c6e7eb,#c6e7eb,#c6e7eb,#c6e7eb,#c6e7eb,#99832a,#d6b934,#e7d689,#050e07,#1e3a26,#0a1a12,#1e3a26,#0a1a12,#1e3a26,#2f732f
#2f732f,#0a1a12,#0a1a12,#0a1a12,#0a1a12,#0a1a12,#0a1a12,#0a1a12,#0a1a12,#0a1a12,#0a1a12,#050e07,#e7d689,#e7d689,#584a1f,#c6e7eb,#c6e7eb,#9dd5dd,#9dd5dd,#9dd5dd,#9dd5dd,#9dd5dd,#c6e7eb,#99832a,#d6b934,#e7d689,#050e07,#0a1a12,#0a1a12,#0a1a12,#0a1a12,#72cc72
#72cc72,#0a1a12,#1e3a26,#0a1a12,#1e3a26,#0a1a12,#1e3a26,#0a1a12,#1e3a26,#0a1a12,#050e07,#e7d689,#e7d689,#584a1f,#c6e7eb,#c6e7eb,#9dd5dd,#9dd5dd,#9dd5dd,#9dd5dd,#7197a0,#9dd5dd,#9dd5dd,#c6e7eb,#99832a,#d6b934,#e7d689,#050e07,#1e3a26,#0a1a12,#1e3a26,#2f732f
#2f732f,#1e3a26,#0a1a12,#0a1a12,#0a1a12,#1e3a26,#0a1a12,#0a1a12,#0a1a12,#1e3a26,#050e07,#e7d689,#584a1f,#c6e7eb,#c6e7eb,#9dd5dd,#9dd5dd,#9dd5dd,#9dd5dd,#7197a0,#ffffff,#7197a0,#9dd5dd,#9dd5dd,#c6e7eb,#99832a,#99832a,#050e07,#0a1a12,#1e3a26,#0a1a12,#72cc72
#72cc72,#0a1a12,#1e3a26,#0a1a12,#1e3a26,#0a1a12,#1e3a26,#0a1a12,#1e3a26,#050e07,#e7d689,#e7d689,#c6e7eb,#c6e7eb,#9dd5dd,#9dd5dd,#9dd5dd,#9dd5dd,#9dd5dd,#9dd5dd,#c6e7eb,#ffffff,#9dd5dd,#9dd5dd,#9dd5dd,#c6e7eb,#d6b934,#e7d689,#050e07,#0a1a12,#1e3a26,#2f732f
#2f732f,#0a1a12,#0a1a12,#1e3a26,#0a1a12,#0a1a12,#0a1a12,#1e3a26,#0a1a12,#050e07,#e7d689,#99832a,#c6e7eb,#9dd5dd,#9dd5dd,#9dd5dd,#9dd5dd,#9dd5dd,#9dd5dd,#9dd5dd,#9dd5dd,#c6e7eb,#c6e7eb,#9dd5dd,#9dd5dd,#7197a0,#e7d689,#99832a,#050e07,#0a1a12,#0a1a12,#72cc72
#72cc72,#0a1a12,#1e3a26,#0a1a12,#1e3a26,#0a1a12,#1e3a26,#0a1a12,#547a49,#050e07,#e7d689,#99832a,#c6e7eb,#9dd5dd,#9dd5dd,#9dd5dd,#9dd5dd,#9dd5dd,#9dd5dd,#9dd5dd,#9dd5dd,#9dd5dd,#9dd5dd,#9dd5dd,#9dd5dd,#7197a0,#e7d689,#99832a,#050e07,#0a1a12,#1e3a26,#2f732f
#2f732f,#1e3a26,#0a1a12,#1e3a26,#0a1a12,#1e3a26,#0a1a12,#4fbf4f,#84d284,#050e07,#e7d689,#99832a,#c6e7eb,#9dd5dd,#9dd5dd,#9dd5dd,#9dd5dd,#9dd5dd,#9dd5dd,#9dd5dd,#9dd5dd,#9dd5dd,#9dd5dd,#9dd5dd,#9dd5dd,#7197a0,#e7d689,#99832a,#050e07,#1e3a26,#0a1a12,#72cc72
#72cc72,#0a1a12,#1e3a26,#0a1a12,#1e3a26,#0a1a12,#1e3a26,#0a1a12,#1e3a26,#050e07,#e7d689,#99832a,#c6e7eb,#9dd5dd,#9dd5dd,#9dd5dd,#9dd5dd,#9dd5dd,#9dd5dd,#9dd5dd,#9dd5dd,#9dd5dd,#9dd5dd,#9dd5dd,#9dd5dd,#7197a0,#e7d689,#99832a,#050e07,#0a1a12,#1e3a26,#2f732f
#2f732f,#1e3a26,#0a1a12,#1e3a26,#0a1a12,#1e3a26,#0a1a12,#1e3a26,#0a1a12,#050e07,#e7d689,#99832a,#c6e7eb,#9dd5dd,#9dd5dd,#9dd5dd,#9dd5dd,#9dd5dd,#9dd5dd,#9dd5dd,#9dd5dd,#9dd5dd,#9dd5dd,#9dd5dd,#9dd5dd,#42555f,#e7d689,#584a1f,#050e07,#1e3a26,#0a1a12,#72cc72
#72cc72,#1e3a26,#1e3a26,#0a1a12,#1e3a26,#1e3a26,#1e3a26,#0a1a12,#547a49,#1e3a26,#050e07,#d6b934,#e7d689,#7197a0,#9dd5dd,#9dd5dd,#9dd5dd,#9dd5dd,#9dd5dd,#9dd5dd,#9dd5dd,#9dd5dd,#9dd5dd,#9dd5dd,#42555f,#e7d689,#e7d689,#050e07,#2f6934,#1e3a26,#1e3a26,#2f732f
#2f732f,#1e3a26,#0a1a12,#1e3a26,#0a1a12,#2f6934,#2f6934,#2f6934,#2f6934,#5f9852,#050e07,#e7d689,#584a1f,#e7d689,#7197a0,#9dd5dd,#9dd5dd,#9dd5dd,#9dd5dd,#9dd5dd,#9dd5dd,#9dd5dd,#9dd5dd,#42555f,#e7d689,#e7d689,#584a1f,#050e07,#2f6934,#2f6934,#2f6934,#72cc72
#72cc72,#0a1a12,#1e3a26,#2f6934,#2f6934,#2f6934,#2f6934,#2f6934,#2f6934,#2f6934,#050e07,#b7a687,#b7a687,#b7a687,#e7d689,#7197a0,#9dd5dd,#9dd5dd,#9dd5dd,#9dd5dd,#9dd5dd,#9dd5dd,#42555f,#e7d689,#e7d689,#584a1f,#050e07,#2f6934,#2f6934,#2f6934,#2f6934,#2f732f
#2f732f,#1e3a26,#2f6934,#2f6934,#2f6934,#2f6934,#2f6934,#2f6934,#2f6934,#050e07,#b7a687,#b7a687,#836630,#5f4927,#e7d689,#e7d689,#42555f,#42555f,#42555f,#42555f,#42555f,#42555f,#e7d689,#e7d689,#584a1f,#050e07,#2f6934,#2f6934,#2f6934,#2f6934,#2f6934,#72cc72
#72cc72,#1e3a26,#2f6934,#2f6934,#2f6934,#2f6934,#2f6934,#2f6934,#050e07,#b7a687,#b7a687,#836630,#836630,#382a1d,#e7d689,#99832a,#e7d689,#e7d689,#e7d689,#e7d689,#e7d689,#e7d689,#e7d689,#584a1f,#050e07,#2f6934,#2f6934,#2f6934,#2f6934,#2f6934,#2f6934,#2f732f
#2f732f,#2f6934,#2f6934,#2f6934,#2f6934,#2f6934,#2f6934,#050e07,#b7a687,#b7a687,#836630,#836630,#382a1d,#050e07,#050e07,#050e07,#584a1f,#584a1f,#584a1f,#584a1f,#584a1f,#584a1f,#050e07,#050e07,#2f6934,#2f6934,#2f6934,#2f6934,#2f6934,#2f6934,#2f6934,#72cc72
#72cc72,#2f6934,#2f6934,#2f6934,#2f6934,#2f6934,#050e07,#b7a687,#b7a687,#836630,#836630,#382a1d,#050e07,#2f6934,#5f9852,#2f6934,#050e07,#050e07,#050e07,#050e07,#050e07,#050e07,#2f6934,#2f6934,#2f6934,#2f6934,#2f6934,#2f6934,#2f6934,#2f6934,#2f6934,#2f732f
#2f732f,#2f6934,#2f6934,#2f6934,#2f6934,#050e07,#b7a687,#b7a687,#836630,#836630,#382a1d,#050e07,#2f6934,#2f6934,#2f6934,#2f6934,#2f6934,#2f6934,#2f6934,#2f6934,#2f6934,#2f6934,#2f6934,#2f6934,#2f6934,#2f6934,#2f6934,#2f6934,#2f6934,#2f6934,#2f6934,#72cc72
#72cc72,#1e3a26,#2f6934,#2f6934,#050e07,#b7a687,#b7a687,#836630,#836630,#382a1d,#050e07,#2f6934,#2f6934,#2f6934,#2f6934,#2f6934,#5f9852,#2f6934,#2f6934,#2f6934,#2f6934,#2f6934,#2f6934,#2f6934,#2f6934,#2f6934,#2f6934,#4fbf4f,#84d284,#2f6934,#2f6934,#2f732f
#2f732f,#1e3a26,#2f6934,#050e07,#b7a687,#b7a687,#836630,#836630,#382a1d,#050e07,#2f6934,#2f6934,#2f6934,#2f6934,#2f6934,#2f6934,#2f6934,#2f6934,#2f6934,#2f6934,#2f6934,#2f6934,#2f6934,#2f6934,#2f6934,#2f6934,#2f6934,#2f6934,#2f6934,#2f6934,#2f6934,#72cc72
#72cc72,#1f3a1a,#050e07,#b7a687,#b7a687,#836630,#836630,#382a1d,#050e07,#1f3a1a,#1f3a1a,#1f3a1a,#4fbf4f,#1f3a1a,#1f3a1a,#1f3a1a,#1f3a1a,#1f3a1a,#1f3a1a,#1f3a1a,#4fbf4f,#84d284,#1f3a1a,#1f3a1a,#1f3a1a,#1f3a1a,#1f3a1a,#1f3a1a,#1f3a1a,#1f3a1a,#4fbf4f,#2f732f
#2f732f,#1f3a1a,#050e07,#b7a687,#836630,#836630,#382a1d,#050e07,#1f3a1a,#4fbf4f,#1f3a1a,#1f3a1a,#1f3a1a,#1f3a1a,#1f3a1a,#1f3a1a,#1f3a1a,#1f3a1a,#4fbf4f,#1f3a1a,#1f3a1a,#1f3a1a,#1f3a1a,#1f3a1a,#1f3a1a,#1f3a1a,#1f3a1a,#4fbf4f,#1f3a1a,#1f3a1a,#1f3a1a,#72cc72
#72cc72,#1f3a1a,#050e07,#b7a687,#382a1d,#382a1d,#050e07,#1f3a1a,#4fbf4f,#84d284,#1f3a1a,#1f3a1a,#1f3a1a,#1f3a1a,#1f3a1a,#4fbf4f,#1f3a1a,#1f3a1a,#1f3a1a,#1f3a1a,#1f3a1a,#1f3a1a,#1f3a1a,#1f3a1a,#4fbf4f,#1f3a1a,#1f3a1a,#1f3a1a,#1f3a1a,#1f3a1a,#1f3a1a,#2f732f
#2f732f,#1f3a1a,#1f3a1a,#050e07,#050e07,#050e07,#1f3a1a,#1f3a1a,#1f3a1a,#1f3a1a,#1f3a1a,#1f3a1a,#4fbf4f,#1f3a1a,#1f3a1a,#1f3a1a,#1f3a1a,#1f3a1a,#1f3a1a,#1f3a1a,#1f3a1a,#4fbf4f,#1f3a1a,#1f3a1a,#1f3a1a,#1f3a1a,#1f3a1a,#1f3a1a,#1f3a1a,#1f3a1a,#4fbf4f,#72cc72
#72cc72,#1f3a1a,#1f3a1a,#1f3a1a,#1f3a1a,#1f3a1a,#1f3a1a,#1f3a1a,#1f3a1a,#4fbf4f,#1f3a1a,#1f3a1a,#1f3a1a,#1f3a1a,#1f3a1a,#1f3a1a,#1f3a1a,#1f3a1a,#4fbf4f,#1f3a1a,#1f3a1a,#1f3a1a,#1f3a1a,#1f3a1a,#1f3a1a,#1f3a1a,#1f3a1a,#4fbf4f,#1f3a1a,#1f3a1a,#1f3a1a,#2f732f
#2f732f,#72cc72,#2f732f,#72cc72,#2f732f,#72cc72,#2f732f,#72cc72,#2f732f,#72cc72,#2f732f,#72cc72,#2f732f,#72cc72,#2f732f,#72cc72,#2f732f,#72cc72,#2f732f,#72cc72,#2f732f,#72cc72,#2f732f,#72cc72,#2f732f,#72cc72,#2f732f,#72cc72,#2f732f,#72cc72,#2f732f,#72cc72
