#2b322c,#2b322c,#2b322c,#2b322c,#2b322c,#2b322c,#2b322c,#2b322c,#2b322c,#2b322c,#2b322c,#2b322c,#2b322c,#2b322c,#2b322c,#2b322c,#2b322c,#2b322c,#2b322c,#2b322c,#2b322c,#2b322c,#2b322c,#2b322c,#2b322c,#2b322c,#2b322c,#2b322c,#2b322c,#2b322c,#2b322c,#2b322c,#2b322c,#2b322c,#2b322c,#2b322c,#2b322c,#2b322c,#2b322c,#2b322c,#2b322c,#2b322c,#2b322c,#2b322c,#2b322c,#2b322c,#2b322c,#2b322c,#2b322c,#2b322c,#2b322c,#2b322c,#2b322c,#2b322c,#2b322c,#2b322c,#2b322c,#2b322c,#2b322c,#2b322c,#2b322c,#2b322c,#2b322c,#2b322c
#2b322c,#0a1a12,#0a1a12,#0a1a12,#0a1a12,#0a1a12,#0a1a12,#0a1a12,#0a1a12,#0a1a12,#0a1a12,#0a1a12,#0a1a12,#0a1a12,#0a1a12,#0a1a12,#0a1a12,#0a1a12,#0a1a12,#0a1a12,#0a1a12,#0a1a12,#0a1a12,#0a1a12,#0a1a12,#0a1a12,#0a1a12,#0a1a12,#0a1a12,#0a1a12,#0a1a12,#0a1a12,#0a1a12,#0a1a12,#050e07,#050e07,#0a1a12,#0a1a12,#0a1a12,#0a1a12,#0a1a12,#0a1a12,#0a1a12,#0a1a12,#0a1a12,#0a1a12,#0a1a12,#0a1a12,#0a1a12,#0a1a12,#0a1a12,#0a1a12,#0a1a12,#0a1a12,#0a1a12,#0a1a12,#0a1a12,#0a1a12,#0a1a12,#0a1a12,#0a1a12,#0a1a12,#0a1a12,#050e07
#2b322c,#0a1a12,#0f2217,#0a1a12,#0a1a12,#0a1a12,#0f2217,#0a1a12,#0a1a12,#0a1a12,#0f2217,#0a1a12,#0a1a12,#0a1a12,#0f2217,#0a1a12,#0a1a12,#0a1a12,#0f2217,#0a1a12,#0a1a12,#0a1a12,#0f2217,#0a1a12,#0a1a12,#0a1a12,#0f2217,#0a1a12,#0a1a12,#0a1a12,#0f2217,#0a1a12,#0a1a12,#050e07,#ffffff,#ffffff,#050e07,#0a1a12,#0f2217,#0a1a12,#0a1a12,#0a1a12,#0f2217,#0a1a12,#0a1a12,#0a1a12,#0f2217,#0a1a12,#0a1a12,#0a1a12,#0f2217,#0a1a12,#0a1a12,#0a1a12,#0f2217,#0a1a12,#0a1a12,#0a1a12,#0f2217,#0a1a12,#0a1a12,#0a1a12,#0f2217,#050e07
#2b322c,#0a1a12,#0a1a12,#0a1a12,#0a1a12,#0a1a12,#0a1a12,#0a1a12,#0a1a12,#0a1a12,#0a1a12,#0a1a12,#0a1a12,#0a1a12,#0a1a12,#0a1a12,#0a1a12,#0a1a12,#0a1a12,#0a1a12,#0a1a12,#0a1a12,#0a1a12,#0a1a12,#0a1a12,#0a1a12,#0a1a12,#0a1a12,#0a1a12,#0a1a12,#0a1a12,#0a1a12,#0a1a12,#050e07,#c7e59e,#c7e59e,#050e07,#0a1a12,#0a1a12,#0a1a12,#0a1a12,#0a1a12,#0a1a12,#0a1a12,#0a1a12,#0a1a12,#0a1a12,#0a1a12,#0a1a12,#0a1a12,#0a1a12,#0a1a12,#0a1a12,#0a1a12,#0a1a12,#0a1a12,#0a1a12,#0a1a12,#0a1a12,#0a1a12,#0a1a12,#0a1a12,#0a1a12,#050e07
#2b322c,#0a1a12,#0f2217,#0a1a12,#0f2217,#0a1a12,#0f2217,#0a1a12,#0f2217,#0a1a12,#0f2217,#0a1a12,#0f2217,#0a1a12,#0f2217,#0a1a12,#0f2217,#0a1a12,#0f2217,#0a1a12,#0f2217,#0a1a12,#0f2217,#0a1a12,#0f2217,#0a1a12,#0f2217,#0a1a12,#0f2217,#0a1a12,#0f2217,#0a1a12,#050e07,#c7e59e,#050e07,#050e07,#c7e59e,#050e07,#0f2217,#0a1a12,#0f2217,#0a1a12,#0f2217,#0a1a12,#0f2217,#0a1a12,#0f2217,#0a1a12,#0f2217,#0a1a12,#0f2217,#0a1a12,#0f2217,#0a1a12,#0f2217,#0a1a12,#0f2217,#0a1a12,#0f2217,#0a1a12,#0f2217,#0a1a12,#0f2217,#050e07
#2b322c,#0f2217,#0a1a12,#0f2217,#0a1a12,#0f2217,#0a1a12,#0f2217,#0a1a12,#0f2217,#0a1a12,#0f2217,#0a1a12,#0f2217,#0a1a12,#0f2217,#0a1a12,#0f2217,#0a1a12,#0f2217,#0a1a12,#0f2217,#0a1a12,#0f2217,#0a1a12,#0f2217,#0a1a12,#050e07,#050e07,#050e07,#050e07,#050e07,#bcdab5,#87bd7b,#bcdab5,#bcdab5,#84c764,#050e07,#050e07,#050e07,#0a1a12,#0f2217,#0a1a12,#0f2217,#0a1a12,#0f2217,#0a1a12,#0f2217,#0a1a12,#0f2217,#0a1a12,#0f2217,#0a1a12,#0f2217,#0a1a12,#0f2217,#0a1a12,#0f2217,#0a1a12,#0f2217,#0a1a12,#0f2217,#0a1a12,#050e07
#2b322c,#0a1a12,#0f2217,#0a1a12,#0f2217,#0a1a12,#0f2217,#0a1a12,#0f2217,#0a1a12,#0f2217,#0a1a12,#0f2217,#0a1a12,#0f2217,#0a1a12,#0f2217,#0a1a12,#0f2217,#0a1a12,#0f2217,#0a1a12,#0f2217,#0a1a12,#0f2217,#050e07,#050e07,#87bd7b,#87bd7b,#87bd7b,#bcdab5,#bcdab5,#4f9e3d,#4f9e3d,#4f9e3d,#4f9e3d,#87bd7b,#bcdab5,#87bd7b,#84c764,#050e07,#050e07,#050e07,#0a1a12,#0f2217,#0a1a12,#0f2217,#0a1a12,#0f2217,#0a1a12,#0f2217,#0a1a12,#0f2217,#0a1a12,#0f2217,#0a1a12,#0f2217,#0a1a12,#0f2217,#0a1a12,#0f2217,#0a1a12,#0f2217,#050e07
#2b322c,#0f2217,#0a1a12,#0f2217,#0a1a12,#0f2217,#0a1a12,#0f2217,#0a1a12,#0f2217,#0a1a12,#0f2217,#0a1a12,#0f2217,#0a1a12,#a8c84a,#a8c84a,#0f2217,#0a1a12,#0f2217,#0a1a12,#0f2217,#0a1a12,#0f2217,#050e07,#bcdab5,#87bd7b,#4f9e3d,#4f9e3d,#4f9e3d,#87bd7b,#87bd7b,#4f9e3d,#4f9e3d,#396d2f,#4f9e3d,#4f9e3d,#87bd7b,#4f9e3d,#4f9e3d,#bcdab5,#bcdab5,#84c764,#050e07,#0a1a12,#0f2217,#0a1a12,#0f2217,#0a1a12,#0f2217,#0a1a12,#0f2217,#0a1a12,#0f2217,#0a1a12,#0f2217,#0a1a12,#0f2217,#0a1a12,#0f2217,#0a1a12,#0f2217,#0a1a12,#050e07
#2b322c,#0f2217,#0f2217,#0f2217,#0f2217,#0f2217,#0f2217,#0f2217,#0f2217,#0f2217,#0f2217,#0f2217,#0f2217,#0f2217,#768c34,#a8c84a,#0f2217,#0f2217,#0f2217,#0f2217,#0f2217,#050e07,#050e07,#050e07,#bcdab5,#87bd7b,#87bd7b,#87bd7b,#4f9e3d,#396d2f,#4f9e3d,#396d2f,#87bd7b,#4f9e3d,#87bd7b,#4f9e3d,#4f9e3d,#396d2f,#87bd7b,#4f9e3d,#87bd7b,#87bd7b,#396d2f,#84c764,#050e07,#0f2217,#0f2217,#0f2217,#0f2217,#0f2217,#0f2217,#0f2217,#0f2217,#0f2217,#0f2217,#0f2217,#0f2217,#0f2217,#0f2217,#0f2217,#0f2217,#0f2217,#0f2217,#050e07
#2b322c,#0f2217,#0a1a12,#0f2217,#0f2217,#0f2217,#0a1a12,#0f2217,#0f2217,#0f2217,#0a1a12,#0f2217,#0f2217,#0f2217,#0a1a12,#0f2217,#0f2217,#0f2217,#0a1a12,#0f2217,#050e07,#bcdab5,#bcdab5,#bcdab5,#87bd7b,#87bd7b,#87bd7b,#4f9e3d,#396d2f,#4f9e3d,#396d2f,#396d2f,#4f9e3d,#87bd7b,#4f9e3d,#4f9e3d,#396d2f,#4f9e3d,#4f9e3d,#4f9e3d,#4f9e3d,#396d2f,#396d2f,#84c764,#050e07,#050e07,#0a1a12,#0f2217,#0f2217,#0f2217,#0a1a12,#0f2217,#0f2217,#0f2217,#0a1a12,#0f2217,#0f2217,#0f2217,#0a1a12,#0f2217,#0f2217,#0f2217,#0a1a12,#050e07
#2b322c,#0f2217,#0f2217,#0f2217,#0f2217,#0f2217,#0f2217,#0f2217,#0f2217,#0f2217,#0f2217,#0f2217,#0f2217,#0f2217,#0f2217,#0f2217,#0f2217,#0f2217,#0f2217,#050e07,#bcdab5,#87bd7b,#87bd7b,#87bd7b,#87bd7b,#87bd7b,#4f9e3d,#396d2f,#87bd7b,#4f9e3d,#87bd7b,#4f9e3d,#396d2f,#396d2f,#4f9e3d,#4f9e3d,#4f9e3d,#4f9e3d,#4f9e3d,#4f9e3d,#87bd7b,#4f9e3d,#396d2f,#4f9e3d,#87bd7b,#84c764,#050e07,#0f2217,#0f2217,#0f2217,#0f2217,#0f2217,#0f2217,#0f2217,#0f2217,#0f2217,#0f2217,#0f2217,#0f2217,#0f2217,#0f2217,#0f2217,#0f2217,#050e07
#2b322c,#0f2217,#0f2217,#0f2217,#0f2217,#0f2217,#0f2217,#0f2217,#0f2217,#0f2217,#0f2217,#0f2217,#0f2217,#0f2217,#0f2217,#0f2217,#0f2217,#0f2217,#0f2217,#050e07,#bcdab5,#87bd7b,#87bd7b,#87bd7b,#4f9e3d,#4f9e3d,#396d2f,#4f9e3d,#4f9e3d,#4f9e3d,#4f9e3d,#4f9e3d,#396d2f,#396d2f,#4f9e3d,#4f9e3d,#4f9e3d,#4f9e3d,#4f9e3d,#4f9e3d,#4f9e3d,#4f9e3d,#4f9e3d,#396d2f,#4f9e3d,#244022,#84c764,#050e07,#0f2217,#0f2217,#0f2217,#0f2217,#0f2217,#0f2217,#0f2217,#0f2217,#0f2217,#0f2217,#0f2217,#0f2217,#0f2217,#0f2217,#0f2217,#050e07
#2b322c,#0f2217,#0f2217,#0f2217,#142a1c,#0f2217,#0f2217,#0f2217,#142a1c,#0f2217,#0f2217,#0f2217,#142a1c,#0f2217,#0f2217,#0f2217,#142a1c,#0f2217,#050e07,#bcdab5,#87bd7b,#87bd7b,#87bd7b,#4f9e3d,#396d2f,#4f9e3d,#87bd7b,#4f9e3d,#396d2f,#4f9e3d,#396d2f,#396d2f,#4f9e3d,#4f9e3d,#4f9e3d,#4f9e3d,#4f9e3d,#4f9e3d,#4f9e3d,#4f9e3d,#4f9e3d,#4f9e3d,#396d2f,#396d2f,#396d2f,#4f9e3d,#396d2f,#84c764,#050e07,#0f2217,#0f2217,#0f2217,#142a1c,#0f2217,#0f2217,#0f2217,#142a1c,#0f2217,#0f2217,#0f2217,#142a1c,#0f2217,#0f2217,#050e07
#2b322c,#0f2217,#0f2217,#0f2217,#0f2217,#0f2217,#0f2217,#0f2217,#0f2217,#0f2217,#0f2217,#0f2217,#0f2217,#0f2217,#0f2217,#0f2217,#0f2217,#0f2217,#050e07,#bcdab5,#87bd7b,#87bd7b,#4f9e3d,#396d2f,#4f9e3d,#396d2f,#4f9e3d,#396d2f,#4f9e3d,#4f9e3d,#396d2f,#396d2f,#4f9e3d,#4f9e3d,#4f9e3d,#4f9e3d,#4f9e3d,#4f9e3d,#4f9e3d,#4f9e3d,#4f9e3d,#4f9e3d,#396d2f,#396d2f,#4f9e3d,#396d2f,#4f9e3d,#396d2f,#84c764,#050e07,#0f2217,#0f2217,#0f2217,#0f2217,#0f2217,#0f2217,#0f2217,#0f2217,#0f2217,#0f2217,#0f2217,#0f2217,#0f2217,#050e07
#2b322c,#0f2217,#142a1c,#0f2217,#142a1c,#0f2217,#142a1c,#0f2217,#142a1c,#0f2217,#142a1c,#0f2217,#142a1c,#0f2217,#142a1c,#0f2217,#142a1c,#050e07,#bcdab5,#87bd7b,#87bd7b,#4f9e3d,#87bd7b,#4f9e3d,#396d2f,#396d2f,#396d2f,#396d2f,#396d2f,#4f9e3d,#4f9e3d,#4f9e3d,#4f9e3d,#4f9e3d,#4f9e3d,#4f9e3d,#4f9e3d,#4f9e3d,#4f9e3d,#4f9e3d,#4f9e3d,#4f9e3d,#4f9e3d,#4f9e3d,#4f9e3d,#4f9e3d,#396d2f,#4f9e3d,#396d2f,#84c764,#050e07,#0f2217,#142a1c,#0f2217,#142a1c,#0f2217,#142a1c,#0f2217,#142a1c,#0f2217,#142a1c,#0f2217,#142a1c,#050e07
#2b322c,#0f2217,#0f2217,#0f2217,#0f2217,#0f2217,#0f2217,#0f2217,#0f2217,#0f2217,#0f2217,#0f2217,#0f2217,#050e07,#0f2217,#0f2217,#0f2217,#050e07,#bcdab5,#87bd7b,#87bd7b,#4f9e3d,#4f9e3d,#87bd7b,#396d2f,#396d2f,#244022,#244022,#244022,#4f9e3d,#4f9e3d,#4f9e3d,#4f9e3d,#4f9e3d,#4f9e3d,#4f9e3d,#4f9e3d,#4f9e3d,#4f9e3d,#4f9e3d,#4f9e3d,#4f9e3d,#4f9e3d,#4f9e3d,#4f9e3d,#4f9e3d,#4f9e3d,#396d2f,#396d2f,#84c764,#050e07,#0f2217,#0f2217,#0f2217,#0f2217,#0f2217,#0f2217,#0f2217,#0f2217,#0f2217,#0f2217,#0f2217,#0f2217,#050e07
#2b322c,#0f2217,#142a1c,#0f2217,#142a1c,#0f2217,#142a1c,#0f2217,#142a1c,#0f2217,#142a1c,#0f2217,#050e07,#ffffff,#050e07,#0f2217,#050e07,#050e07,#bcdab5,#87bd7b,#87bd7b,#4f9e3d,#4f9e3d,#396d2f,#396d2f,#244022,#244022,#b8f08a,#b8f08a,#87bd7b,#4f9e3d,#396d2f,#4f9e3d,#396d2f,#4f9e3d,#4f9e3d,#4f9e3d,#4f9e3d,#4f9e3d,#4f9e3d,#4f9e3d,#4f9e3d,#4f9e3d,#4f9e3d,#4f9e3d,#4f9e3d,#4f9e3d,#4f9e3d,#396d2f,#244022,#84c764,#050e07,#142a1c,#0f2217,#142a1c,#0f2217,#142a1c,#0f2217,#142a1c,#0f2217,#142a1c,#0f2217,#142a1c,#050e07
#2b322c,#142a1c,#0f2217,#142a1c,#0f2217,#142a1c,#0f2217,#142a1c,#0f2217,#142a1c,#0f2217,#142a1c,#050e07,#c7e59e,#050e07,#050e07,#bcdab5,#bcdab5,#87bd7b,#87bd7b,#4f9e3d,#87bd7b,#396d2f,#244022,#396d2f,#244022,#b8f08a,#b8f08a,#87bd7b,#87bd7b,#396d2f,#396d2f,#396d2f,#396d2f,#4f9e3d,#4f9e3d,#4f9e3d,#4f9e3d,#4f9e3d,#4f9e3d,#4f9e3d,#4f9e3d,#4f9e3d,#4f9e3d,#4f9e3d,#4f9e3d,#4f9e3d,#396d2f,#396d2f,#84c764,#050e07,#142a1c,#0f2217,#142a1c,#0f2217,#142a1c,#0f2217,#142a1c,#0f2217,#142a1c,#0f2217,#142a1c,#0f2217,#050e07
#2b322c,#0f2217,#142a1c,#142a1c,#142a1c,#0f2217,#142a1c,#142a1c,#142a1c,#0f2217,#142a1c,#142a1c,#142a1c,#050e07,#c7e59e,#050e07,#bcdab5,#87bd7b,#87bd7b,#87bd7b,#87bd7b,#4f9e3d,#4f9e3d,#4f9e3d,#396d2f,#396d2f,#87bd7b,#87bd7b,#87bd7b,#87bd7b,#4f9e3d,#396d2f,#396d2f,#396d2f,#4f9e3d,#4f9e3d,#396d2f,#4f9e3d,#4f9e3d,#4f9e3d,#396d2f,#4f9e3d,#396d2f,#396d2f,#4f9e3d,#4f9e3d,#4f9e3d,#4f9e3d,#396d2f,#396d2f,#84c764,#050e07,#142a1c,#0f2217,#142a1c,#142a1c,#142a1c,#0f2217,#142a1c,#142a1c,#142a1c,#0f2217,#142a1c,#050e07
#2b322c,#142a1c,#0f2217,#142a1c,#0f2217,#142a1c,#0f2217,#142a1c,#0f2217,#142a1c,#0f2217,#142a1c,#0f2217,#050e07,#bcdab5,#bcdab5,#87bd7b,#87bd7b,#4f9e3d,#87bd7b,#4f9e3d,#4f9e3d,#4f9e3d,#4f9e3d,#396d2f,#396d2f,#87bd7b,#87bd7b,#87bd7b,#87bd7b,#396d2f,#4f9e3d,#396d2f,#396d2f,#4f9e3d,#4f9e3d,#4f9e3d,#396d2f,#4f9e3d,#4f9e3d,#4f9e3d,#396d2f,#396d2f,#396d2f,#4f9e3d,#4f9e3d,#4f9e3d,#396d2f,#4f9e3d,#396d2f,#84c764,#050e07,#0f2217,#142a1c,#0f2217,#142a1c,#0f2217,#142a1c,#0f2217,#142a1c,#0f2217,#142a1c,#0f2217,#050e07
#2b322c,#142a1c,#142a1c,#142a1c,#142a1c,#142a1c,#142a1c,#142a1c,#142a1c,#142a1c,#142a1c,#142a1c,#142a1c,#050e07,#87bd7b,#4f9e3d,#87bd7b,#87bd7b,#87bd7b,#4f9e3d,#87bd7b,#4f9e3d,#4f9e3d,#4f9e3d,#4f9e3d,#4f9e3d,#87bd7b,#4f9e3d,#87bd7b,#4f9e3d,#87bd7b,#4f9e3d,#87bd7b,#4f9e3d,#4f9e3d,#4f9e3d,#396d2f,#396d2f,#396d2f,#396d2f,#396d2f,#396d2f,#4f9e3d,#4f9e3d,#396d2f,#396d2f,#4f9e3d,#4f9e3d,#396d2f,#396d2f,#84c764,#050e07,#142a1c,#142a1c,#142a1c,#142a1c,#142a1c,#142a1c,#142a1c,#142a1c,#142a1c,#142a1c,#142a1c,#050e07
#2b322c,#142a1c,#0f2217,#142a1c,#142a1c,#142a1c,#0f2217,#142a1c,#142a1c,#142a1c,#0f2217,#142a1c,#050e07,#87bd7b,#4f9e3d,#4f9e3d,#4f9e3d,#87bd7b,#4f9e3d,#4f9e3d,#4f9e3d,#4f9e3d,#4f9e3d,#4f9e3d,#4f9e3d,#4f9e3d,#4f9e3d,#4f9e3d,#4f9e3d,#4f9e3d,#4f9e3d,#4f9e3d,#4f9e3d,#4f9e3d,#4f9e3d,#4f9e3d,#396d2f,#396d2f,#396d2f,#244022,#244022,#244022,#4f9e3d,#4f9e3d,#396d2f,#396d2f,#4f9e3d,#4f9e3d,#4f9e3d,#396d2f,#396d2f,#84c764,#050e07,#142a1c,#0f2217,#142a1c,#142a1c,#142a1c,#0f2217,#142a1c,#142a1c,#142a1c,#0f2217,#050e07
#2b322c,#142a1c,#142a1c,#142a1c,#142a1c,#142a1c,#142a1c,#142a1c,#142a1c,#142a1c,#142a1c,#142a1c,#050e07,#bcdab5,#87bd7b,#87bd7b,#87bd7b,#4f9e3d,#87bd7b,#4f9e3d,#4f9e3d,#4f9e3d,#4f9e3d,#4f9e3d,#4f9e3d,#4f9e3d,#4f9e3d,#4f9e3d,#4f9e3d,#4f9e3d,#396d2f,#396d2f,#4f9e3d,#4f9e3d,#4f9e3d,#4f9e3d,#396d2f,#4f9e3d,#396d2f,#244022,#b8f08a,#b8f08a,#87bd7b,#87bd7b,#87bd7b,#4f9e3d,#4f9e3d,#4f9e3d,#396d2f,#4f9e3d,#396d2f,#84c764,#050e07,#142a1c,#142a1c,#142a1c,#142a1c,#142a1c,#142a1c,#142a1c,#142a1c,#142a1c,#142a1c,#050e07
#2b322c,#306c35,#306c35,#306c35,#306c35,#306c35,#306c35,#142a1c,#142a1c,#142a1c,#142a1c,#050e07,#bcdab5,#87bd7b,#87bd7b,#87bd7b,#4f9e3d,#4f9e3d,#4f9e3d,#4f9e3d,#4f9e3d,#4f9e3d,#4f9e3d,#4f9e3d,#4f9e3d,#4f9e3d,#4f9e3d,#4f9e3d,#4f9e3d,#4f9e3d,#396d2f,#396d2f,#4f9e3d,#4f9e3d,#4f9e3d,#4f9e3d,#4f9e3d,#396d2f,#396d2f,#244022,#b8f08a,#b8f08a,#87bd7b,#87bd7b,#4f9e3d,#4f9e3d,#4f9e3d,#4f9e3d,#4f9e3d,#396d2f,#396d2f,#84c764,#050e07,#142a1c,#142a1c,#142a1c,#142a1c,#142a1c,#142a1c,#142a1c,#142a1c,#142a1c,#142a1c,#050e07
#2b322c,#306c35,#306c35,#306c35,#306c35,#306c35,#306c35,#306c35,#306c35,#142a1c,#050e07,#bcdab5,#4f9e3d,#4f9e3d,#87bd7b,#4f9e3d,#87bd7b,#4f9e3d,#396d2f,#396d2f,#4f9e3d,#4f9e3d,#4f9e3d,#4f9e3d,#4f9e3d,#4f9e3d,#4f9e3d,#4f9e3d,#4f9e3d,#4f9e3d,#4f9e3d,#4f9e3d,#4f9e3d,#4f9e3d,#4f9e3d,#4f9e3d,#4f9e3d,#4f9e3d,#4f9e3d,#4f9e3d,#87bd7b,#87bd7b,#87bd7b,#87bd7b,#4f9e3d,#4f9e3d,#4f9e3d,#4f9e3d,#396d2f,#4f9e3d,#396d2f,#84c764,#050e07,#2e6433,#142a1c,#142a1c,#193221,#142a1c,#142a1c,#142a1c,#193221,#2e6433,#2e6433,#050e07
#2b322c,#306c35,#306c35,#306c35,#306c35,#306c35,#306c35,#306c35,#306c35,#306c35,#050e07,#bcdab5,#4f9e3d,#4f9e3d,#4f9e3d,#4f9e3d,#4f9e3d,#4f9e3d,#396d2f,#396d2f,#4f9e3d,#4f9e3d,#4f9e3d,#4f9e3d,#4f9e3d,#4f9e3d,#4f9e3d,#396d2f,#4f9e3d,#4f9e3d,#4f9e3d,#396d2f,#4f9e3d,#4f9e3d,#4f9e3d,#4f9e3d,#4f9e3d,#4f9e3d,#4f9e3d,#4f9e3d,#87bd7b,#87bd7b,#87bd7b,#87bd7b,#4f9e3d,#4f9e3d,#4f9e3d,#4f9e3d,#4f9e3d,#396d2f,#4f9e3d,#396d2f,#84c764,#050e07,#2e6433,#2e6433,#142a1c,#142a1c,#2e6433,#2e6433,#2e6433,#2e6433,#2e6433,#050e07
#2b322c,#306c35,#306c35,#306c35,#306c35,#306c35,#306c35,#306c35,#306c35,#306c35,#050e07,#bcdab5,#4f9e3d,#396d2f,#87bd7b,#4f9e3d,#87bd7b,#4f9e3d,#4f9e3d,#4f9e3d,#4f9e3d,#4f9e3d,#396d2f,#396d2f,#4f9e3d,#4f9e3d,#4f9e3d,#4f9e3d,#396d2f,#4f9e3d,#4f9e3d,#4f9e3d,#396d2f,#4f9e3d,#396d2f,#396d2f,#4f9e3d,#4f9e3d,#4f9e3d,#4f9e3d,#87bd7b,#4f9e3d,#396d2f,#396d2f,#87bd7b,#4f9e3d,#4f9e3d,#4f9e3d,#4f9e3d,#4f9e3d,#396d2f,#396d2f,#84c764,#050e07,#2e6433,#2e6433,#2e6433,#2e6433,#2e6433,#2e6433,#2e6433,#2e6433,#2e6433,#050e07
#2b322c,#306c35,#306c35,#306c35,#306c35,#306c35,#306c35,#306c35,#306c35,#306c35,#050e07,#bcdab5,#4f9e3d,#396d2f,#4f9e3d,#87bd7b,#4f9e3d,#4f9e3d,#4f9e3d,#4f9e3d,#4f9e3d,#4f9e3d,#396d2f,#396d2f,#4f9e3d,#4f9e3d,#4f9e3d,#4f9e3d,#4f9e3d,#396d2f,#396d2f,#396d2f,#396d2f,#4f9e3d,#396d2f,#396d2f,#4f9e3d,#4f9e3d,#4f9e3d,#4f9e3d,#4f9e3d,#4f9e3d,#396d2f,#396d2f,#4f9e3d,#4f9e3d,#4f9e3d,#4f9e3d,#4f9e3d,#4f9e3d,#4f9e3d,#396d2f,#396d2f,#84c764,#050e07,#2e6433,#2e6433,#2e6433,#2e6433,#2e6433,#2e6433,#2e6433,#2e6433,#050e07
#2b322c,#306c35,#306c35,#306c35,#306c35,#306c35,#306c35,#306c35,#306c35,#306c35,#050e07,#84c764,#87bd7b,#4f9e3d,#87bd7b,#4f9e3d,#4f9e3d,#4f9e3d,#4f9e3d,#4f9e3d,#4f9e3d,#4f9e3d,#4f9e3d,#4f9e3d,#4f9e3d,#4f9e3d,#396d2f,#396d2f,#4f9e3d,#396d2f,#244022,#244022,#244022,#4f9e3d,#4f9e3d,#4f9e3d,#396d2f,#396d2f,#4f9e3d,#4f9e3d,#396d2f,#396d2f,#4f9e3d,#4f9e3d,#396d2f,#396d2f,#4f9e3d,#4f9e3d,#4f9e3d,#4f9e3d,#396d2f,#4f9e3d,#244022,#84c764,#050e07,#2e6433,#2e6433,#2e6433,#2e6433,#2e6433,#2e6433,#2e6433,#2e6433,#050e07
#2b322c,#306c35,#306c35,#306c35,#306c35,#306c35,#306c35,#306c35,#306c35,#306c35,#306c35,#050e07,#bcdab5,#87bd7b,#4f9e3d,#4f9e3d,#4f9e3d,#4f9e3d,#4f9e3d,#4f9e3d,#4f9e3d,#4f9e3d,#4f9e3d,#4f9e3d,#4f9e3d,#4f9e3d,#396d2f,#244022,#4f9e3d,#396d2f,#244022,#b8f08a,#b8f08a,#87bd7b,#87bd7b,#4f9e3d,#396d2f,#396d2f,#4f9e3d,#4f9e3d,#396d2f,#396d2f,#4f9e3d,#4f9e3d,#396d2f,#396d2f,#4f9e3d,#4f9e3d,#4f9e3d,#4f9e3d,#4f9e3d,#396d2f,#396d2f,#244022,#84c764,#050e07,#2e6433,#2e6433,#2e6433,#2e6433,#2e6433,#2e6433,#2e6433,#050e07
#2b322c,#306c35,#306c35,#306c35,#306c35,#306c35,#306c35,#306c35,#306c35,#306c35,#306c35,#050e07,#bcdab5,#87bd7b,#396d2f,#4f9e3d,#4f9e3d,#4f9e3d,#4f9e3d,#4f9e3d,#4f9e3d,#4f9e3d,#4f9e3d,#4f9e3d,#4f9e3d,#4f9e3d,#4f9e3d,#4f9e3d,#396d2f,#396d2f,#244022,#b8f08a,#b8f08a,#87bd7b,#87bd7b,#4f9e3d,#87bd7b,#4f9e3d,#4f9e3d,#4f9e3d,#396d2f,#396d2f,#4f9e3d,#4f9e3d,#4f9e3d,#4f9e3d,#4f9e3d,#4f9e3d,#4f9e3d,#4f9e3d,#244022,#396d2f,#396d2f,#396d2f,#84c764,#050e07,#2e6433,#2e6433,#2e6433,#2e6433,#2e6433,#2e6433,#2e6433,#050e07
#2b322c,#306c35,#306c35,#306c35,#306c35,#306c35,#306c35,#306c35,#306c35,#306c35,#306c35,#050e07,#eff1e2,#87bd7b,#87bd7b,#87bd7b,#4f9e3d,#4f9e3d,#4f9e3d,#4f9e3d,#4f9e3d,#4f9e3d,#4f9e3d,#4f9e3d,#4f9e3d,#4f9e3d,#4f9e3d,#4f9e3d,#4f9e3d,#4f9e3d,#4f9e3d,#87bd7b,#87bd7b,#87bd7b,#87bd7b,#4f9e3d,#4f9e3d,#4f9e3d,#4f9e3d,#4f9e3d,#396d2f,#396d2f,#4f9e3d,#4f9e3d,#4f9e3d,#4f9e3d,#4f9e3d,#4f9e3d,#4f9e3d,#396d2f,#396d2f,#244022,#396d2f,#244022,#84c764,#050e07,#2e6433,#2e6433,#2e6433,#2e6433,#2e6433,#2e6433,#2e6433,#050e07
#2b322c,#306c35,#306c35,#306c35,#306c35,#306c35,#306c35,#306c35,#306c35,#306c35,#306c35,#050e07,#84c764,#87bd7b,#396d2f,#4f9e3d,#396d2f,#4f9e3d,#4f9e3d,#4f9e3d,#4f9e3d,#4f9e3d,#4f9e3d,#4f9e3d,#396d2f,#396d2f,#4f9e3d,#4f9e3d,#4f9e3d,#4f9e3d,#4f9e3d,#87bd7b,#87bd7b,#87bd7b,#87bd7b,#4f9e3d,#4f9e3d,#4f9e3d,#396d2f,#396d2f,#396d2f,#396d2f,#4f9e3d,#4f9e3d,#4f9e3d,#4f9e3d,#4f9e3d,#4f9e3d,#4f9e3d,#4f9e3d,#396d2f,#4f9e3d,#396d2f,#84c764,#050e07,#2e6433,#2e6433,#2e6433,#2e6433,#2e6433,#2e6433,#2e6433,#2e6433,#050e07
#2b322c,#306c35,#306c35,#306c35,#306c35,#306c35,#306c35,#306c35,#306c35,#306c35,#306c35,#306c35,#050e07,#84c764,#84c764,#396d2f,#4f9e3d,#396d2f,#4f9e3d,#396d2f,#4f9e3d,#396d2f,#4f9e3d,#4f9e3d,#396d2f,#396d2f,#4f9e3d,#4f9e3d,#4f9e3d,#4f9e3d,#4f9e3d,#4f9e3d,#4f9e3d,#4f9e3d,#4f9e3d,#4f9e3d,#4f9e3d,#4f9e3d,#396d2f,#396d2f,#396d2f,#396d2f,#4f9e3d,#4f9e3d,#4f9e3d,#4f9e3d,#4f9e3d,#4f9e3d,#4f9e3d,#396d2f,#4f9e3d,#396d2f,#396d2f,#84c764,#050e07,#2e6433,#2e6433,#2e6433,#2e6433,#2e6433,#2e6433,#2e6433,#2e6433,#050e07
#2b322c,#306c35,#306c35,#306c35,#306c35,#306c35,#306c35,#306c35,#306c35,#306c35,#306c35,#306c35,#306c35,#050e07,#050e07,#bcdab5,#244022,#396d2f,#396d2f,#4f9e3d,#244022,#396d2f,#396d2f,#4f9e3d,#396d2f,#4f9e3d,#4f9e3d,#4f9e3d,#4f9e3d,#4f9e3d,#4f9e3d,#4f9e3d,#87bd7b,#4f9e3d,#4f9e3d,#4f9e3d,#87bd7b,#4f9e3d,#4f9e3d,#4f9e3d,#4f9e3d,#4f9e3d,#4f9e3d,#4f9e3d,#396d2f,#396d2f,#4f9e3d,#4f9e3d,#396d2f,#4f9e3d,#396d2f,#396d2f,#244022,#84c764,#050e07,#2e6433,#2e6433,#2e6433,#2e6433,#2e6433,#2e6433,#2e6433,#2e6433,#050e07
#2b322c,#306c35,#306c35,#306c35,#306c35,#306c35,#306c35,#306c35,#306c35,#306c35,#306c35,#306c35,#306c35,#306c35,#050e07,#84c764,#84c764,#244022,#396d2f,#396d2f,#244022,#244022,#4f9e3d,#396d2f,#4f9e3d,#396d2f,#4f9e3d,#4f9e3d,#4f9e3d,#4f9e3d,#4f9e3d,#4f9e3d,#4f9e3d,#4f9e3d,#4f9e3d,#4f9e3d,#4f9e3d,#4f9e3d,#4f9e3d,#4f9e3d,#4f9e3d,#4f9e3d,#4f9e3d,#4f9e3d,#396d2f,#244022,#4f9e3d,#396d2f,#4f9e3d,#396d2f,#396d2f,#396d2f,#84c764,#050e07,#2e6433,#2e6433,#2e6433,#2e6433,#2e6433,#2e6433,#2e6433,#2e6433,#2e6433,#050e07
#2b322c,#306c35,#306c35,#306c35,#306c35,#306c35,#306c35,#306c35,#306c35,#306c35,#306c35,#306c35,#306c35,#306c35,#306c35,#050e07,#050e07,#84c764,#84c764,#84c764,#84c764,#84c764,#244022,#244022,#396d2f,#4f9e3d,#396d2f,#4f9e3d,#396d2f,#4f9e3d,#4f9e3d,#4f9e3d,#396d2f,#4f9e3d,#244022,#396d2f,#396d2f,#4f9e3d,#244022,#396d2f,#244022,#396d2f,#244022,#396d2f,#396d2f,#4f9e3d,#396d2f,#4f9e3d,#396d2f,#396d2f,#396d2f,#244022,#84c764,#050e07,#2e6433,#2e6433,#2e6433,#2e6433,#2e6433,#2e6433,#2e6433,#2e6433,#2e6433,#050e07
#2b322c,#306c35,#306c35,#306c35,#306c35,#306c35,#306c35,#306c35,#306c35,#306c35,#306c35,#306c35,#306c35,#306c35,#306c35,#306c35,#306a35,#050e07,#050e07,#050e07,#050e07,#050e07,#84c764,#84c764,#84c764,#396d2f,#396d2f,#396d2f,#4f9e3d,#396d2f,#4f9e3d,#396d2f,#4f9e3d,#396d2f,#396d2f,#244022,#4f9e3d,#396d2f,#396d2f,#244022,#396d2f,#244022,#396d2f,#244022,#4f9e3d,#396d2f,#396d2f,#396d2f,#396d2f,#396d2f,#244022,#84c764,#050e07,#2e6433,#2e6433,#2e6433,#2e6433,#2e6433,#d8a040,#d8a040,#2e6433,#2e6433,#2e6433,#050e07
#2b322c,#306c35,#306c35,#306c35,#306c35,#306c35,#306c35,#306c35,#306c35,#306c35,#306c35,#306c35,#306c35,#306c35,#306c35,#306c35,#306a35,#306a35,#306a35,#306a35,#306a35,#306a35,#050e07,#050e07,#050e07,#84c764,#84c764,#244022,#396d2f,#396d2f,#396d2f,#4f9e3d,#244022,#244022,#396d2f,#396d2f,#396d2f,#396d2f,#396d2f,#396d2f,#396d2f,#396d2f,#396d2f,#396d2f,#396d2f,#396d2f,#396d2f,#244022,#84c764,#84c764,#84c764,#050e07,#337337,#2e6433,#2e6433,#2e6433,#2e6433,#2e6433,#2e6433,#d8a040,#97702d,#2e6433,#2e6433,#050e07
#2b322c,#306c35,#306c35,#306c35,#306c35,#306c35,#306c35,#306c35,#306c35,#306c35,#306c35,#306c35,#306c35,#306c35,#306c35,#316c36,#306a35,#306a35,#306a35,#306a35,#306a35,#306a35,#306a35,#306a35,#306a35,#050e07,#050e07,#87bd7b,#244022,#244022,#396d2f,#396d2f,#244022,#244022,#244022,#244022,#244022,#244022,#84c764,#84c764,#84c764,#84c764,#84c764,#84c764,#396d2f,#244022,#84c764,#84c764,#050e07,#050e07,#050e07,#337337,#337337,#2e6433,#2e6433,#2e6433,#2e6433,#2e6433,#2e6433,#2e6433,#2e6433,#2e6433,#2e6433,#050e07
#2b322c,#306c35,#306c35,#306c35,#306c35,#306c35,#306c35,#306c35,#306c35,#306c35,#306c35,#306c35,#306c35,#306c35,#306c35,#316c36,#306a35,#306a35,#306a35,#306a35,#306a35,#306a35,#306a35,#306a35,#306a35,#306a35,#050e07,#ab9772,#ab9772,#ab9772,#4f9e3d,#244022,#244022,#244022,#244022,#ab9772,#836630,#84c764,#050e07,#050e07,#050e07,#050e07,#050e07,#050e07,#84c764,#84c764,#050e07,#050e07,#337337,#337337,#337337,#337337,#337337,#2e6433,#2e6433,#2e6433,#2e6433,#2e6433,#2e6433,#2e6433,#2e6433,#2e6433,#2e6433,#050e07
#2b322c,#306c35,#306c35,#306c35,#306c35,#306c35,#306c35,#306c35,#306c35,#306c35,#306c35,#306c35,#306c35,#306c35,#316c36,#306a35,#306a35,#306a35,#306a35,#306a35,#306a35,#306a35,#306a35,#306a35,#306a35,#306a35,#050e07,#d0c5b0,#ab9772,#ab9772,#ab9772,#ab9772,#ab9772,#ab9772,#ab9772,#ab9772,#9eab5d,#050e07,#2e6433,#337337,#337337,#337337,#337337,#337337,#050e07,#050e07,#337337,#337337,#337337,#337337,#337337,#337337,#2e6433,#2e6433,#2e6433,#2e6433,#2e6433,#2e6433,#2e6433,#2e6433,#2e6433,#2e6433,#2e6433,#050e07
#2b322c,#306c35,#306c35,#306c35,#306c35,#306c35,#306c35,#306c35,#306c35,#306c35,#306c35,#306c35,#306c35,#306c35,#316c36,#306a35,#306a35,#306a35,#306a35,#306a35,#306a35,#306a35,#306a35,#306a35,#306a35,#306a35,#050e07,#d0c5b0,#836630,#836630,#ab9772,#ab9772,#ab9772,#ab9772,#ab9772,#382a1d,#9eab5d,#050e07,#1e3a26,#2e6433,#337337,#337337,#337337,#337337,#337337,#337337,#337337,#337337,#337337,#337337,#337337,#337337,#2e6433,#2e6433,#2e6433,#2e6433,#2e6433,#2e6433,#2e6433,#2e6433,#2e6433,#2e6433,#2e6433,#050e07
#2b322c,#306c35,#306c35,#306c35,#306c35,#306c35,#306c35,#306c35,#306c35,#306c35,#306c35,#306c35,#306c35,#316c36,#306a35,#306a35,#306a35,#306a35,#306a35,#306a35,#306a35,#306a35,#306a35,#306a35,#306a35,#306a35,#050e07,#d0c5b0,#ab9772,#836630,#836630,#ab9772,#836630,#5c4726,#836630,#5c4726,#9eab5d,#050e07,#193221,#2e6433,#337337,#337337,#337337,#337337,#337337,#337337,#337337,#337337,#337337,#337337,#337337,#2e6433,#2e6433,#2e6433,#2e6433,#2e6433,#2e6433,#2e6433,#2e6433,#2e6433,#2e6433,#2e6433,#2e6433,#050e07
#2b322c,#306c35,#306c35,#306c35,#306c35,#306c35,#306c35,#306c35,#306c35,#306c35,#306c35,#306c35,#327237,#1e3a26,#306a35,#306a35,#306a35,#306a35,#306a35,#306a35,#306a35,#306a35,#306a35,#306a35,#306a35,#306a35,#050e07,#d0c5b0,#ab9772,#5c4726,#ab9772,#836630,#5c4726,#836630,#382a1d,#5c4726,#9eab5d,#050e07,#1e3a26,#1e3a26,#2e6433,#2e6433,#337337,#337337,#337337,#337337,#337337,#337337,#337337,#337337,#2e6433,#2e6433,#2e6433,#2e6433,#2e6433,#2e6433,#2e6433,#2e6433,#2e6433,#2e6433,#2e6433,#2e6433,#2e6433,#050e07
#2b322c,#306c35,#306c35,#306c35,#306c35,#306c35,#306c35,#306c35,#306c35,#306c35,#306c35,#327237,#1e3a26,#1e3a26,#1e3a26,#306a35,#306a35,#306a35,#306a35,#306a35,#306a35,#306a35,#306a35,#306a35,#306a35,#306a35,#050e07,#d0c5b0,#ab9772,#ab9772,#836630,#836630,#836630,#5c4726,#5c4726,#5c4726,#9eab5d,#050e07,#1e3a26,#1e3a26,#1e3a26,#2e6433,#2e6433,#2e6433,#337337,#337337,#337337,#337337,#2e6433,#2e6433,#2e6433,#2e6433,#2e6433,#2e6433,#2e6433,#2e6433,#2e6433,#2e6433,#2e6433,#2e6433,#2e6433,#2e6433,#2e6433,#050e07
#2b322c,#1f3a1a,#1f3a1a,#1f3a1a,#1f3a1a,#1f3a1a,#1f3a1a,#4fbf4f,#1f3a1a,#1f3a1a,#1f3a1a,#1f3a1a,#1f3a1a,#1f3a1a,#1f3a1a,#1f3a1a,#1f3a1a,#1f3a1a,#72cc72,#1f3a1a,#1f3a1a,#1f3a1a,#4fbf4f,#1f3a1a,#1f3a1a,#1f3a1a,#050e07,#d0c5b0,#ab9772,#836630,#836630,#5c4726,#382a1d,#5c4726,#5c4726,#382a1d,#9eab5d,#050e07,#1f3a1a,#1f3a1a,#72cc72,#1f3a1a,#1f3a1a,#1f3a1a,#1f3a1a,#1f3a1a,#1f3a1a,#1f3a1a,#1f3a1a,#1f3a1a,#1f3a1a,#72cc72,#1f3a1a,#1f3a1a,#4fbf4f,#1f3a1a,#4fbf4f,#1f3a1a,#4fbf4f,#1f3a1a,#4fbf4f,#1f3a1a,#72cc72,#050e07
#2b322c,#1f3a1a,#1f3a1a,#1f3a1a,#1f3a1a,#72cc72,#1f3a1a,#1f3a1a,#1f3a1a,#1f3a1a,#1f3a1a,#1f3a1a,#1f3a1a,#1f3a1a,#1f3a1a,#1f3a1a,#72cc72,#1f3a1a,#1f3a1a,#1f3a1a,#1f3a1a,#1f3a1a,#4fbf4f,#1f3a1a,#1f3a1a,#050e07,#d0c5b0,#836630,#ab9772,#836630,#836630,#836630,#836630,#5c4726,#5c4726,#382a1d,#c7e59e,#050e07,#72cc72,#1f3a1a,#1f3a1a,#1f3a1a,#1f3a1a,#1f3a1a,#1f3a1a,#1f3a1a,#4fbf4f,#1f3a1a,#1f3a1a,#4fbf4f,#1f3a1a,#1f3a1a,#1f3a1a,#1f3a1a,#1f3a1a,#1f3a1a,#4fbf4f,#1f3a1a,#1f3a1a,#1f3a1a,#4fbf4f,#1f3a1a,#1f3a1a,#050e07
#2b322c,#4fbf4f,#4fbf4f,#72cc72,#1f3a1a,#1f3a1a,#1f3a1a,#4fbf4f,#1f3a1a,#1f3a1a,#1f3a1a,#1f3a1a,#1f3a1a,#1f3a1a,#72cc72,#1f3a1a,#4fbf4f,#1f3a1a,#1f3a1a,#1f3a1a,#1f3a1a,#4fbf4f,#1f3a1a,#1f3a1a,#1f3a1a,#050e07,#d0c5b0,#ab9772,#ab9772,#836630,#ab9772,#836630,#5c4726,#836630,#5c4726,#9eab5d,#050e07,#1f3a1a,#1f3a1a,#1f3a1a,#1f3a1a,#1f3a1a,#1f3a1a,#1f3a1a,#1f3a1a,#1f3a1a,#1f3a1a,#72cc72,#1f3a1a,#1f3a1a,#1f3a1a,#1f3a1a,#1f3a1a,#1f3a1a,#1f3a1a,#1f3a1a,#4fbf4f,#1f3a1a,#72cc72,#4fbf4f,#1f3a1a,#1f3a1a,#1f3a1a,#050e07
#2b322c,#72cc72,#1f3a1a,#1f3a1a,#1f3a1a,#1f3a1a,#1f3a1a,#4fbf4f,#1f3a1a,#1f3a1a,#1f3a1a,#1f3a1a,#72cc72,#1f3a1a,#4fbf4f,#1f3a1a,#1f3a1a,#1f3a1a,#1f3a1a,#1f3a1a,#1f3a1a,#1f3a1a,#1f3a1a,#72cc72,#4fbf4f,#050e07,#d0c5b0,#ab9772,#5c4726,#ab9772,#836630,#836630,#836630,#5c4726,#5c4726,#9eab5d,#050e07,#1f3a1a,#1f3a1a,#1f3a1a,#1f3a1a,#1f3a1a,#1f3a1a,#4fbf4f,#4fbf4f,#72cc72,#1f3a1a,#1f3a1a,#1f3a1a,#4fbf4f,#1f3a1a,#1f3a1a,#1f3a1a,#1f3a1a,#1f3a1a,#1f3a1a,#72cc72,#1f3a1a,#1f3a1a,#4fbf4f,#1f3a1a,#1f3a1a,#1f3a1a,#050e07
#2b322c,#1f3a1a,#1f3a1a,#1f3a1a,#4fbf4f,#4fbf4f,#1f3a1a,#1f3a1a,#1f3a1a,#1f3a1a,#72cc72,#1f3a1a,#1f3a1a,#4fbf4f,#1f3a1a,#1f3a1a,#1f3a1a,#1f3a1a,#1f3a1a,#1f3a1a,#1f3a1a,#72cc72,#1f3a1a,#1f3a1a,#1f3a1a,#050e07,#d0c5b0,#ab9772,#ab9772,#836630,#ab9772,#836630,#5c4726,#836630,#5c4726,#9eab5d,#050e07,#1f3a1a,#1f3a1a,#1f3a1a,#1f3a1a,#1f3a1a,#1f3a1a,#4fbf4f,#1f3a1a,#1f3a1a,#1f3a1a,#1f3a1a,#1f3a1a,#1f3a1a,#1f3a1a,#1f3a1a,#1f3a1a,#1f3a1a,#72cc72,#1f3a1a,#1f3a1a,#4fbf4f,#1f3a1a,#1f3a1a,#1f3a1a,#1f3a1a,#1f3a1a,#050e07
#2b322c,#1f3a1a,#1f3a1a,#1f3a1a,#1f3a1a,#1f3a1a,#1f3a1a,#1f3a1a,#72cc72,#1f3a1a,#1f3a1a,#4fbf4f,#1f3a1a,#1f3a1a,#1f3a1a,#1f3a1a,#1f3a1a,#1f3a1a,#1f3a1a,#4fbf4f,#1f3a1a,#1f3a1a,#1f3a1a,#1f3a1a,#1f3a1a,#050e07,#d0c5b0,#ab9772,#836630,#5c4726,#836630,#5c4726,#836630,#5c4726,#382a1d,#9eab5d,#050e07,#1f3a1a,#1f3a1a,#1f3a1a,#1f3a1a,#72cc72,#1f3a1a,#1f3a1a,#1f3a1a,#1f3a1a,#4fbf4f,#1f3a1a,#4fbf4f,#4fbf4f,#4fbf4f,#1f3a1a,#72cc72,#1f3a1a,#1f3a1a,#1f3a1a,#1f3a1a,#4fbf4f,#4fbf4f,#1f3a1a,#1f3a1a,#1f3a1a,#1f3a1a,#050e07
#2b322c,#1f3a1a,#1f3a1a,#1f3a1a,#1f3a1a,#4fbf4f,#72cc72,#1f3a1a,#1f3a1a,#1f3a1a,#1f3a1a,#1f3a1a,#4fbf4f,#1f3a1a,#4fbf4f,#4fbf4f,#1f3a1a,#72cc72,#1f3a1a,#1f3a1a,#1f3a1a,#1f3a1a,#1f3a1a,#1f3a1a,#1f3a1a,#050e07,#ab9772,#ab9772,#ab9772,#836630,#836630,#836630,#5c4726,#5c4726,#5c4726,#9eab5d,#050e07,#1f3a1a,#1f3a1a,#72cc72,#1f3a1a,#1f3a1a,#1f3a1a,#1f3a1a,#1f3a1a,#1f3a1a,#1f3a1a,#1f3a1a,#1f3a1a,#1f3a1a,#72cc72,#1f3a1a,#1f3a1a,#4fbf4f,#1f3a1a,#1f3a1a,#4fbf4f,#1f3a1a,#4fbf4f,#1f3a1a,#1f3a1a,#4fbf4f,#1f3a1a,#050e07
#2b322c,#1f3a1a,#4fbf4f,#1f3a1a,#72cc72,#1f3a1a,#1f3a1a,#4fbf4f,#1f3a1a,#1f3a1a,#4fbf4f,#1f3a1a,#1f3a1a,#4fbf4f,#1f3a1a,#72cc72,#1f3a1a,#1f3a1a,#1f3a1a,#1f3a1a,#4fbf4f,#1f3a1a,#1f3a1a,#4fbf4f,#050e07,#eff1e2,#ab9772,#ab9772,#836630,#ab9772,#5c4726,#382a1d,#5c4726,#382a1d,#382a1d,#9eab5d,#050e07,#72cc72,#1f3a1a,#1f3a1a,#1f3a1a,#4fbf4f,#4fbf4f,#1f3a1a,#1f3a1a,#1f3a1a,#1f3a1a,#1f3a1a,#72cc72,#4fbf4f,#1f3a1a,#1f3a1a,#1f3a1a,#1f3a1a,#1f3a1a,#1f3a1a,#1f3a1a,#1f3a1a,#1f3a1a,#72cc72,#1f3a1a,#1f3a1a,#4fbf4f,#050e07
#2b322c,#1f3a1a,#72cc72,#1f3a1a,#1f3a1a,#1f3a1a,#1f3a1a,#1f3a1a,#1f3a1a,#1f3a1a,#1f3a1a,#1f3a1a,#1f3a1a,#72cc72,#1f3a1a,#1f3a1a,#4fbf4f,#1f3a1a,#1f3a1a,#1f3a1a,#1f3a1a,#1f3a1a,#1f3a1a,#1f3a1a,#050e07,#d0c5b0,#ab9772,#836630,#5c4726,#836630,#836630,#836630,#5c4726,#5c4726,#382a1d,#c7e59e,#050e07,#4fbf4f,#4fbf4f,#4fbf4f,#4fbf4f,#1f3a1a,#1f3a1a,#1f3a1a,#1f3a1a,#1f3a1a,#72cc72,#1f3a1a,#1f3a1a,#1f3a1a,#1f3a1a,#1f3a1a,#1f3a1a,#1f3a1a,#4fbf4f,#1f3a1a,#1f3a1a,#72cc72,#1f3a1a,#4fbf4f,#1f3a1a,#1f3a1a,#1f3a1a,#050e07
#2b322c,#1f3a1a,#4fbf4f,#1f3a1a,#1f3a1a,#1f3a1a,#1f3a1a,#1f3a1a,#1f3a1a,#1f3a1a,#1f3a1a,#72cc72,#1f3a1a,#1f3a1a,#4fbf4f,#1f3a1a,#4fbf4f,#1f3a1a,#1f3a1a,#1f3a1a,#4fbf4f,#1f3a1a,#72cc72,#1f3a1a,#050e07,#d0c5b0,#ab9772,#ab9772,#836630,#5c4726,#836630,#5c4726,#836630,#5c4726,#9eab5d,#050e07,#c7e59e,#050e07,#1f3a1a,#1f3a1a,#1f3a1a,#1f3a1a,#1f3a1a,#1f3a1a,#72cc72,#4fbf4f,#1f3a1a,#1f3a1a,#1f3a1a,#1f3a1a,#1f3a1a,#1f3a1a,#1f3a1a,#1f3a1a,#1f3a1a,#72cc72,#1f3a1a,#1f3a1a,#1f3a1a,#1f3a1a,#1f3a1a,#1f3a1a,#1f3a1a,#050e07
#2b322c,#1f3a1a,#1f3a1a,#1f3a1a,#1f3a1a,#1f3a1a,#1f3a1a,#1f3a1a,#1f3a1a,#72cc72,#1f3a1a,#1f3a1a,#1f3a1a,#4fbf4f,#4fbf4f,#1f3a1a,#1f3a1a,#4fbf4f,#2b692b,#11200e,#2b692b,#2b692b,#11200e,#11200e,#050e07,#d0c5b0,#5c4726,#5c4726,#382a1d,#5c4726,#5c4726,#836630,#5c4726,#5c4726,#9eab5d,#050e07,#ffffff,#050e07,#11200e,#11200e,#11200e,#11200e,#3f703f,#11200e,#11200e,#11200e,#11200e,#11200e,#1f3a1a,#4fbf4f,#1f3a1a,#1f3a1a,#1f3a1a,#72cc72,#1f3a1a,#1f3a1a,#1f3a1a,#1f3a1a,#1f3a1a,#1f3a1a,#1f3a1a,#1f3a1a,#1f3a1a,#050e07
#2b322c,#1f3a1a,#1f3a1a,#1f3a1a,#1f3a1a,#1f3a1a,#4fbf4f,#72cc72,#1f3a1a,#1f3a1a,#1f3a1a,#1f3a1a,#1f3a1a,#1f3a1a,#1f3a1a,#11200e,#1f3a1a,#11200e,#72cc72,#11200e,#1f3a1a,#11200e,#1f3a1a,#11200e,#050e07,#9eab5d,#9eab5d,#9eab5d,#9eab5d,#9eab5d,#5c4726,#5c4726,#5c4726,#5c4726,#9eab5d,#050e07,#050e07,#11200e,#1f3a1a,#11200e,#72cc72,#11200e,#1f3a1a,#2b692b,#1f3a1a,#11200e,#1f3a1a,#11200e,#1f3a1a,#11200e,#1f3a1a,#3f703f,#1f3a1a,#1f3a1a,#1f3a1a,#1f3a1a,#1f3a1a,#1f3a1a,#1f3a1a,#4fbf4f,#1f3a1a,#1f3a1a,#72cc72,#050e07
#2b322c,#1f3a1a,#1f3a1a,#4fbf4f,#1f3a1a,#72cc72,#1f3a1a,#1f3a1a,#1f3a1a,#1f3a1a,#1f3a1a,#1f3a1a,#1f3a1a,#11200e,#11200e,#11200e,#3f703f,#11200e,#11200e,#11200e,#11200e,#2b692b,#11200e,#11200e,#11200e,#050e07,#050e07,#050e07,#050e07,#050e07,#9eab5d,#9eab5d,#9eab5d,#9eab5d,#9eab5d,#050e07,#2b692b,#11200e,#3f703f,#11200e,#11200e,#11200e,#11200e,#11200e,#2b692b,#11200e,#11200e,#11200e,#11200e,#3f703f,#11200e,#11200e,#11200e,#1f3a1a,#1f3a1a,#1f3a1a,#4fbf4f,#1f3a1a,#1f3a1a,#1f3a1a,#4fbf4f,#1f3a1a,#1f3a1a,#050e07
#2b322c,#1f3a1a,#1f3a1a,#72cc72,#1f3a1a,#1f3a1a,#1f3a1a,#1f3a1a,#1f3a1a,#1f3a1a,#1f3a1a,#1f3a1a,#1f3a1a,#1f3a1a,#72cc72,#11200e,#1f3a1a,#11200e,#4fbf4f,#11200e,#1f3a1a,#11200e,#1f3a1a,#11200e,#1f3a1a,#3f703f,#4fbf4f,#11200e,#1f3a1a,#11200e,#050e07,#050e07,#050e07,#050e07,#050e07,#11200e,#72cc72,#11200e,#1f3a1a,#11200e,#1f3a1a,#11200e,#1f3a1a,#11200e,#1f3a1a,#11200e,#4fbf4f,#2b692b,#1f3a1a,#11200e,#1f3a1a,#11200e,#1f3a1a,#1f3a1a,#1f3a1a,#4fbf4f,#1f3a1a,#1f3a1a,#72cc72,#4fbf4f,#4fbf4f,#1f3a1a,#1f3a1a,#050e07
#2b322c,#72cc72,#1f3a1a,#1f3a1a,#1f3a1a,#1f3a1a,#1f3a1a,#1f3a1a,#1f3a1a,#1f3a1a,#1f3a1a,#1f3a1a,#72cc72,#1f3a1a,#1f3a1a,#1f3a1a,#4fbf4f,#1f3a1a,#11200e,#2b692b,#11200e,#11200e,#11200e,#3f703f,#11200e,#11200e,#11200e,#11200e,#2b692b,#2b692b,#11200e,#11200e,#11200e,#11200e,#3f703f,#11200e,#11200e,#11200e,#11200e,#2b692b,#11200e,#11200e,#11200e,#11200e,#11200e,#3f703f,#11200e,#11200e,#1f3a1a,#1f3a1a,#1f3a1a,#1f3a1a,#1f3a1a,#1f3a1a,#1f3a1a,#1f3a1a,#72cc72,#1f3a1a,#1f3a1a,#1f3a1a,#4fbf4f,#1f3a1a,#1f3a1a,#050e07
#2b322c,#1f3a1a,#1f3a1a,#1f3a1a,#1f3a1a,#1f3a1a,#1f3a1a,#1f3a1a,#1f3a1a,#1f3a1a,#72cc72,#1f3a1a,#4fbf4f,#1f3a1a,#1f3a1a,#1f3a1a,#1f3a1a,#1f3a1a,#4fbf4f,#1f3a1a,#1f3a1a,#72cc72,#1f3a1a,#1f3a1a,#1f3a1a,#1f3a1a,#1f3a1a,#1f3a1a,#1f3a1a,#1f3a1a,#1f3a1a,#1f3a1a,#4fbf4f,#1f3a1a,#1f3a1a,#1f3a1a,#1f3a1a,#1f3a1a,#4fbf4f,#1f3a1a,#4fbf4f,#1f3a1a,#1f3a1a,#72cc72,#1f3a1a,#1f3a1a,#1f3a1a,#1f3a1a,#1f3a1a,#1f3a1a,#1f3a1a,#1f3a1a,#1f3a1a,#1f3a1a,#72cc72,#4fbf4f,#1f3a1a,#1f3a1a,#1f3a1a,#4fbf4f,#1f3a1a,#4fbf4f,#1f3a1a,#050e07
#2b322c,#1f3a1a,#4fbf4f,#1f3a1a,#4fbf4f,#1f3a1a,#1f3a1a,#1f3a1a,#72cc72,#4fbf4f,#1f3a1a,#4fbf4f,#4fbf4f,#1f3a1a,#1f3a1a,#1f3a1a,#1f3a1a,#1f3a1a,#1f3a1a,#72cc72,#1f3a1a,#1f3a1a,#1f3a1a,#1f3a1a,#1f3a1a,#1f3a1a,#4fbf4f,#1f3a1a,#1f3a1a,#1f3a1a,#72cc72,#1f3a1a,#1f3a1a,#1f3a1a,#1f3a1a,#1f3a1a,#1f3a1a,#4fbf4f,#1f3a1a,#1f3a1a,#1f3a1a,#72cc72,#1f3a1a,#1f3a1a,#1f3a1a,#1f3a1a,#1f3a1a,#1f3a1a,#1f3a1a,#1f3a1a,#1f3a1a,#1f3a1a,#4fbf4f,#1f3a1a,#1f3a1a,#1f3a1a,#1f3a1a,#1f3a1a,#1f3a1a,#1f3a1a,#1f3a1a,#1f3a1a,#1f3a1a,#050e07
#2b322c,#050e07,#050e07,#050e07,#050e07,#050e07,#050e07,#050e07,#050e07,#050e07,#050e07,#050e07,#050e07,#050e07,#050e07,#050e07,#050e07,#050e07,#050e07,#050e07,#050e07,#050e07,#050e07,#050e07,#050e07,#050e07,#050e07,#050e07,#050e07,#050e07,#050e07,#050e07,#050e07,#050e07,#050e07,#050e07,#050e07,#050e07,#050e07,#050e07,#050e07,#050e07,#050e07,#050e07,#050e07,#050e07,#050e07,#050e07,#050e07,#050e07,#050e07,#050e07,#050e07,#050e07,#050e07,#050e07,#050e07,#050e07,#050e07,#050e07,#050e07,#050e07,#050e07,#050e07
