#7bcf7b,#7bcf7b,#7bcf7b,#7bcf7b,#7bcf7b,#7bcf7b,#7bcf7b,#7bcf7b,#7bcf7b,#7bcf7b,#7bcf7b,#7bcf7b,#7bcf7b,#7bcf7b,#7bcf7b,#7bcf7b,#7bcf7b,#7bcf7b,#7bcf7b,#7bcf7b,#7bcf7b,#7bcf7b,#7bcf7b,#7bcf7b,#7bcf7b,#7bcf7b,#7bcf7b,#7bcf7b,#7bcf7b,#7bcf7b,#7bcf7b,#7bcf7b,#7bcf7b,#7bcf7b,#7bcf7b,#7bcf7b,#7bcf7b,#7bcf7b,#7bcf7b,#7bcf7b,#7bcf7b,#7bcf7b,#7bcf7b,#7bcf7b,#7bcf7b,#7bcf7b,#7bcf7b,#7bcf7b,#7bcf7b,#7bcf7b,#7bcf7b,#7bcf7b,#7bcf7b,#7bcf7b,#7bcf7b,#7bcf7b,#7bcf7b,#7bcf7b,#7bcf7b,#7bcf7b,#7bcf7b,#7bcf7b,#7bcf7b,#7bcf7b
#7bcf7b,#0a1a12,#0a1a12,#0a1a12,#0a1a12,#0a1a12,#0a1a12,#0a1a12,#0a1a12,#0a1a12,#0a1a12,#0a1a12,#0a1a12,#0a1a12,#0a1a12,#0a1a12,#0a1a12,#0a1a12,#0a1a12,#0a1a12,#0a1a12,#0a1a12,#0a1a12,#0a1a12,#0a1a12,#0a1a12,#0a1a12,#0a1a12,#0a1a12,#0a1a12,#0a1a12,#0a1a12,#0a1a12,#0a1a12,#0a1a12,#0a1a12,#0a1a12,#0a1a12,#0a1a12,#0a1a12,#0a1a12,#0a1a12,#0a1a12,#0a1a12,#0a1a12,#0a1a12,#0a1a12,#0a1a12,#0a1a12,#0a1a12,#0a1a12,#0a1a12,#0a1a12,#0a1a12,#0a1a12,#0a1a12,#0a1a12,#0a1a12,#0a1a12,#0a1a12,#0a1a12,#0a1a12,#0a1a12,#2b692b
#7bcf7b,#0a1a12,#0f2217,#0a1a12,#0a1a12,#0a1a12,#0f2217,#0a1a12,#0a1a12,#0a1a12,#0f2217,#0a1a12,#0a1a12,#0a1a12,#0f2217,#0a1a12,#0a1a12,#0a1a12,#0f2217,#0a1a12,#0a1a12,#0a1a12,#0f2217,#0a1a12,#0a1a12,#0a1a12,#0f2217,#0a1a12,#0a1a12,#0a1a12,#0f2217,#0a1a12,#0a1a12,#0a1a12,#0f2217,#0a1a12,#0a1a12,#0a1a12,#0f2217,#0a1a12,#0a1a12,#0a1a12,#0f2217,#0a1a12,#0a1a12,#0a1a12,#0f2217,#0a1a12,#0a1a12,#0a1a12,#0f2217,#0a1a12,#0a1a12,#0a1a12,#0f2217,#0a1a12,#0a1a12,#0a1a12,#0f2217,#0a1a12,#0a1a12,#0a1a12,#0f2217,#2b692b
#7bcf7b,#0a1a12,#0a1a12,#0a1a12,#0a1a12,#0a1a12,#0a1a12,#0a1a12,#0a1a12,#0a1a12,#0a1a12,#0a1a12,#0a1a12,#0a1a12,#0a1a12,#0a1a12,#0a1a12,#0a1a12,#0a1a12,#0a1a12,#0a1a12,#0a1a12,#0a1a12,#0a1a12,#0a1a12,#0a1a12,#0a1a12,#0a1a12,#0a1a12,#0a1a12,#0a1a12,#0a1a12,#0a1a12,#0a1a12,#0a1a12,#0a1a12,#0a1a12,#0a1a12,#0a1a12,#0a1a12,#0a1a12,#0a1a12,#0a1a12,#0a1a12,#0a1a12,#0a1a12,#0a1a12,#0a1a12,#0a1a12,#0a1a12,#0a1a12,#0a1a12,#0a1a12,#0a1a12,#0a1a12,#0a1a12,#0a1a12,#0a1a12,#0a1a12,#0a1a12,#0a1a12,#0a1a12,#0a1a12,#2b692b
#7bcf7b,#0a1a12,#0f2217,#0a1a12,#0f2217,#0a1a12,#0f2217,#0a1a12,#0f2217,#0a1a12,#0f2217,#0a1a12,#0f2217,#0a1a12,#0f2217,#0a1a12,#0f2217,#0a1a12,#0f2217,#0a1a12,#0f2217,#0a1a12,#0f2217,#0a1a12,#0f2217,#0a1a12,#0f2217,#0a1a12,#0f2217,#0a1a12,#0f2217,#0a1a12,#0f2217,#0a1a12,#0f2217,#0a1a12,#0f2217,#0a1a12,#0f2217,#0a1a12,#0f2217,#0a1a12,#ff6a9a,#0a1a12,#0f2217,#0a1a12,#0f2217,#0a1a12,#0f2217,#0a1a12,#0f2217,#0a1a12,#0f2217,#fff6c8,#fff6c8,#fff6c8,#fff6c8,#0a1a12,#0f2217,#0a1a12,#0f2217,#0a1a12,#0f2217,#2b692b
#7bcf7b,#0f2217,#0a1a12,#0f2217,#0a1a12,#0f2217,#0a1a12,#0f2217,#0a1a12,#0f2217,#0a1a12,#0f2217,#0a1a12,#0f2217,#0a1a12,#0f2217,#0a1a12,#0f2217,#050e07,#050e07,#0a1a12,#0f2217,#0a1a12,#0f2217,#0a1a12,#0f2217,#0a1a12,#0f2217,#0a1a12,#0f2217,#050e07,#050e07,#0a1a12,#0f2217,#0a1a12,#0f2217,#0a1a12,#0f2217,#0a1a12,#0f2217,#0a1a12,#ff6a9a,#ffd23a,#ff6a9a,#0a1a12,#0f2217,#0a1a12,#0f2217,#0a1a12,#0f2217,#0a1a12,#fff6c8,#fff6c8,#fff6c8,#fff6c8,#fff6c8,#fff6c8,#fff6c8,#fff6c8,#0f2217,#0a1a12,#0f2217,#0a1a12,#2b692b
#7bcf7b,#0a1a12,#0f2217,#0a1a12,#0f2217,#0a1a12,#0f2217,#0a1a12,#0f2217,#0a1a12,#0f2217,#0a1a12,#0f2217,#0a1a12,#0f2217,#0a1a12,#0f2217,#050e07,#87bd7b,#8cdb75,#050e07,#0a1a12,#0f2217,#0a1a12,#0f2217,#0a1a12,#0f2217,#0a1a12,#0f2217,#050e07,#bcdab5,#84c764,#050e07,#0a1a12,#0f2217,#0a1a12,#0f2217,#0a1a12,#0f2217,#0a1a12,#0f2217,#050e07,#ff6a9a,#84c764,#050e07,#0a1a12,#0f2217,#0a1a12,#0f2217,#0a1a12,#fff6c8,#fff6c8,#fff6c8,#fff6c8,#fff6c8,#fff6c8,#fff6c8,#fff6c8,#fff6c8,#fff6c8,#0f2217,#0a1a12,#0f2217,#2b692b
#7bcf7b,#0f2217,#0a1a12,#0f2217,#0a1a12,#0f2217,#0a1a12,#0f2217,#0a1a12,#0f2217,#0a1a12,#0f2217,#0a1a12,#0f2217,#0a1a12,#0f2217,#0a1a12,#050e07,#87bd7b,#8cdb75,#050e07,#0f2217,#0a1a12,#0f2217,#0a1a12,#0f2217,#0a1a12,#0f2217,#0a1a12,#050e07,#bcdab5,#8cdb75,#050e07,#0f2217,#0a1a12,#0f2217,#0a1a12,#0f2217,#0a1a12,#0f2217,#0a1a12,#050e07,#c3e9c3,#84c764,#050e07,#0f2217,#0a1a12,#0f2217,#0a1a12,#0f2217,#fff6c8,#fff6c8,#fff6c8,#fff6c8,#fff6c8,#fff6c8,#fff6c8,#fff6c8,#fff6c8,#fff6c8,#0a1a12,#0f2217,#0a1a12,#2b692b
#7bcf7b,#0f2217,#0f2217,#0f2217,#0f2217,#0f2217,#0f2217,#0f2217,#0f2217,#0f2217,#0f2217,#0f2217,#0f2217,#0f2217,#0f2217,#0f2217,#0f2217,#050e07,#c3e9c3,#8cdb75,#050e07,#0f2217,#0f2217,#0f2217,#0f2217,#0f2217,#0f2217,#0f2217,#0f2217,#050e07,#c3e9c3,#8cdb75,#050e07,#0f2217,#0f2217,#0f2217,#0f2217,#0f2217,#0f2217,#0f2217,#0f2217,#050e07,#c3e9c3,#84c764,#050e07,#0f2217,#0f2217,#0f2217,#0f2217,#fff6c8,#fff6c8,#fff6c8,#fff6c8,#fff6c8,#fff6c8,#fff6c8,#fff6c8,#fff6c8,#fff6c8,#fff6c8,#fff6c8,#0f2217,#0f2217,#2b692b
#7bcf7b,#0f2217,#0a1a12,#0f2217,#0a1a12,#0f2217,#0a1a12,#0f2217,#0a1a12,#0f2217,#0a1a12,#0f2217,#0a1a12,#0f2217,#0a1a12,#0f2217,#0a1a12,#050e07,#c3e9c3,#8cdb75,#050e07,#0f2217,#0a1a12,#0f2217,#0a1a12,#0f2217,#0a1a12,#0f2217,#0a1a12,#050e07,#c3e9c3,#8cdb75,#050e07,#0f2217,#0a1a12,#0f2217,#0a1a12,#0f2217,#0a1a12,#0f2217,#0a1a12,#050e07,#c3e9c3,#84c764,#050e07,#0f2217,#0a1a12,#0f2217,#0a1a12,#fff6c8,#fff6c8,#fff6c8,#fff6c8,#fff6c8,#fff6c8,#fff6c8,#fff6c8,#fff6c8,#fff6c8,#fff6c8,#fff6c8,#0f2217,#0a1a12,#2b692b
#7bcf7b,#0f2217,#0f2217,#0f2217,#0f2217,#0f2217,#0f2217,#0f2217,#0f2217,#0f2217,#0f2217,#0f2217,#0f2217,#0f2217,#0f2217,#0f2217,#0f2217,#050e07,#c3e9c3,#8cdb75,#050e07,#0f2217,#0f2217,#0f2217,#050e07,#050e07,#0f2217,#0f2217,#0f2217,#050e07,#c3e9c3,#8cdb75,#050e07,#0f2217,#0f2217,#0f2217,#050e07,#050e07,#0f2217,#0f2217,#0f2217,#050e07,#c3e9c3,#84c764,#050e07,#0f2217,#0f2217,#0f2217,#0f2217,#fff6c8,#fff6c8,#fff6c8,#fff6c8,#fff6c8,#fff6c8,#fff6c8,#fff6c8,#fff6c8,#fff6c8,#fff6c8,#fff6c8,#0f2217,#0f2217,#2b692b
#7bcf7b,#0f2217,#0f2217,#0f2217,#0a1a12,#0f2217,#0f2217,#0f2217,#0a1a12,#0f2217,#0f2217,#0f2217,#0a1a12,#0f2217,#0f2217,#0f2217,#050e07,#bcdab5,#93d893,#2b4f30,#84c764,#050e07,#0f2217,#050e07,#bcdab5,#bcbd6a,#050e07,#0f2217,#050e07,#bcdab5,#93d893,#448847,#8cdb75,#050e07,#0f2217,#050e07,#bcdab5,#84c764,#050e07,#0f2217,#050e07,#c3e9c3,#93d893,#93d893,#84c764,#050e07,#0f2217,#0f2217,#0a1a12,#fff6c8,#fff6c8,#fff6c8,#fff6c8,#fff6c8,#fff6c8,#fff6c8,#fff6c8,#fff6c8,#fff6c8,#fff6c8,#fff6c8,#0f2217,#0f2217,#2b692b
#7bcf7b,#0f2217,#0f2217,#0f2217,#0f2217,#0f2217,#0f2217,#0f2217,#0f2217,#0f2217,#0f2217,#0f2217,#0f2217,#0f2217,#0f2217,#0f2217,#050e07,#c3e9c3,#93d893,#2b4f30,#84c764,#050e07,#0f2217,#050e07,#bcdab5,#bcbd6a,#050e07,#0f2217,#050e07,#c3e9c3,#93d893,#448847,#8cdb75,#050e07,#0f2217,#050e07,#e7d3ba,#84c764,#050e07,#0f2217,#050e07,#c3e9c3,#448847,#2b4f30,#84c764,#050e07,#0f2217,#0f2217,#0f2217,#0f2217,#fff6c8,#fff6c8,#fff6c8,#fff6c8,#fff6c8,#fff6c8,#fff6c8,#fff6c8,#fff6c8,#fff6c8,#0f2217,#0f2217,#0f2217,#2b692b
#7bcf7b,#0f2217,#0f2217,#0f2217,#0f2217,#0f2217,#0f2217,#0f2217,#0f2217,#0f2217,#0f2217,#0f2217,#0f2217,#0f2217,#0f2217,#0f2217,#050e07,#c3e9c3,#448847,#2b4f30,#84c764,#050e07,#0f2217,#050e07,#e7d3ba,#bcbd6a,#050e07,#0f2217,#050e07,#c3e9c3,#93d893,#448847,#8cdb75,#050e07,#0f2217,#050e07,#d4af84,#bcbd6a,#050e07,#0f2217,#050e07,#c3e9c3,#93d893,#448847,#8cdb75,#050e07,#0f2217,#0f2217,#0f2217,#0f2217,#fff6c8,#fff6c8,#fff6c8,#fff6c8,#fff6c8,#fff6c8,#fff6c8,#fff6c8,#fff6c8,#fff6c8,#0f2217,#0f2217,#0f2217,#2b692b
#7bcf7b,#0f2217,#142a1c,#0f2217,#0f2217,#0f2217,#142a1c,#0f2217,#0f2217,#0f2217,#142a1c,#0f2217,#0f2217,#0f2217,#142a1c,#0f2217,#050e07,#c3e9c3,#448847,#2b4f30,#84c764,#050e07,#050e07,#bcdab5,#d4af84,#4f3827,#84c764,#050e07,#c08aff,#c3e9c3,#93d893,#448847,#8cdb75,#050e07,#050e07,#e7d3ba,#d4af84,#4f3827,#84c764,#050e07,#050e07,#c3e9c3,#93d893,#448847,#8cdb75,#050e07,#142a1c,#0f2217,#0f2217,#0f2217,#142a1c,#fff6c8,#fff6c8,#fff6c8,#fff6c8,#fff6c8,#fff6c8,#fff6c8,#fff6c8,#0f2217,#0f2217,#0f2217,#142a1c,#2b692b
#7bcf7b,#0f2217,#0f2217,#0f2217,#0f2217,#0f2217,#0f2217,#0f2217,#0f2217,#0f2217,#0f2217,#0f2217,#0f2217,#0f2217,#0f2217,#0f2217,#050e07,#c3e9c3,#93d893,#448847,#8cdb75,#050e07,#050e07,#bcdab5,#d4af84,#4f3827,#84c764,#c08aff,#ffd23a,#c08aff,#93d893,#448847,#8cdb75,#050e07,#050e07,#e7d3ba,#d4af84,#866038,#bcbd6a,#050e07,#050e07,#c3e9c3,#448847,#448847,#448847,#8cdb75,#050e07,#c08aff,#0f2217,#0f2217,#0f2217,#0f2217,#0f2217,#fff6c8,#fff6c8,#fff6c8,#fff6c8,#0f2217,#0f2217,#0f2217,#0f2217,#0f2217,#0f2217,#2b692b
#7bcf7b,#0f2217,#142a1c,#0f2217,#142a1c,#0f2217,#142a1c,#0f2217,#142a1c,#0f2217,#142a1c,#0f2217,#142a1c,#0f2217,#142a1c,#050e07,#bcdab5,#93d893,#448847,#448847,#2b4f30,#84c764,#050e07,#e7d3ba,#d4af84,#866038,#bcbd6a,#050e07,#c08aff,#93d893,#448847,#448847,#2b4f30,#84c764,#050e07,#e7d3ba,#866038,#866038,#bcbd6a,#050e07,#bcdab5,#93d893,#2b4f30,#2b4f30,#2b4f30,#8cdb75,#c08aff,#ffd23a,#c08aff,#050e07,#142a1c,#0f2217,#142a1c,#0f2217,#142a1c,#0f2217,#142a1c,#0f2217,#142a1c,#0f2217,#142a1c,#0f2217,#142a1c,#2b692b
#7bcf7b,#142a1c,#0f2217,#0f2217,#0f2217,#142a1c,#0f2217,#0f2217,#0f2217,#142a1c,#0f2217,#0f2217,#0f2217,#142a1c,#0f2217,#050e07,#ff6a9a,#8cdb75,#2b4f30,#2b4f30,#2b4f30,#60c560,#e7d3ba,#d4af84,#4f3827,#4f3827,#4f3827,#e7d3ba,#93d893,#93d893,#2b4f30,#2b4f30,#2b4f30,#4f9e3d,#bcdab5,#d4af84,#4f3827,#4f3827,#4f3827,#bcdab5,#87bd7b,#93d893,#abafb3,#abafb3,#abafb3,#abafb3,#bcdab5,#c08aff,#bcdab5,#84c764,#050e07,#0f2217,#0f2217,#142a1c,#0f2217,#0f2217,#0f2217,#142a1c,#0f2217,#0f2217,#0f2217,#142a1c,#0f2217,#2b692b
#7bcf7b,#0f2217,#142a1c,#0f2217,#142a1c,#0f2217,#142a1c,#0f2217,#142a1c,#0f2217,#142a1c,#0f2217,#142a1c,#0f2217,#142a1c,#ff6a9a,#ffd23a,#ff6a9a,#9ebd8d,#abafb3,#abafb3,#d0d3d4,#d0d3d4,#abafb3,#abafb3,#abafb3,#abafb3,#abafb3,#abafb3,#abafb3,#abafb3,#abafb3,#abafb3,#4f9e3d,#d0d3d4,#d0d3d4,#abafb3,#abafb3,#abafb3,#abafb3,#abafb3,#abafb3,#abafb3,#abafb3,#5c6067,#383842,#87bd7b,#d0d3d4,#84c764,#050e07,#142a1c,#0f2217,#142a1c,#0f2217,#142a1c,#0f2217,#142a1c,#0f2217,#142a1c,#0f2217,#142a1c,#0f2217,#142a1c,#2b692b
#7bcf7b,#142a1c,#0f2217,#142a1c,#0f2217,#142a1c,#0f2217,#142a1c,#0f2217,#142a1c,#0f2217,#142a1c,#0f2217,#142a1c,#0f2217,#142a1c,#ff6a9a,#142a1c,#050e07,#9ebd8d,#d0d3d4,#d0d3d4,#abafb3,#abafb3,#abafb3,#abafb3,#abafb3,#abafb3,#abafb3,#abafb3,#abafb3,#5c6067,#383842,#4f9e3d,#d0d3d4,#abafb3,#abafb3,#abafb3,#abafb3,#abafb3,#abafb3,#abafb3,#abafb3,#abafb3,#5c6067,#383842,#87bd7b,#9ebd8d,#050e07,#142a1c,#0f2217,#142a1c,#0f2217,#142a1c,#0f2217,#142a1c,#0f2217,#142a1c,#0f2217,#142a1c,#0f2217,#142a1c,#0f2217,#2b692b
#7bcf7b,#142a1c,#142a1c,#0f2217,#142a1c,#142a1c,#142a1c,#0f2217,#142a1c,#142a1c,#142a1c,#0f2217,#142a1c,#142a1c,#142a1c,#0f2217,#142a1c,#142a1c,#142a1c,#050e07,#d0d3d4,#abafb3,#abafb3,#838a8f,#abafb3,#838a8f,#abafb3,#838a8f,#abafb3,#838a8f,#abafb3,#838a8f,#d0d3d4,#d0d3d4,#abafb3,#abafb3,#abafb3,#838a8f,#abafb3,#838a8f,#abafb3,#838a8f,#5c6067,#838a8f,#5c6067,#383842,#87bd7b,#9ebd8d,#050e07,#142a1c,#142a1c,#0f2217,#142a1c,#142a1c,#142a1c,#0f2217,#142a1c,#142a1c,#142a1c,#0f2217,#142a1c,#142a1c,#142a1c,#2b692b
#7bcf7b,#142a1c,#0f2217,#142a1c,#0f2217,#142a1c,#0f2217,#142a1c,#0f2217,#142a1c,#0f2217,#142a1c,#0f2217,#142a1c,#0f2217,#142a1c,#0f2217,#142a1c,#0f2217,#050e07,#9ebd8d,#5c6067,#838a8f,#838a8f,#838a8f,#abafb3,#838a8f,#838a8f,#838a8f,#abafb3,#838a8f,#abafb3,#abafb3,#abafb3,#838a8f,#abafb3,#838a8f,#abafb3,#838a8f,#838a8f,#838a8f,#5c6067,#838a8f,#5c6067,#5c6067,#383842,#84c764,#050e07,#0f2217,#142a1c,#0f2217,#142a1c,#0f2217,#142a1c,#0f2217,#142a1c,#0f2217,#142a1c,#0f2217,#142a1c,#0f2217,#142a1c,#0f2217,#2b692b
#7bcf7b,#142a1c,#142a1c,#142a1c,#142a1c,#142a1c,#142a1c,#142a1c,#142a1c,#142a1c,#142a1c,#142a1c,#142a1c,#142a1c,#142a1c,#142a1c,#142a1c,#142a1c,#142a1c,#142a1c,#050e07,#9ebd8d,#abafb3,#838a8f,#abafb3,#838a8f,#838a8f,#838a8f,#838a8f,#838a8f,#abafb3,#abafb3,#838a8f,#838a8f,#838a8f,#838a8f,#abafb3,#838a8f,#838a8f,#838a8f,#5c6067,#838a8f,#5c6067,#5c6067,#5c6067,#9ebd8d,#050e07,#142a1c,#142a1c,#142a1c,#142a1c,#142a1c,#142a1c,#142a1c,#142a1c,#142a1c,#142a1c,#142a1c,#142a1c,#142a1c,#142a1c,#142a1c,#142a1c,#2b692b
#7bcf7b,#142a1c,#0f2217,#142a1c,#0f2217,#142a1c,#0f2217,#142a1c,#0f2217,#142a1c,#0f2217,#142a1c,#0f2217,#142a1c,#0f2217,#142a1c,#0f2217,#142a1c,#0f2217,#142a1c,#0f2217,#050e07,#d0d3d4,#abafb3,#838a8f,#838a8f,#838a8f,#838a8f,#838a8f,#abafb3,#abafb3,#838a8f,#838a8f,#838a8f,#838a8f,#838a8f,#838a8f,#838a8f,#838a8f,#5c6067,#838a8f,#5c6067,#5c6067,#5c6067,#383842,#9ebd8d,#050e07,#142a1c,#0f2217,#142a1c,#0f2217,#142a1c,#0f2217,#142a1c,#0f2217,#142a1c,#0f2217,#142a1c,#0f2217,#142a1c,#0f2217,#142a1c,#0f2217,#2b692b
#7bcf7b,#142a1c,#142a1c,#142a1c,#142a1c,#142a1c,#142a1c,#142a1c,#142a1c,#142a1c,#142a1c,#142a1c,#142a1c,#142a1c,#142a1c,#142a1c,#142a1c,#142a1c,#142a1c,#142a1c,#48693f,#050e07,#9ebd8d,#5c6067,#5c6067,#838a8f,#838a8f,#838a8f,#abafb3,#abafb3,#838a8f,#838a8f,#838a8f,#838a8f,#838a8f,#838a8f,#838a8f,#838a8f,#5c6067,#838a8f,#5c6067,#abafb3,#5c6067,#383842,#9ebd8d,#050e07,#48693f,#142a1c,#48693f,#142a1c,#142a1c,#142a1c,#142a1c,#142a1c,#142a1c,#142a1c,#142a1c,#142a1c,#142a1c,#142a1c,#142a1c,#142a1c,#142a1c,#2b692b
#7bcf7b,#142a1c,#142a1c,#142a1c,#142a1c,#142a1c,#142a1c,#142a1c,#142a1c,#142a1c,#142a1c,#142a1c,#142a1c,#142a1c,#142a1c,#142a1c,#142a1c,#142a1c,#142a1c,#142a1c,#142a1c,#48693f,#050e07,#9ebd8d,#abafb3,#5c6067,#838a8f,#abafb3,#abafb3,#838a8f,#838a8f,#838a8f,#838a8f,#838a8f,#838a8f,#5c6067,#838a8f,#5c6067,#838a8f,#5c6067,#abafb3,#5c6067,#5c6067,#9ebd8d,#050e07,#142a1c,#142a1c,#142a1c,#142a1c,#142a1c,#142a1c,#142a1c,#142a1c,#142a1c,#142a1c,#142a1c,#142a1c,#142a1c,#142a1c,#142a1c,#142a1c,#142a1c,#142a1c,#2b692b
#7bcf7b,#142a1c,#142a1c,#142a1c,#142a1c,#142a1c,#142a1c,#142a1c,#142a1c,#142a1c,#142a1c,#142a1c,#142a1c,#142a1c,#142a1c,#142a1c,#142a1c,#142a1c,#48693f,#142a1c,#48693f,#142a1c,#48693f,#050e07,#d0d3d4,#abafb3,#5c6067,#abafb3,#5c6067,#838a8f,#5c6067,#838a8f,#5c6067,#838a8f,#5c6067,#838a8f,#5c6067,#838a8f,#5c6067,#abafb3,#5c6067,#5c6067,#383842,#9ebd8d,#050e07,#142a1c,#48693f,#142a1c,#142a1c,#142a1c,#142a1c,#142a1c,#142a1c,#142a1c,#142a1c,#142a1c,#142a1c,#142a1c,#142a1c,#142a1c,#142a1c,#142a1c,#142a1c,#2b692b
#7bcf7b,#142a1c,#142a1c,#142a1c,#142a1c,#142a1c,#142a1c,#142a1c,#142a1c,#142a1c,#142a1c,#142a1c,#142a1c,#142a1c,#142a1c,#142a1c,#142a1c,#142a1c,#142a1c,#142a1c,#142a1c,#142a1c,#142a1c,#050e07,#9ebd8d,#5c6067,#abafb3,#5c6067,#838a8f,#5c6067,#838a8f,#5c6067,#838a8f,#5c6067,#838a8f,#5c6067,#5c6067,#5c6067,#5c6067,#5c6067,#5c6067,#383842,#9ebd8d,#050e07,#142a1c,#142a1c,#142a1c,#142a1c,#142a1c,#142a1c,#142a1c,#142a1c,#142a1c,#142a1c,#142a1c,#142a1c,#142a1c,#142a1c,#142a1c,#142a1c,#142a1c,#142a1c,#142a1c,#2b692b
#7bcf7b,#142a1c,#193221,#142a1c,#193221,#142a1c,#193221,#142a1c,#193221,#142a1c,#193221,#142a1c,#193221,#142a1c,#193221,#142a1c,#4c6f43,#142a1c,#4c6f43,#142a1c,#4c6f43,#142a1c,#4c6f43,#142a1c,#050e07,#9ebd8d,#5c6067,#5c6067,#5c6067,#5c6067,#5c6067,#5c6067,#5c6067,#5c6067,#5c6067,#5c6067,#5c6067,#383842,#ff9a3a,#9ebd8d,#9ebd8d,#9ebd8d,#050e07,#142a1c,#4c6f43,#142a1c,#4c6f43,#142a1c,#4c6f43,#142a1c,#193221,#142a1c,#193221,#142a1c,#193221,#142a1c,#193221,#142a1c,#193221,#142a1c,#193221,#142a1c,#193221,#2b692b
#7bcf7b,#193221,#142a1c,#142a1c,#142a1c,#193221,#142a1c,#142a1c,#142a1c,#193221,#142a1c,#142a1c,#142a1c,#193221,#142a1c,#142a1c,#142a1c,#193221,#142a1c,#142a1c,#142a1c,#4c6f43,#142a1c,#48693f,#142a1c,#050e07,#9ebd8d,#9ebd8d,#9ebd8d,#9ebd8d,#383842,#383842,#383842,#383842,#383842,#383842,#383842,#ff9a3a,#ffd23a,#ff9a3a,#050e07,#050e07,#142a1c,#48693f,#142a1c,#4c6f43,#142a1c,#142a1c,#142a1c,#193221,#142a1c,#142a1c,#142a1c,#193221,#142a1c,#142a1c,#142a1c,#193221,#142a1c,#142a1c,#142a1c,#193221,#142a1c,#2b692b
#7bcf7b,#142a1c,#193221,#142a1c,#193221,#142a1c,#193221,#142a1c,#193221,#142a1c,#193221,#142a1c,#193221,#142a1c,#193221,#142a1c,#193221,#142a1c,#4c6f43,#142a1c,#4c6f43,#142a1c,#4c6f43,#142a1c,#4c6f43,#142a1c,#050e07,#050e07,#050e07,#050e07,#d0c5b0,#ab9772,#ab9772,#ab9772,#836630,#ab9772,#ab9772,#9eab5d,#ff9a3a,#48693f,#4c6f43,#142a1c,#4c6f43,#142a1c,#4c6f43,#142a1c,#4c6f43,#142a1c,#193221,#142a1c,#193221,#142a1c,#193221,#142a1c,#193221,#142a1c,#193221,#142a1c,#193221,#142a1c,#193221,#142a1c,#193221,#2b692b
#7bcf7b,#142a1c,#142a1c,#193221,#142a1c,#142a1c,#142a1c,#193221,#142a1c,#142a1c,#142a1c,#193221,#142a1c,#142a1c,#142a1c,#193221,#142a1c,#142a1c,#142a1c,#193221,#142a1c,#142a1c,#142a1c,#4c6f43,#142a1c,#48693f,#142a1c,#4c6f43,#142a1c,#050e07,#d0c5b0,#ab9772,#ab9772,#ab9772,#ab9772,#ab9772,#5c4726,#9eab5d,#050e07,#4c6f43,#142a1c,#48693f,#142a1c,#4c6f43,#142a1c,#142a1c,#142a1c,#193221,#142a1c,#142a1c,#142a1c,#193221,#142a1c,#142a1c,#142a1c,#193221,#142a1c,#142a1c,#142a1c,#193221,#142a1c,#142a1c,#142a1c,#2b692b
#7bcf7b,#193221,#193221,#142a1c,#193221,#193221,#193221,#142a1c,#193221,#193221,#193221,#142a1c,#193221,#193221,#193221,#142a1c,#4c6f43,#193221,#4c6f43,#142a1c,#4c6f43,#193221,#4c6f43,#142a1c,#4c6f43,#4c6f43,#4c6f43,#48693f,#4c6f43,#050e07,#ab9772,#836630,#836630,#5c4726,#5c4726,#836630,#5c4726,#9eab5d,#050e07,#48693f,#4c6f43,#4c6f43,#4c6f43,#142a1c,#4c6f43,#193221,#4c6f43,#142a1c,#4c6f43,#193221,#193221,#142a1c,#193221,#193221,#193221,#142a1c,#193221,#193221,#193221,#142a1c,#193221,#193221,#193221,#2b692b
#7bcf7b,#193221,#142a1c,#193221,#142a1c,#193221,#142a1c,#193221,#142a1c,#193221,#142a1c,#193221,#142a1c,#193221,#142a1c,#193221,#142a1c,#193221,#142a1c,#193221,#142a1c,#4c6f43,#142a1c,#4c6f43,#142a1c,#4c6f43,#142a1c,#4c6f43,#48693f,#050e07,#d0c5b0,#ab9772,#836630,#ab9772,#836630,#5c4726,#382a1d,#9eab5d,#050e07,#4c6f43,#142a1c,#4c6f43,#142a1c,#4c6f43,#142a1c,#4c6f43,#142a1c,#193221,#142a1c,#193221,#142a1c,#193221,#142a1c,#193221,#142a1c,#193221,#142a1c,#193221,#142a1c,#193221,#142a1c,#193221,#142a1c,#2b692b
#7bcf7b,#142a1c,#193221,#193221,#193221,#142a1c,#193221,#193221,#193221,#142a1c,#193221,#193221,#193221,#142a1c,#193221,#193221,#193221,#142a1c,#4c6f43,#193221,#4c6f43,#142a1c,#4c6f43,#193221,#4c6f43,#142a1c,#4c6f43,#4c6f43,#4c6f43,#050e07,#d0c5b0,#ab9772,#ab9772,#836630,#5c4726,#836630,#5c4726,#9eab5d,#050e07,#4c6f43,#4c6f43,#142a1c,#4c6f43,#193221,#4c6f43,#142a1c,#4c6f43,#193221,#193221,#142a1c,#193221,#193221,#193221,#142a1c,#193221,#193221,#193221,#142a1c,#193221,#193221,#193221,#142a1c,#193221,#2b692b
#7bcf7b,#193221,#142a1c,#193221,#142a1c,#193221,#142a1c,#193221,#142a1c,#193221,#142a1c,#193221,#142a1c,#193221,#142a1c,#193221,#142a1c,#193221,#142a1c,#193221,#142a1c,#193221,#142a1c,#4c6f43,#142a1c,#4c6f43,#142a1c,#4c6f43,#142a1c,#050e07,#d0c5b0,#ab9772,#836630,#836630,#836630,#382a1d,#5c4726,#9eab5d,#050e07,#4c6f43,#142a1c,#4c6f43,#142a1c,#4c6f43,#142a1c,#193221,#142a1c,#193221,#142a1c,#193221,#142a1c,#193221,#142a1c,#193221,#142a1c,#193221,#142a1c,#193221,#142a1c,#193221,#142a1c,#193221,#142a1c,#2b692b
#7bcf7b,#193221,#193221,#193221,#193221,#193221,#193221,#193221,#193221,#193221,#193221,#193221,#193221,#193221,#193221,#193221,#4c6f43,#193221,#4c6f43,#193221,#4c6f43,#193221,#4c6f43,#193221,#4c6f43,#4c6f43,#4c6f43,#4c6f43,#4c6f43,#050e07,#d0c5b0,#ab9772,#ab9772,#836630,#5c4726,#836630,#5c4726,#9eab5d,#050e07,#4c6f43,#4c6f43,#4c6f43,#4c6f43,#193221,#4c6f43,#193221,#4c6f43,#193221,#4c6f43,#193221,#193221,#193221,#193221,#193221,#193221,#193221,#193221,#193221,#193221,#193221,#193221,#193221,#193221,#2b692b
#7bcf7b,#193221,#193221,#193221,#193221,#193221,#193221,#193221,#193221,#193221,#193221,#193221,#193221,#193221,#193221,#193221,#193221,#193221,#193221,#193221,#193221,#4c6f43,#193221,#4c6f43,#193221,#4c6f43,#193221,#4c6f43,#193221,#050e07,#d0c5b0,#ab9772,#836630,#ab9772,#5c4726,#5c4726,#5c4726,#9eab5d,#050e07,#62a656,#193221,#4c6f43,#193221,#4c6f43,#193221,#4c6f43,#193221,#193221,#193221,#193221,#193221,#193221,#193221,#193221,#193221,#193221,#193221,#193221,#193221,#193221,#193221,#193221,#193221,#2b692b
#7bcf7b,#193221,#193221,#193221,#193221,#193221,#193221,#193221,#193221,#193221,#193221,#193221,#193221,#193221,#193221,#193221,#193221,#193221,#4c6f43,#193221,#4c6f43,#193221,#4c6f43,#193221,#4c6f43,#193221,#4c6f43,#4c6f43,#62a656,#050e07,#d0c5b0,#ab9772,#ab9772,#836630,#5c4726,#836630,#5c4726,#9eab5d,#050e07,#39833d,#62a656,#39833d,#62a656,#193221,#4c6f43,#193221,#4c6f43,#193221,#193221,#193221,#193221,#193221,#193221,#193221,#193221,#193221,#193221,#193221,#193221,#193221,#193221,#193221,#193221,#2b692b
#7bcf7b,#193221,#193221,#193221,#193221,#193221,#193221,#193221,#193221,#193221,#193221,#193221,#193221,#193221,#193221,#193221,#193221,#193221,#193221,#193221,#193221,#193221,#193221,#4c6f43,#193221,#4c6f43,#193221,#62a656,#39833d,#050e07,#ab9772,#836630,#5c4726,#5c4726,#836630,#5c4726,#5c4726,#9eab5d,#050e07,#62a656,#39833d,#39833d,#39833d,#62a656,#39833d,#193221,#193221,#193221,#193221,#193221,#193221,#193221,#193221,#193221,#193221,#193221,#193221,#193221,#193221,#193221,#193221,#193221,#193221,#2b692b
#7bcf7b,#193221,#1e3a26,#193221,#1e3a26,#193221,#1e3a26,#193221,#1e3a26,#193221,#1e3a26,#193221,#1e3a26,#193221,#1e3a26,#193221,#1e3a26,#193221,#1e3a26,#193221,#4f7446,#193221,#4f7446,#193221,#4f7446,#39833d,#62a656,#39833d,#62a656,#050e07,#d0c5b0,#ab9772,#ab9772,#836630,#5c4726,#836630,#382a1d,#9eab5d,#050e07,#39833d,#62a656,#39833d,#62a656,#39833d,#62a656,#39833d,#62a656,#193221,#4f7446,#193221,#1e3a26,#193221,#1e3a26,#193221,#1e3a26,#193221,#1e3a26,#193221,#1e3a26,#193221,#1e3a26,#193221,#1e3a26,#2b692b
#7bcf7b,#193221,#193221,#193221,#193221,#193221,#193221,#193221,#193221,#193221,#193221,#193221,#193221,#193221,#193221,#193221,#193221,#193221,#193221,#193221,#193221,#193221,#193221,#193221,#39833d,#62a656,#39833d,#62a656,#39833d,#050e07,#d0c5b0,#ab9772,#836630,#ab9772,#836630,#5c4726,#5c4726,#9eab5d,#050e07,#62a656,#39833d,#62a656,#39833d,#39833d,#39833d,#39833d,#39833d,#39833d,#39833d,#193221,#193221,#193221,#193221,#193221,#193221,#193221,#193221,#193221,#193221,#193221,#39833d,#39833d,#39833d,#2b692b
#7bcf7b,#39833d,#39833d,#193221,#1e3a26,#193221,#1e3a26,#193221,#1e3a26,#193221,#1e3a26,#193221,#1e3a26,#193221,#1e3a26,#193221,#1e3a26,#193221,#1e3a26,#193221,#1e3a26,#193221,#62a656,#39833d,#62a656,#39833d,#62a656,#39833d,#62a656,#050e07,#d0c5b0,#ab9772,#ab9772,#836630,#5c4726,#5c4726,#5c4726,#9eab5d,#050e07,#39833d,#62a656,#39833d,#62a656,#39833d,#39833d,#39833d,#62a656,#39833d,#39833d,#39833d,#39833d,#39833d,#39833d,#39833d,#39833d,#39833d,#39833d,#39833d,#39833d,#39833d,#39833d,#39833d,#39833d,#2b692b
#7bcf7b,#3f973d,#3f973d,#3f973d,#39833d,#39833d,#39833d,#1e3a26,#193221,#193221,#193221,#1e3a26,#193221,#193221,#193221,#1e3a26,#193221,#193221,#193221,#1e3a26,#39833d,#39833d,#39833d,#39833d,#39833d,#39833d,#39833d,#62a656,#39833d,#050e07,#d0c5b0,#ab9772,#836630,#836630,#836630,#5c4726,#5c4726,#9eab5d,#050e07,#62a656,#39833d,#39833d,#39833d,#39833d,#39833d,#39833d,#39833d,#39833d,#39833d,#39833d,#39833d,#39833d,#39833d,#39833d,#39833d,#39833d,#39833d,#39833d,#39833d,#39833d,#39833d,#39833d,#39833d,#2b692b
#7bcf7b,#3f973d,#3f973d,#3f973d,#3f973d,#3f973d,#39833d,#39833d,#39833d,#39833d,#1e3a26,#193221,#1e3a26,#193221,#1e3a26,#193221,#1e3a26,#193221,#39833d,#39833d,#62a656,#39833d,#62a656,#39833d,#62a656,#39833d,#62a656,#39833d,#62a656,#050e07,#d0c5b0,#ab9772,#ab9772,#836630,#382a1d,#836630,#5c4726,#9eab5d,#050e07,#39833d,#62a656,#39833d,#62a656,#39833d,#62a656,#39833d,#39833d,#39833d,#39833d,#39833d,#39833d,#39833d,#39833d,#39833d,#39833d,#39833d,#39833d,#39833d,#39833d,#39833d,#3f973d,#3f973d,#3f973d,#2b692b
#7bcf7b,#3f973d,#3f973d,#3f973d,#3f973d,#3f973d,#3f973d,#3f973d,#39833d,#39833d,#39833d,#39833d,#39833d,#39833d,#39833d,#39833d,#39833d,#39833d,#39833d,#39833d,#39833d,#39833d,#39833d,#39833d,#39833d,#39833d,#39833d,#39833d,#39833d,#050e07,#d0c5b0,#ab9772,#836630,#ab9772,#836630,#5c4726,#5c4726,#9eab5d,#050e07,#39833d,#39833d,#3f973d,#3f973d,#3f973d,#3f973d,#3f973d,#3f973d,#3f973d,#3f973d,#3f973d,#39833d,#39833d,#39833d,#39833d,#39833d,#39833d,#39833d,#3f973d,#3f973d,#3f973d,#3f973d,#3f973d,#3f973d,#2b692b
#7bcf7b,#3f973d,#3f973d,#3f973d,#3f973d,#3f973d,#3f973d,#3f973d,#3f973d,#3f973d,#3f973d,#39833d,#39833d,#39833d,#39833d,#3f973d,#3f973d,#3f973d,#3f973d,#3f973d,#3f973d,#3f973d,#3f973d,#3f973d,#39833d,#39833d,#62a656,#39833d,#62a656,#050e07,#ab9772,#836630,#836630,#5c4726,#5c4726,#836630,#5c4726,#9eab5d,#050e07,#3f973d,#3f973d,#3f973d,#66b356,#3f973d,#3f973d,#3f973d,#3f973d,#3f973d,#3f973d,#3f973d,#3f973d,#3f973d,#3f973d,#3f973d,#3f973d,#3f973d,#3f973d,#3f973d,#3f973d,#3f973d,#3f973d,#3f973d,#3f973d,#2b692b
#7bcf7b,#3f973d,#3f973d,#3f973d,#3f973d,#3f973d,#3f973d,#3f973d,#3f973d,#3f973d,#3f973d,#3f973d,#3f973d,#3f973d,#3f973d,#3f973d,#3f973d,#3f973d,#3f973d,#3f973d,#3f973d,#3f973d,#3f973d,#3f973d,#3f973d,#3f973d,#39833d,#39833d,#39833d,#050e07,#d0c5b0,#ab9772,#836630,#836630,#836630,#5c4726,#382a1d,#9eab5d,#050e07,#3f973d,#3f973d,#3f973d,#3f973d,#3f973d,#3f973d,#3f973d,#3f973d,#3f973d,#3f973d,#3f973d,#3f973d,#3f973d,#3f973d,#3f973d,#3f973d,#3f973d,#3f973d,#3f973d,#3f973d,#3f973d,#3f973d,#3f973d,#3f973d,#2b692b
#7bcf7b,#3f973d,#3f973d,#3f973d,#3f973d,#3f973d,#3f973d,#3f973d,#3f973d,#3f973d,#3f973d,#3f973d,#3f973d,#3f973d,#3f973d,#3f973d,#3f973d,#3f973d,#3f973d,#3f973d,#3f973d,#3f973d,#3f973d,#3f973d,#3f973d,#3f973d,#3f973d,#39833d,#62a656,#050e07,#d0c5b0,#ab9772,#ab9772,#836630,#5c4726,#836630,#5c4726,#9eab5d,#050e07,#3f973d,#66b356,#3f973d,#3f973d,#3f973d,#3f973d,#3f973d,#3f973d,#3f973d,#3f973d,#3f973d,#3f973d,#3f973d,#3f973d,#3f973d,#3f973d,#3f973d,#3f973d,#3f973d,#3f973d,#3f973d,#3f973d,#3f973d,#3f973d,#2b692b
#7bcf7b,#3f973d,#3f973d,#3f973d,#3f973d,#3f973d,#3f973d,#3f973d,#3f973d,#3f973d,#3f973d,#3f973d,#3f973d,#3f973d,#3f973d,#3f973d,#3f973d,#3f973d,#3f973d,#3f973d,#3f973d,#3f973d,#3f973d,#3f973d,#3f973d,#3f973d,#3f973d,#3f973d,#3f973d,#050e07,#d0c5b0,#ab9772,#836630,#ab9772,#836630,#382a1d,#5c4726,#9eab5d,#050e07,#3f973d,#3f973d,#3f973d,#3f973d,#3f973d,#3f973d,#3f973d,#3f973d,#3f973d,#3f973d,#3f973d,#3f973d,#3f973d,#3f973d,#3f973d,#3f973d,#3f973d,#3f973d,#3f973d,#3f973d,#3f973d,#3f973d,#3f973d,#3f973d,#2b692b
#7bcf7b,#3f973d,#3f973d,#3f973d,#3f973d,#3f973d,#3f973d,#3f973d,#3f973d,#3f973d,#3f973d,#3f973d,#3f973d,#3f973d,#3f973d,#3f973d,#3f973d,#3f973d,#3f973d,#3f973d,#3f973d,#3f973d,#3f973d,#3f973d,#3f973d,#3f973d,#3f973d,#3f973d,#3f973d,#050e07,#d0c5b0,#ab9772,#ab9772,#836630,#5c4726,#836630,#5c4726,#9eab5d,#050e07,#3f973d,#3f973d,#3f973d,#3f973d,#3f973d,#3f973d,#3f973d,#3f973d,#3f973d,#3f973d,#3f973d,#3f973d,#3f973d,#3f973d,#3f973d,#3f973d,#3f973d,#0a0612,#3f973d,#3f973d,#3f973d,#3f973d,#3f973d,#3f973d,#2b692b
#7bcf7b,#1f3a1a,#1f3a1a,#1f3a1a,#1f3a1a,#1f3a1a,#1f3a1a,#1f3a1a,#1f3a1a,#1f3a1a,#1f3a1a,#ff8ab0,#1f3a1a,#1f3a1a,#1f3a1a,#1f3a1a,#1f3a1a,#1f3a1a,#4fbf4f,#1f3a1a,#1f3a1a,#1f3a1a,#1f3a1a,#ff8ab0,#4fbf4f,#1f3a1a,#1f3a1a,#1f3a1a,#1f3a1a,#050e07,#d0c5b0,#ab9772,#836630,#836630,#5c4726,#5c4726,#5c4726,#9eab5d,#050e07,#1f3a1a,#1f3a1a,#1f3a1a,#1f3a1a,#1f3a1a,#4fbf4f,#ffe066,#1f3a1a,#1f3a1a,#1f3a1a,#1f3a1a,#ff8ab0,#1f3a1a,#4fbf4f,#0a0612,#0a0612,#0a0612,#374359,#0a0612,#0a0612,#0a0612,#1f3a1a,#1f3a1a,#1f3a1a,#2b692b
#7bcf7b,#ff8ab0,#1f3a1a,#1f3a1a,#1f3a1a,#1f3a1a,#4fbf4f,#1f3a1a,#1f3a1a,#1f3a1a,#1f3a1a,#1f3a1a,#4fbf4f,#1f3a1a,#1f3a1a,#1f3a1a,#1f3a1a,#1f3a1a,#1f3a1a,#1f3a1a,#1f3a1a,#1f3a1a,#1f3a1a,#1f3a1a,#1f3a1a,#1f3a1a,#1f3a1a,#4fbf4f,#1f3a1a,#050e07,#d0c5b0,#ab9772,#ab9772,#836630,#5c4726,#836630,#5c4726,#9eab5d,#050e07,#4fbf4f,#1f3a1a,#1f3a1a,#ffe066,#1f3a1a,#1f3a1a,#1f3a1a,#1f3a1a,#1f3a1a,#1f3a1a,#4fbf4f,#1f3a1a,#1f3a1a,#0a0612,#374359,#374359,#374359,#9fd0ff,#9fd0ff,#374359,#374359,#0a0612,#1f3a1a,#1f3a1a,#2b692b
#7bcf7b,#1f3a1a,#1f3a1a,#1f3a1a,#1f3a1a,#1f3a1a,#1f3a1a,#1f3a1a,#1f3a1a,#1f3a1a,#ffe066,#4fbf4f,#1f3a1a,#1f3a1a,#1f3a1a,#1f3a1a,#4fbf4f,#ff8ab0,#1f3a1a,#1f3a1a,#ffe066,#1f3a1a,#1f3a1a,#1f3a1a,#1f3a1a,#1f3a1a,#ffe066,#1f3a1a,#ff8ab0,#050e07,#ab9772,#836630,#5c4726,#836630,#836630,#5c4726,#5c4726,#9eab5d,#050e07,#4fbf4f,#1f3a1a,#1f3a1a,#4fbf4f,#1f3a1a,#1f3a1a,#1f3a1a,#1f3a1a,#1f3a1a,#4fbf4f,#1f3a1a,#1f3a1a,#0a0612,#374359,#374359,#374359,#374359,#9fd0ff,#9fd0ff,#374359,#374359,#374359,#0a0612,#1f3a1a,#2b692b
#7bcf7b,#1f3a1a,#4fbf4f,#1f3a1a,#1f3a1a,#1f3a1a,#1f3a1a,#1f3a1a,#1f3a1a,#1f3a1a,#ffe066,#4fbf4f,#4fbf4f,#ffe066,#1f3a1a,#1f3a1a,#ffe066,#1f3a1a,#4fbf4f,#1f3a1a,#1f3a1a,#1f3a1a,#1f3a1a,#1f3a1a,#1f3a1a,#4fbf4f,#1f3a1a,#1f3a1a,#1f3a1a,#050e07,#d0c5b0,#ab9772,#ab9772,#836630,#5c4726,#836630,#382a1d,#9eab5d,#050e07,#1f3a1a,#1f3a1a,#1f3a1a,#1f3a1a,#1f3a1a,#1f3a1a,#1f3a1a,#1f3a1a,#1f3a1a,#1f3a1a,#4fbf4f,#1f3a1a,#0a0612,#9fd0ff,#9fd0ff,#374359,#374359,#9fd0ff,#9fd0ff,#374359,#374359,#9fd0ff,#9fd0ff,#1f3a1a,#2b692b
#7bcf7b,#1f3a1a,#4fbf4f,#1f3a1a,#1f3a1a,#4fbf4f,#1f3a1a,#1f3a1a,#1f3a1a,#ffe066,#1f3a1a,#1f3a1a,#1f3a1a,#1f3a1a,#1f3a1a,#1f3a1a,#4fbf4f,#1f3a1a,#4fbf4f,#1f3a1a,#4fbf4f,#1f3a1a,#1f3a1a,#1f3a1a,#1f3a1a,#1f3a1a,#4fbf4f,#1f3a1a,#1f3a1a,#050e07,#d0c5b0,#ab9772,#836630,#5c4726,#836630,#5c4726,#5c4726,#9eab5d,#050e07,#1f3a1a,#1f3a1a,#1f3a1a,#ff8ab0,#4fbf4f,#4fbf4f,#4fbf4f,#1f3a1a,#1f3a1a,#1f3a1a,#ffe066,#1f3a1a,#0a0612,#9fd0ff,#9fd0ff,#374359,#374359,#9fd0ff,#9fd0ff,#374359,#374359,#9fd0ff,#9fd0ff,#1f3a1a,#2b692b
#7bcf7b,#4fbf4f,#1f3a1a,#1f3a1a,#1f3a1a,#1f3a1a,#1f3a1a,#1f3a1a,#1f3a1a,#1f3a1a,#1f3a1a,#1f3a1a,#1f3a1a,#1f3a1a,#1f3a1a,#1f3a1a,#1f3a1a,#1f3a1a,#ffe066,#4fbf4f,#4fbf4f,#11200e,#11200e,#11200e,#11200e,#11200e,#11200e,#11200e,#11200e,#050e07,#9eab5d,#ab9772,#5c4726,#836630,#5c4726,#5c4726,#5c4726,#9eab5d,#050e07,#2b692b,#11200e,#11200e,#11200e,#2b692b,#2b692b,#ff8ab0,#1f3a1a,#1f3a1a,#4fbf4f,#1f3a1a,#0a0612,#374359,#374359,#374359,#9fd0ff,#9fd0ff,#9fd0ff,#9fd0ff,#9fd0ff,#9fd0ff,#374359,#374359,#0a0612,#2b692b
#7bcf7b,#1f3a1a,#4fbf4f,#4fbf4f,#1f3a1a,#1f3a1a,#1f3a1a,#4fbf4f,#1f3a1a,#4fbf4f,#1f3a1a,#1f3a1a,#1f3a1a,#1f3a1a,#1f3a1a,#1f3a1a,#1f3a1a,#1f3a1a,#1f3a1a,#11200e,#1f3a1a,#11200e,#1f3a1a,#2b692b,#4fbf4f,#11200e,#4fbf4f,#11200e,#1f3a1a,#11200e,#050e07,#d0c5b0,#5c4726,#5c4726,#5c4726,#5c4726,#5c4726,#9eab5d,#050e07,#2b692b,#1f3a1a,#11200e,#1f3a1a,#11200e,#4fbf4f,#11200e,#1f3a1a,#11200e,#ff8ab0,#1f3a1a,#1f3a1a,#0a0612,#374359,#374359,#9fd0ff,#9fd0ff,#9fd0ff,#9fd0ff,#9fd0ff,#9fd0ff,#374359,#0a0612,#4fbf4f,#2b692b
#7bcf7b,#1f3a1a,#1f3a1a,#1f3a1a,#1f3a1a,#1f3a1a,#1f3a1a,#1f3a1a,#1f3a1a,#4fbf4f,#1f3a1a,#1f3a1a,#ffe066,#1f3a1a,#1f3a1a,#1f3a1a,#1f3a1a,#11200e,#11200e,#2b692b,#11200e,#11200e,#11200e,#11200e,#11200e,#11200e,#11200e,#11200e,#11200e,#11200e,#050e07,#9eab5d,#9eab5d,#9eab5d,#9eab5d,#9eab5d,#9eab5d,#9eab5d,#050e07,#11200e,#11200e,#11200e,#11200e,#11200e,#11200e,#11200e,#11200e,#2b692b,#11200e,#1f3a1a,#1f3a1a,#0a0612,#9fd0ff,#9fd0ff,#374359,#374359,#9fd0ff,#9fd0ff,#374359,#374359,#9fd0ff,#9fd0ff,#ffe066,#2b692b
#7bcf7b,#1f3a1a,#1f3a1a,#1f3a1a,#1f3a1a,#1f3a1a,#4fbf4f,#1f3a1a,#1f3a1a,#1f3a1a,#1f3a1a,#1f3a1a,#1f3a1a,#1f3a1a,#1f3a1a,#1f3a1a,#1f3a1a,#1f3a1a,#1f3a1a,#11200e,#1f3a1a,#11200e,#1f3a1a,#11200e,#4fbf4f,#11200e,#1f3a1a,#2b692b,#1f3a1a,#11200e,#4fbf4f,#050e07,#050e07,#050e07,#050e07,#050e07,#050e07,#050e07,#1f3a1a,#11200e,#1f3a1a,#11200e,#1f3a1a,#11200e,#1f3a1a,#2b692b,#1f3a1a,#11200e,#1f3a1a,#1f3a1a,#1f3a1a,#0a0612,#9fd0ff,#9fd0ff,#374359,#374359,#9fd0ff,#9fd0ff,#374359,#374359,#9fd0ff,#9fd0ff,#1f3a1a,#2b692b
#7bcf7b,#4fbf4f,#1f3a1a,#1f3a1a,#1f3a1a,#1f3a1a,#4fbf4f,#1f3a1a,#1f3a1a,#1f3a1a,#4fbf4f,#1f3a1a,#1f3a1a,#ff8ab0,#1f3a1a,#1f3a1a,#1f3a1a,#1f3a1a,#1f3a1a,#ffe066,#1f3a1a,#11200e,#11200e,#11200e,#11200e,#11200e,#8c4c61,#11200e,#11200e,#11200e,#11200e,#11200e,#11200e,#11200e,#11200e,#8c7b38,#11200e,#8c7b38,#11200e,#11200e,#11200e,#2b692b,#11200e,#2b692b,#11200e,#1f3a1a,#ffe066,#1f3a1a,#1f3a1a,#4fbf4f,#1f3a1a,#4fbf4f,#0a0612,#374359,#374359,#374359,#9fd0ff,#9fd0ff,#374359,#374359,#0a0612,#1f3a1a,#1f3a1a,#2b692b
#7bcf7b,#4fbf4f,#1f3a1a,#1f3a1a,#1f3a1a,#1f3a1a,#4fbf4f,#1f3a1a,#1f3a1a,#1f3a1a,#1f3a1a,#1f3a1a,#1f3a1a,#1f3a1a,#1f3a1a,#1f3a1a,#1f3a1a,#1f3a1a,#1f3a1a,#1f3a1a,#1f3a1a,#1f3a1a,#1f3a1a,#4fbf4f,#1f3a1a,#1f3a1a,#1f3a1a,#1f3a1a,#1f3a1a,#1f3a1a,#1f3a1a,#1f3a1a,#ff8ab0,#4fbf4f,#1f3a1a,#1f3a1a,#4fbf4f,#4fbf4f,#1f3a1a,#1f3a1a,#1f3a1a,#1f3a1a,#ff8ab0,#4fbf4f,#1f3a1a,#1f3a1a,#1f3a1a,#1f3a1a,#1f3a1a,#1f3a1a,#1f3a1a,#1f3a1a,#1f3a1a,#0a0612,#0a0612,#0a0612,#9fd0ff,#9fd0ff,#0a0612,#0a0612,#4fbf4f,#1f3a1a,#1f3a1a,#2b692b
#7bcf7b,#1f3a1a,#1f3a1a,#1f3a1a,#1f3a1a,#1f3a1a,#ff8ab0,#4fbf4f,#1f3a1a,#1f3a1a,#4fbf4f,#1f3a1a,#1f3a1a,#1f3a1a,#1f3a1a,#1f3a1a,#1f3a1a,#4fbf4f,#1f3a1a,#4fbf4f,#1f3a1a,#1f3a1a,#1f3a1a,#4fbf4f,#ff8ab0,#1f3a1a,#1f3a1a,#1f3a1a,#4fbf4f,#4fbf4f,#1f3a1a,#ff8ab0,#1f3a1a,#1f3a1a,#4fbf4f,#1f3a1a,#1f3a1a,#1f3a1a,#ffe066,#1f3a1a,#1f3a1a,#4fbf4f,#4fbf4f,#ff8ab0,#4fbf4f,#1f3a1a,#1f3a1a,#1f3a1a,#1f3a1a,#1f3a1a,#1f3a1a,#1f3a1a,#1f3a1a,#4fbf4f,#1f3a1a,#1f3a1a,#0a0612,#1f3a1a,#1f3a1a,#1f3a1a,#4fbf4f,#1f3a1a,#1f3a1a,#2b692b
#7bcf7b,#2b692b,#2b692b,#2b692b,#2b692b,#2b692b,#2b692b,#2b692b,#2b692b,#2b692b,#2b692b,#2b692b,#2b692b,#2b692b,#2b692b,#2b692b,#2b692b,#2b692b,#2b692b,#2b692b,#2b692b,#2b692b,#2b692b,#2b692b,#2b692b,#2b692b,#2b692b,#2b692b,#2b692b,#2b692b,#2b692b,#2b692b,#2b692b,#2b692b,#2b692b,#2b692b,#2b692b,#2b692b,#2b692b,#2b692b,#2b692b,#2b692b,#2b692b,#2b692b,#2b692b,#2b692b,#2b692b,#2b692b,#2b692b,#2b692b,#2b692b,#2b692b,#2b692b,#2b692b,#2b692b,#2b692b,#2b692b,#2b692b,#2b692b,#2b692b,#2b692b,#2b692b,#2b692b,#2b692b
